{ "type": "FeatureCollection", "features": [
{"type":"Feature","geometry":{"type":"MultiPolygon","coordinates":[[[[-73.86077512857382,40.67280562274175],[-73.86038519854728,40.67125171098971],[-73.85947416457977,40.6713805320374],[-73.85855466622876,40.67151814610219],[-73.85763323174372,40.67165619403889],[-73.8573094780505,40.67041623336565],[-73.8572848668308,40.670321989904856],[-73.85726744668646,40.670255294295664],[-73.85724675781796,40.67017405168201],[-73.85722693630146,40.6700962126356],[-73.85684676228357,40.668602935333006],[-73.8567050916025,40.668026439604525],[-73.85667995639089,40.667924159175875],[-73.8564631194297,40.66704176389153],[-73.85618809594054,40.66584655512866],[-73.85611740295737,40.66550938010711],[-73.85568461221035,40.66386749287555],[-73.85611710208867,40.66380840263718],[-73.85659075119855,40.66374715959916],[-73.85753563345148,40.66359786251387],[-73.85842950791304,40.66345336093106],[-73.85811779269261,40.66203657079233],[-73.85802504232093,40.66172105009174],[-73.8579364097796,40.66137443712473],[-73.8576153718558,40.66011893315383],[-73.85851436393638,40.65989894246862],[-73.85938691846947,40.65977271538204],[-73.8603049463005,40.659634655304764],[-73.86118875547496,40.65925462588907],[-73.86174759025212,40.65893835651093],[-73.86317083340404,40.65827651294889],[-73.86269778233539,40.65761830901161],[-73.86243848505259,40.6572575129396],[-73.86216345826713,40.656846624371624],[-73.86098917353912,40.65520976710519],[-73.86086853758908,40.655077806239056],[-73.86061323090257,40.65471947123949],[-73.8605783613639,40.65467532964519],[-73.86054077882585,40.65462399610792],[-73.86049595722871,40.65455882447797],[-73.86001322891096,40.65397342535951],[-73.85991265091621,40.65384023727831],[-73.85902154958957,40.65266017586453],[-73.85722330984366,40.65027867054142],[-73.85664852010194,40.649700687430354],[-73.85614826722919,40.64919764437156],[-73.85510124665969,40.643533910236016],[-73.85502033268413,40.64309618131555],[-73.85449975643373,40.6431292781757],[-73.84833830902231,40.64352083248768],[-73.83765174362406,40.632839732956064],[-73.83618790232043,40.631066811658265],[-73.83304100907765,40.62826127106056],[-73.83319939460345,40.626779385394904],[-73.8335592388046,40.62393603449998],[-73.83357550642091,40.623597917279284],[-73.83362242002201,40.6226026393321],[-73.8336821495259,40.621381305686455],[-73.83370152272126,40.62097860184688],[-73.83380776614659,40.618770102065774],[-73.83395266471729,40.61575783349883],[-73.83401888200446,40.61438116642063],[-73.83430323028598,40.609150898154226],[-73.83437386568123,40.607851513920686],[-73.83446265620243,40.6071925329424],[-73.83573587587433,40.60579318845242],[-73.84195659799073,40.59837691545114],[-73.84440774157362,40.59588828816466],[-73.84667899480304,40.59320908299784],[-73.84738575168794,40.59202817565797],[-73.84985226311555,40.58866933551957],[-73.85352199962432,40.5865920008543],[-73.85493753105479,40.58597967678594],[-73.85948722122771,40.58393694443258],[-73.86600041528473,40.58098954219919],[-73.86737333502653,40.58030199590518],[-73.86923200001876,40.57934200072502],[-73.8714184406939,40.5785352789188],[-73.8844559130113,40.6094402036529],[-73.8870503554976,40.61631986142955],[-73.8914687790386,40.61988057234027],[-73.89230576143734,40.62053671469796],[-73.89156964235751,40.62106098045306],[-73.882269728726,40.62744248992397],[-73.88157343265529,40.627939686700316],[-73.87395659724078,40.633773094591106],[-73.87714434868597,40.63597649800757],[-73.87780952743215,40.63688186477852],[-73.87841750134999,40.63745748716728],[-73.87858034172184,40.637518756592804],[-73.87855666640873,40.6376131210829],[-73.87838402330122,40.63790410859304],[-73.87853397772892,40.638166256079955],[-73.878638638421,40.63829360625958],[-73.87870039141247,40.63833772524909],[-73.87876518083291,40.638368557192734],[-73.87887362582696,40.638439405246146],[-73.8789668607105,40.63845954419815],[-73.8790506085031,40.63843594862685],[-73.87907715576767,40.6383029810965],[-73.87911787864046,40.63826658744126],[-73.87935480018172,40.638179388323714],[-73.87945522234278,40.63819224592045],[-73.87953888016992,40.638217839823305],[-73.87974983030321,40.63842223613292],[-73.88055123882256,40.639158819737304],[-73.88076685498378,40.639581647150884],[-73.88078889725645,40.63975743313813],[-73.88126533380382,40.64021877226577],[-73.88190167749923,40.6408349391228],[-73.88251634847781,40.64135071105401],[-73.88311261924562,40.641874465976116],[-73.88373578763786,40.64245034918845],[-73.8843827099251,40.64291067040391],[-73.8855776214908,40.644040949287245],[-73.88574170653565,40.64418192918686],[-73.8860058285614,40.644502891110946],[-73.88600571176016,40.644571257699624],[-73.88609107142454,40.644642965235704],[-73.88624448927301,40.64474582378801],[-73.88673134918896,40.6451319353223],[-73.88679595168567,40.6452394738159],[-73.8872011346562,40.645602171716874],[-73.88806627068666,40.64648805465031],[-73.8880636193075,40.64651634528041],[-73.88805695833865,40.64653402025267],[-73.88805686135328,40.6465342764768],[-73.88806001229491,40.6465536659366],[-73.88806004362421,40.64655387018428],[-73.88806574115183,40.64658895082723],[-73.8880813888399,40.64662057013135],[-73.88810266297452,40.64664023689435],[-73.88813886530887,40.646644489139106],[-73.88816089249853,40.64664660868846],[-73.88818911397968,40.646649782816645],[-73.88822784441564,40.646653218444634],[-73.88829183077068,40.646718719070726],[-73.88846787989212,40.64689973455385],[-73.88845814310974,40.6469018523869],[-73.88845010494444,40.64690490332489],[-73.88844607627956,40.646911699396824],[-73.88844491182583,40.646918445978095],[-73.88844964271195,40.64693221135357],[-73.88844980905994,40.646932696174716],[-73.88845315620476,40.64694294897915],[-73.88845557432907,40.646947264511894],[-73.88845986411332,40.646954915173374],[-73.88848084412193,40.646957114226815],[-73.88848453218317,40.646957500438],[-73.88853549293229,40.646968149198415],[-73.88864137707353,40.64707955331668],[-73.88964264076111,40.648101475599326],[-73.8905679298857,40.649208632935064],[-73.89121853535046,40.64998769862331],[-73.89125147240465,40.65002559738461],[-73.89162731418222,40.649703158292596],[-73.89177592347265,40.64957566354486],[-73.89255142124983,40.6489103383255],[-73.89290842141999,40.64867623423891],[-73.89306830592113,40.64857138793051],[-73.8932748085015,40.648435970863424],[-73.89382347018297,40.64807964721419],[-73.89389700147181,40.64803189157787],[-73.89398610637042,40.6479740231587],[-73.89467912426383,40.64752933535986],[-73.89541805149197,40.64704870990678],[-73.89587830181985,40.646750727559045],[-73.8959522222752,40.64670286775909],[-73.89608898541209,40.64661432330202],[-73.89616287303498,40.64657125464978],[-73.89690404748222,40.64609117013366],[-73.89855399273597,40.64757243256764],[-73.90019369833337,40.64908881846658],[-73.90027088009825,40.649037771506585],[-73.90056999892235,40.648847607185225],[-73.90074707868177,40.64873544459129],[-73.90089120754438,40.64864171094027],[-73.90165833729988,40.6481422126186],[-73.90235538570631,40.64768960236364],[-73.90309943838028,40.64719961118591],[-73.90398200487077,40.6466285675766],[-73.90477576861635,40.646116174952674],[-73.90565516922415,40.64554867363758],[-73.90636885683121,40.64508647066294],[-73.90708399180802,40.64462319390609],[-73.9075796721102,40.64430395474025],[-73.90802342728631,40.64401706219957],[-73.90927970036108,40.64320402824462],[-73.91005029443558,40.642708780282994],[-73.91076410034792,40.64224565073364],[-73.91147360919341,40.641788554842115],[-73.91156661313345,40.64173383821778],[-73.91188850004079,40.64158967875649],[-73.9122902987645,40.64140972860796],[-73.91270787154191,40.64122674620854],[-73.91314642504202,40.641034565579254],[-73.91354075690428,40.64079183918574],[-73.9139035091509,40.64056854908064],[-73.91425583355337,40.64033579357055],[-73.91460905398229,40.64010244375362],[-73.91497014774681,40.639866884110134],[-73.91532186871135,40.639637438421865],[-73.91567738655955,40.63940454703603],[-73.91603229820036,40.639172040592584],[-73.91639467359889,40.63894376203831],[-73.91680994102025,40.63868216434272],[-73.91888700523529,40.64054634489547],[-73.91893009617878,40.640585025112706],[-73.91898087017786,40.64063371670162],[-73.91911866807396,40.64076584726975],[-73.91955576638014,40.641184958350266],[-73.91958298575678,40.641395762232364],[-73.919659513732,40.64207823778501],[-73.91973737048185,40.642778147843025],[-73.91990782605163,40.64432958074551],[-73.9199506296699,40.64470763073447],[-73.91997852159598,40.64503237584163],[-73.920050916958,40.645735587490286],[-73.92009758391632,40.646176738782025],[-73.92014448807,40.64660821861607],[-73.9201790792402,40.646926387406026],[-73.92018359529335,40.647014343274606],[-73.9203587763625,40.648597657678245],[-73.92037552633597,40.648778781156224],[-73.92138195749705,40.648716508684565],[-73.92231247927542,40.64865760830823],[-73.92251839475546,40.650587268946104],[-73.92342608516014,40.65052955020811],[-73.92358493180897,40.65051944416981],[-73.9234732593804,40.65080972193398],[-73.92323062173962,40.65145357652561],[-73.92308094605386,40.65185439600154],[-73.92284966875222,40.652463458342766],[-73.92269149826961,40.652467576360614],[-73.92178411622291,40.65249121359578],[-73.92133792813507,40.65251907901093],[-73.9207736661845,40.65255431458769],[-73.91996203916091,40.65278827463592],[-73.91918485747198,40.653288949949726],[-73.91847294029517,40.65374496588016],[-73.91783363669258,40.65416205283209],[-73.917752541182,40.654214963113795],[-73.91769986879537,40.654250135518026],[-73.9175758848122,40.65431417369961],[-73.91749359279798,40.65436968549191],[-73.91735076774776,40.654466028121654],[-73.91704018403394,40.65467551687854],[-73.91633222209137,40.65513143172739],[-73.9154509393542,40.65570002223434],[-73.91465843169381,40.65621425434569],[-73.91377943741749,40.656783679711374],[-73.9140287807927,40.65700370958707],[-73.91334330562037,40.65710859975505],[-73.91242300694154,40.65724704176938],[-73.9115037858348,40.657382181970554],[-73.91054874458773,40.657525102835876],[-73.90959512083357,40.65766585460001],[-73.90867470307475,40.65780250179172],[-73.90773679951846,40.65794301776695],[-73.9072998203412,40.65800825957824],[-73.90679490642349,40.6580836481738],[-73.90587822731452,40.65821801522733],[-73.90495922788446,40.65835329211887],[-73.90399213064951,40.65849724707155],[-73.90302753781445,40.658640673987776],[-73.90210649169042,40.65877653784271],[-73.9011858994076,40.658914457153],[-73.90157974208519,40.66045089698092],[-73.90197238560035,40.66198723480425],[-73.90237552281448,40.663516898044335],[-73.90256896468212,40.664218664657135],[-73.90259285424958,40.66430532990918],[-73.90267231071724,40.664593571589],[-73.90269065587557,40.66466012339603],[-73.90270307625437,40.66470517952001],[-73.90274880817428,40.664871082539655],[-73.90280177326152,40.665063220680956],[-73.90288935487867,40.665407336305385],[-73.90291654814558,40.665514175649285],[-73.90307953912944,40.666154564747494],[-73.90309635675402,40.66622063924275],[-73.90319077009127,40.66659158174844],[-73.90357323403472,40.66812753547426],[-73.90262640362398,40.66827343100287],[-73.90214995642803,40.6683423582066],[-73.90189201966128,40.66837967233831],[-73.90172163097026,40.668405386526956],[-73.90166767824613,40.66841352919222],[-73.90078316102901,40.66854659580961],[-73.89986288031417,40.66868400033437],[-73.90018401121837,40.669938950608],[-73.89926204726959,40.67007363809093],[-73.89834125806937,40.67021132785929],[-73.89742154304815,40.67034709218393],[-73.89651796035932,40.67048099120896],[-73.89554341895499,40.67062578796184],[-73.89586724922012,40.671892845513675],[-73.89618967956957,40.67314820405579],[-73.89517627548044,40.673296247503416],[-73.89430053868955,40.67343978481542],[-73.89335128347997,40.67358164593755],[-73.89244714091159,40.67371527038948],[-73.89154333432924,40.67385058762476],[-73.89063957512252,40.673983351214545],[-73.88974236488349,40.674116555251175],[-73.88883773341004,40.67425056366371],[-73.88793799526809,40.67438426399245],[-73.8870524270018,40.67451584560373],[-73.8861654354624,40.674647608465975],[-73.88535163774495,40.6747673702479],[-73.88494865915318,40.674827269151216],[-73.88453657079499,40.67488852034107],[-73.88372216399542,40.675008955177674],[-73.8829076722433,40.6751293483133],[-73.88202187191213,40.67525984576952],[-73.88111892834405,40.67539220271418],[-73.88019885280447,40.67552470326979],[-73.87927528434369,40.67565736636331],[-73.8783536874379,40.67579018428606],[-73.87743156725715,40.67592256338932],[-73.87650905283579,40.67605470081185],[-73.87558810559563,40.676188623239916],[-73.87466664771223,40.67632134980159],[-73.8737405120468,40.676454630934174],[-73.87298649597062,40.676562998231205],[-73.87222734201526,40.676672191349354],[-73.8713077731617,40.67680551397379],[-73.87038744355803,40.67693911771443],[-73.86977606761074,40.67702720945606],[-73.86942312878571,40.67691222756579],[-73.86838105917252,40.67653059922419],[-73.86712598503874,40.67609542247019],[-73.86627349472496,40.67576404541034],[-73.86521514219757,40.675386574492805],[-73.86455313173745,40.675151122212114],[-73.86413333494173,40.67499725237634],[-73.86310050982866,40.674647213399986],[-73.86176409662181,40.67423226060608],[-73.86107192565032,40.67401981439795],[-73.86077512857382,40.67280562274175]]]]},"properties":{":id":"row-upe8-zguu.w9kj",":version":"rv-jkqm~6z3q-sue2",":created_at":"2025-11-24T21:48:59.646Z",":updated_at":"2025-11-24T21:48:59.646Z","coun_dist":"42","shape_leng":"117530.814177","shape_area":"411895232.49"}},
{"type":"Feature","geometry":{"type":"MultiPolygon","coordinates":[[[[-73.9234732593804,40.65080972193398],[-73.9235849318084,40.6505194446724],[-73.92342608516014,40.65052955020811],[-73.92251839475546,40.650587268946104],[-73.92231247861557,40.64865760830778],[-73.92138195749705,40.648716508684565],[-73.92037552633597,40.648778781156224],[-73.9203587763625,40.648597657678245],[-73.92018359529335,40.647014343274606],[-73.9201790792402,40.646926387406026],[-73.92014448807,40.64660821861607],[-73.92009758391632,40.646176738782025],[-73.920050916958,40.645735587490286],[-73.91997852159538,40.64503237634422],[-73.91995063032971,40.64470763073495],[-73.91990782605163,40.64432958074551],[-73.91973737048124,40.642778148345606],[-73.919659513732,40.64207823778501],[-73.91958298575678,40.641395762232364],[-73.91955576638014,40.641184958350266],[-73.91911866807335,40.64076584777232],[-73.91898087017725,40.64063371720419],[-73.91893009617878,40.640585025112706],[-73.91888700523468,40.64054634539806],[-73.91680994102025,40.63868216434272],[-73.91584153730558,40.63781264924551],[-73.91494383807022,40.637006590123924],[-73.91532808913557,40.63675713300103],[-73.91571451380112,40.63650627095296],[-73.91605775089266,40.636286020578176],[-73.91643083404375,40.63604662895057],[-73.91714662190425,40.63558876408802],[-73.9179092979727,40.635098267197],[-73.91885164403307,40.634482718979385],[-73.91939493011043,40.634132555362164],[-73.91950580969703,40.634061090108425],[-73.91955599866124,40.6340287406102],[-73.91959006520018,40.63400678300857],[-73.91980939082596,40.633865428103505],[-73.92011536440363,40.633666325415774],[-73.92022182046458,40.633597051690806],[-73.92041131760632,40.63347374222571],[-73.9206828118447,40.633330503544705],[-73.92046745591979,40.631357524354584],[-73.92041799808834,40.63090438455247],[-73.92062111410822,40.63097246068584],[-73.92136605920292,40.63092726086747],[-73.92233487923625,40.630866459131944],[-73.92330514863903,40.63080827051651],[-73.92423916579888,40.63074874361117],[-73.9252053789519,40.63068901496084],[-73.92617596470274,40.63062806457364],[-73.92710673685477,40.63057097060777],[-73.9281137040926,40.63050675894216],[-73.92786501339211,40.62816689967642],[-73.92766030603777,40.62621107585937],[-73.92761336697305,40.62582358833587],[-73.92736928380532,40.62356136339471],[-73.92837632073503,40.6234993821481],[-73.92931134107161,40.62344076943042],[-73.93028165130643,40.62338034244103],[-73.93004509498215,40.62117825465308],[-73.93101636711707,40.62111597705889],[-73.93075812876675,40.618710385925574],[-73.93169293748176,40.61865302509933],[-73.93246245568021,40.618601320496474],[-73.93270577117836,40.61881261791716],[-73.9335370573429,40.61957168210297],[-73.93430992312156,40.61906900535033],[-73.93501858675283,40.61860011051676],[-73.93573462920926,40.6181407525066],[-73.93645151208946,40.61768033706295],[-73.93716300185652,40.617216455717895],[-73.93787509099654,40.61675674794439],[-73.93861941645297,40.61627479255789],[-73.93935880062168,40.61579635956116],[-73.9400730341587,40.61533663975496],[-73.94041062186241,40.61511702535263],[-73.94078752177357,40.6148718371534],[-73.94150016664022,40.61440904553425],[-73.94221470446304,40.61394556691358],[-73.9429791988886,40.61344890656734],[-73.9437479272267,40.61294822584478],[-73.94417450694581,40.61272253793549],[-73.94430888260472,40.6134117384877],[-73.94443614627764,40.614080807464134],[-73.94457366458381,40.614803772403974],[-73.94479547279651,40.61588853050788],[-73.94482770996294,40.616046209109406],[-73.9457369197798,40.61536340675696],[-73.94657366828139,40.614789131137535],[-73.94742608780807,40.6142246005537],[-73.94745025688334,40.61435624109372],[-73.94756662594057,40.61499015096115],[-73.9479171940691,40.61689975948348],[-73.9483691217041,40.61929125975406],[-73.94929579163282,40.619187770829846],[-73.95025641221052,40.61908280147577],[-73.95122150866621,40.61897775579928],[-73.95214849968484,40.6188753507115],[-73.9530769645883,40.61877421783305],[-73.95400311147512,40.618672670773414],[-73.95503698181047,40.618557804042624],[-73.95549070038507,40.62095009671464],[-73.95594076577467,40.62334016063696],[-73.95639327405581,40.62572997232119],[-73.95684697346559,40.62811987905431],[-73.95805293080656,40.62797111863177],[-73.95899416231248,40.62788559454292],[-73.9599556505587,40.62777867254041],[-73.96091777241755,40.627674514976945],[-73.96114276877218,40.6276494857268],[-73.96128516569638,40.62763363931383],[-73.96146409808065,40.62761361793187],[-73.96184657346146,40.62757081760884],[-73.96277422261093,40.62746892100388],[-73.96370020198677,40.627366657540335],[-73.96462713619655,40.62726545725326],[-73.96562565071174,40.62715522202192],[-73.96662280196047,40.62704412181841],[-73.96755228056041,40.626943222686116],[-73.96847713511666,40.6268409921324],[-73.96955129451278,40.62672213422195],[-73.97066323798003,40.62659864693747],[-73.97086451093402,40.62761533922809],[-73.97093901614872,40.62800852894201],[-73.97095951011175,40.62811668325542],[-73.97097694782876,40.62822821551052],[-73.97109232262996,40.628966140624065],[-73.97131935862642,40.63010797551835],[-73.97144921364318,40.63087550235547],[-73.97159583155702,40.631618323493264],[-73.96889435732558,40.632917317396796],[-73.9671853026322,40.63370377749769],[-73.96595081024462,40.63426593708667],[-73.9650826358503,40.63468367989781],[-73.96421566828714,40.635100038089014],[-73.96411574576196,40.63514821747515],[-73.96334865313487,40.635518075552405],[-73.963087598095,40.635642889761804],[-73.96285500515415,40.635754095688405],[-73.96277454645757,40.63579256370487],[-73.9624805888576,40.6359331050144],[-73.96158252368646,40.63636804775152],[-73.96068086616462,40.636801928307676],[-73.95979790671433,40.637223011483194],[-73.9586734709619,40.63776647203633],[-73.95770794616844,40.63823157260178],[-73.95683911143733,40.63864939551812],[-73.95597076354943,40.63906747556342],[-73.95476763256174,40.63962444736817],[-73.95563820687701,40.64050392611583],[-73.95571599971646,40.640582526776065],[-73.95707031021662,40.64196067190765],[-73.9574635987085,40.64237167027891],[-73.95763644642231,40.64268949946349],[-73.95642457777373,40.642770957647926],[-73.95549344942532,40.64282732533319],[-73.95452484109664,40.64288758747857],[-73.9535548139766,40.64294723661783],[-73.95262169259217,40.64300631782833],[-73.9516516728088,40.6430659688435],[-73.95066545346103,40.643127398287405],[-73.94972808402709,40.64318503020554],[-73.94876122759155,40.64324500199174],[-73.94888841494085,40.6444264926358],[-73.94896388096369,40.645131678397],[-73.94915204657971,40.64688583506778],[-73.94928589455863,40.64814094553566],[-73.94937003653733,40.64892304680178],[-73.9484010751959,40.64898282465483],[-73.94746680206256,40.649039584800995],[-73.94647882438515,40.64910075137563],[-73.94550822643463,40.64916002697499],[-73.94457678369558,40.64921950323639],[-73.9436043131903,40.649278995233374],[-73.94312244902639,40.64930918392522],[-73.9426311313819,40.64933975773176],[-73.9416999498788,40.64939398695818],[-73.94076397251226,40.649453682005664],[-73.93983368096585,40.649511741523014],[-73.93886143839855,40.64957194121663],[-73.93857097243001,40.64959051024013],[-73.93789309468977,40.64963384643401],[-73.93695957021218,40.64969314194433],[-73.93598888381969,40.6497522202287],[-73.93617544519422,40.65146836907974],[-73.93520407082804,40.65151456196077],[-73.93426812874824,40.651562352716475],[-73.93329560741182,40.65160549522262],[-73.93232520279875,40.65164756744947],[-73.93139116622358,40.65168960812448],[-73.93038144303132,40.65173405423817],[-73.92939161395975,40.65193918392152],[-73.92847568908189,40.652175895635644],[-73.927514304415,40.6523180971977],[-73.92654698542403,40.652391370831715],[-73.92560933680173,40.65244682549193],[-73.92509703056601,40.652474966769084],[-73.92464006141111,40.65250006353631],[-73.92366569373151,40.65253801648116],[-73.92301466387103,40.65247853621177],[-73.92284966875222,40.652463458342766],[-73.92308094605386,40.65185439600154],[-73.92323062173962,40.65145357652561],[-73.9234732593804,40.65080972193398]]]]},"properties":{":id":"row-ksth.hpuk~4ikq",":version":"rv-ems9~kfag~7bzh",":created_at":"2025-11-24T21:48:59.646Z",":updated_at":"2025-11-24T21:48:59.646Z","coun_dist":"45","shape_leng":"56967.6276651","shape_area":"117904762.08"}},
{"type":"Feature","geometry":{"type":"MultiPolygon","coordinates":[[[[-73.82433101941373,40.776743070302146],[-73.82454834694173,40.77525806458764],[-73.8246713406754,40.774515083616635],[-73.82467733152248,40.77377384280655],[-73.82467568508024,40.7730630093057],[-73.82467393375263,40.7723469973439],[-73.82186566026994,40.77235234284087],[-73.82191520279557,40.77163671624098],[-73.82191033505775,40.77081791066749],[-73.82163744595134,40.76968393843158],[-73.82140471964715,40.768559233494045],[-73.82031967664803,40.768714189655164],[-73.81920547890626,40.76886946645598],[-73.81820808983574,40.769014706976385],[-73.8173389735713,40.76910295109773],[-73.81639995990338,40.7690242215738],[-73.81558348348317,40.76896100821515],[-73.81454044135238,40.76887880140161],[-73.81354774646925,40.7687947943561],[-73.81305741705933,40.768754890374964],[-73.81236961327923,40.76870394859432],[-73.81144219572597,40.768633175952885],[-73.81047194316258,40.76855662648713],[-73.81081684770085,40.76602696080514],[-73.81099348623098,40.764704740070044],[-73.81005451660336,40.76437731241546],[-73.80913489897888,40.764069638359565],[-73.8082314133935,40.763797653460486],[-73.80733474234151,40.763497620422925],[-73.80643134088142,40.76319391432032],[-73.80552672768943,40.76288990287444],[-73.80463134122556,40.76258852792888],[-73.80421232367829,40.76244775981439],[-73.80374079741692,40.76213336533856],[-73.8036403784904,40.76203716433713],[-73.80340793122497,40.76185670233883],[-73.80332173221441,40.76178978260404],[-73.80287489303859,40.7614485293376],[-73.80204886889236,40.76083557779314],[-73.80119070880735,40.760182268352814],[-73.80083443158323,40.75997103337632],[-73.8003003903748,40.759702299144585],[-73.80047244166639,40.75845333156761],[-73.80079466324719,40.7561062034474],[-73.801114438841,40.7537338376134],[-73.80016571325272,40.75378164293456],[-73.7992142291876,40.75383238895957],[-73.79826149956419,40.75389508331935],[-73.79802721752127,40.75390444358702],[-73.79779220872344,40.75390347242125],[-73.7975576803384,40.753892156694114],[-73.7973247958562,40.753870574679944],[-73.79639560055395,40.753772060009815],[-73.79545889785523,40.753666635651484],[-73.79457726989995,40.753563011339104],[-73.79343320201451,40.75334270050859],[-73.7924309924644,40.753084812722186],[-73.79237517998536,40.75307044775698],[-73.79230613423235,40.7530506741008],[-73.79131376088154,40.75276652698272],[-73.79080324911432,40.75260988071278],[-73.79013086513862,40.752403561262945],[-73.78942807933659,40.752198835788796],[-73.78884141050327,40.7520478098231],[-73.78786155454507,40.75184699658783],[-73.7869607035052,40.75227776691683],[-73.7868266319701,40.752348632217604],[-73.78682652561683,40.75234868579677],[-73.78682640714452,40.75234874035875],[-73.78668249100767,40.75240970789691],[-73.78668237253491,40.752409762458754],[-73.78668224241946,40.7524098067798],[-73.78653016669087,40.752459863760514],[-73.78637213694529,40.75249813908358],[-73.78621085556124,40.752524098807264],[-73.7862106900312,40.752524126476956],[-73.78621052409382,40.752524143759274],[-73.78604826245204,40.75253770128902],[-73.78511672613037,40.75263283465086],[-73.78418193718096,40.75272930532295],[-73.7832577608626,40.75288631187069],[-73.7822918824895,40.7530441232726],[-73.78125997484737,40.75321211314232],[-73.78058844459493,40.75331976928251],[-73.78052037800576,40.75333074310268],[-73.78043580592434,40.75334476523082],[-73.78013077508682,40.75339532256118],[-73.7794829008607,40.753482164376635],[-73.77919777200978,40.75348358025198],[-73.77844998794863,40.753413282813675],[-73.77822559573744,40.75339329144907],[-73.77739676984578,40.75331613993245],[-73.77638305025003,40.753183764910034],[-73.77625752446819,40.75320488197018],[-73.77587843821054,40.75326100370327],[-73.77575745303884,40.75292273462164],[-73.77575585832057,40.75291828335138],[-73.77564503590621,40.752629013498044],[-73.77560320297152,40.752535828271334],[-73.77522395357849,40.75169101492307],[-73.77508900166593,40.75140908078701],[-73.77497465987801,40.7511701970285],[-73.77441695309957,40.750005007727175],[-73.77433508926563,40.7498530134354],[-73.77432549508445,40.749832876696495],[-73.77431558769204,40.749812081130685],[-73.77366742628517,40.748451552442575],[-73.77356246640684,40.74823122962976],[-73.7732469855744,40.74756897746973],[-73.77310565239648,40.74726389431385],[-73.77301912547155,40.74709031221764],[-73.77282504330499,40.74670095510402],[-73.7727900203847,40.746627458377176],[-73.77236446462175,40.745731892020736],[-73.77233563019892,40.74567121044051],[-73.77224730340214,40.74548355894612],[-73.77211003976812,40.74516499325056],[-73.77192604412681,40.744790738396205],[-73.77172218221611,40.744370313501506],[-73.77163811461398,40.744196938701265],[-73.77162097960081,40.744159731866155],[-73.77159622726082,40.744113359607915],[-73.77197153411775,40.74398751431917],[-73.77238544112839,40.74384872307725],[-73.77278817687791,40.74375193877856],[-73.77319542243525,40.74366571614303],[-73.77360646688543,40.743590206844935],[-73.7737705019976,40.74356460322154],[-73.77402057484777,40.74352557072901],[-73.7744369894451,40.74347187898643],[-73.77476016491269,40.743424842546666],[-73.77525859851502,40.74335229458496],[-73.77562979772658,40.74330327944602],[-73.77567465992928,40.7432973558048],[-73.77572220645867,40.74329124304225],[-73.77577761181723,40.74328217463978],[-73.77749012411326,40.74303517013595],[-73.77766901002059,40.74300936684355],[-73.77858004518396,40.74287189441692],[-73.77934503716075,40.74274600150599],[-73.77962952993391,40.742699181522156],[-73.78032245393169,40.74255547816819],[-73.78065027956129,40.742467277099756],[-73.78097811599979,40.74237907411427],[-73.78114959651434,40.74233293862682],[-73.78115747101013,40.742330808660306],[-73.7813448326688,40.74228012999485],[-73.78173936201651,40.74217340235843],[-73.78213724242717,40.742066076446434],[-73.78293970899904,40.74184437188441],[-73.78308903748622,40.74180311512071],[-73.78347774438141,40.741693811929565],[-73.78398856138037,40.74155519299995],[-73.78472093850066,40.74135644281517],[-73.7848188793161,40.741329863439894],[-73.78574742889917,40.741076489952896],[-73.7865011190354,40.74087082562256],[-73.78663245883789,40.740834985758944],[-73.7866761129107,40.74082328831873],[-73.78657381476894,40.74061064177589],[-73.78661783892456,40.74059764687814],[-73.78836729509106,40.74011904839834],[-73.7892504794113,40.73987381182612],[-73.7901298355528,40.73963153259663],[-73.7910169528726,40.73939283509267],[-73.79190687575485,40.739159566378085],[-73.79288049115173,40.73888195609501],[-73.79293809247407,40.7388655366701],[-73.79299758727475,40.73884910973055],[-73.7952114361733,40.73823782107289],[-73.79584803354903,40.73807468021233],[-73.79594852831099,40.73781371914791],[-73.79642580855253,40.73783118718122],[-73.7968553213958,40.73788254527186],[-73.7973330376338,40.73787739854529],[-73.7982332429044,40.73790959693791],[-73.79912637402579,40.73794428801802],[-73.80002922380814,40.73797581022438],[-73.80092700037342,40.73801323346119],[-73.80183466864679,40.738049288475636],[-73.80273054919087,40.73808407326179],[-73.80363655272855,40.738111169308446],[-73.80459091270853,40.73811195448093],[-73.80465494875772,40.73811242313433],[-73.80473697836211,40.73811317539513],[-73.8056750550331,40.73815633807279],[-73.80660978822208,40.73819335517423],[-73.80754262195273,40.7382284528799],[-73.80847724559428,40.73827140736625],[-73.80896251044253,40.73828919789678],[-73.809419535392,40.73830006736889],[-73.81039281838302,40.73833807228081],[-73.81090068795821,40.73835207325192],[-73.81136377719278,40.738364837179255],[-73.81229736210138,40.73839986961587],[-73.81323677995563,40.738440622802976],[-73.8144748117333,40.738563274135174],[-73.81488940757446,40.738561816712156],[-73.8149720825747,40.738560715568916],[-73.81501663887526,40.73855854463329],[-73.81518583114372,40.7385711715402],[-73.81607676800755,40.73885793358997],[-73.81633109367914,40.738446401775946],[-73.81647443723422,40.738408870774045],[-73.81662531616102,40.738386311396006],[-73.81677959686552,40.73837979389771],[-73.81693283763661,40.738389510394256],[-73.81708075609814,40.73841473523034],[-73.81837989637847,40.738593740986424],[-73.82006431419822,40.73882814037882],[-73.82089716519059,40.739002110761845],[-73.82177826405615,40.73919364711291],[-73.82266847387125,40.73938499255513],[-73.82355883526147,40.73957874506004],[-73.82435011103323,40.73975360608333],[-73.82471271343672,40.73983373070576],[-73.82485496215553,40.73982936393014],[-73.82481178487835,40.739630959900595],[-73.82494800940721,40.73956710550735],[-73.82497439992203,40.739440425751106],[-73.82540413389152,40.73948822575138],[-73.82556079322765,40.739454360073736],[-73.8255647887831,40.739449572684606],[-73.82560641716528,40.739395955990574],[-73.82564151350638,40.739350754644256],[-73.82568973803106,40.73928864257576],[-73.82581364048761,40.739129060340446],[-73.82582189727239,40.73911842533446],[-73.8259167329189,40.73904569662513],[-73.82597580462097,40.739000395214646],[-73.8260258510229,40.73897662491079],[-73.82614038243467,40.73892222990263],[-73.82623802341588,40.7388758552695],[-73.82630918087746,40.73884205939524],[-73.82633788204859,40.73882842831182],[-73.826391648525,40.73880774427441],[-73.82646795954928,40.738778388157044],[-73.82657262796621,40.73873812213567],[-73.82669514191794,40.73869099132944],[-73.82687191837269,40.738622984221244],[-73.82695824838827,40.73858977330835],[-73.82701222480381,40.73856900905124],[-73.82705296119795,40.73856419336415],[-73.82713885943929,40.73855404322565],[-73.8272277268523,40.73854354064576],[-73.82731354110302,40.73853339912991],[-73.82740942286594,40.73852206745117],[-73.82745508787603,40.73851667065428],[-73.82749826674252,40.73851560336105],[-73.82752380283175,40.73851497233887],[-73.8276056949615,40.73850435197111],[-73.82790030270326,40.73850245242471],[-73.82796455150688,40.73850320344858],[-73.8279496908671,40.737819598234886],[-73.82809152643368,40.73708317527389],[-73.82946751997008,40.737024482753476],[-73.8305355129751,40.737520194764244],[-73.8311345171537,40.73856190697647],[-73.83099423089345,40.73856549499871],[-73.83090596589204,40.73913276339101],[-73.83133868363834,40.73917063039298],[-73.83130117320113,40.739561062187256],[-73.83128819496334,40.74026488714674],[-73.83124005525558,40.74095669174528],[-73.83119872774826,40.74163904082126],[-73.83115549420951,40.742340917944595],[-73.83163975556528,40.74239913673957],[-73.83207064860905,40.742450937827535],[-73.83296893118761,40.742593616600004],[-73.83386851019374,40.74277220641839],[-73.83517950503126,40.743072050769435],[-73.83586131872133,40.743227984538585],[-73.83590197019042,40.743379805611774],[-73.83591564941864,40.7434308938961],[-73.83592530469535,40.74350057021799],[-73.83614907967062,40.74351009236266],[-73.83614978982513,40.743510083488836],[-73.83633894956746,40.74350797507122],[-73.83679826901466,40.74347833503347],[-73.83705306383402,40.74345896485759],[-73.83715194662568,40.743446001793274],[-73.83724356427699,40.743435344432115],[-73.8373320028813,40.743423942543295],[-73.8375983104832,40.74337839146251],[-73.83767239306162,40.74336823925489],[-73.83769490199528,40.74336465022607],[-73.83777320233673,40.74335216321637],[-73.8377460352192,40.74344693977993],[-73.83772502794504,40.74353095456594],[-73.83770793501257,40.74359179320998],[-73.83768399009482,40.74367702243547],[-73.83765800986781,40.74376098463095],[-73.83761884337623,40.74387287148832],[-73.8375592472036,40.744040084138746],[-73.83746478380267,40.74428937442053],[-73.83735120509212,40.74449660991017],[-73.83724789167906,40.74467933926733],[-73.83705091937293,40.744941934157396],[-73.83701302290449,40.744992456455044],[-73.8366320557207,40.745455164867494],[-73.83657949196503,40.74551517568887],[-73.83652840587648,40.745575920338894],[-73.83650595473696,40.745600597290185],[-73.83625772959412,40.74588351924148],[-73.83601950261135,40.74615504214241],[-73.83590688741658,40.74628339718728],[-73.83568124574617,40.74654057291608],[-73.83561600282566,40.74662298275736],[-73.83532501984801,40.74697399107012],[-73.83517593356838,40.747228621096085],[-73.83509664402949,40.74738854647336],[-73.83508862157709,40.747407036274744],[-73.83500387575894,40.74760236551521],[-73.83487188790674,40.74799414856464],[-73.834808393437,40.748311045363245],[-73.83478479870742,40.748605604083025],[-73.83478520347361,40.74882717277742],[-73.83478535649374,40.74891069681593],[-73.83487458803732,40.74944152066448],[-73.83490396543036,40.74958495030766],[-73.83494506490288,40.749714007559945],[-73.83505203091096,40.749964978473855],[-73.83511996280353,40.75010394372791],[-73.83514060525965,40.75014093847665],[-73.83519023079879,40.75022986097012],[-73.83523103715588,40.75030298029038],[-73.8354800140075,40.75066996767451],[-73.83578496321327,40.75111665674432],[-73.83605914064836,40.75151826624167],[-73.83622405468408,40.75175982707899],[-73.83693671618738,40.752803682908954],[-73.8371219535487,40.753074999055464],[-73.83774297256595,40.75395596724334],[-73.83782916265041,40.7540830767309],[-73.83784402335735,40.7541049909923],[-73.83785594290734,40.7541263404013],[-73.83805778848777,40.75449105985213],[-73.83814991796747,40.754681141853865],[-73.83823716670582,40.75489174023053],[-73.83834442880362,40.75519990108236],[-73.83841870803721,40.75545480704244],[-73.83842923444972,40.7554909279036],[-73.83852950116469,40.7559792689664],[-73.83872706471789,40.75688402269788],[-73.83875129617917,40.756994991141106],[-73.83875822109262,40.75704052239819],[-73.83891899362408,40.757960335515286],[-73.83896522389175,40.75819209925786],[-73.83897731043454,40.75831743093349],[-73.83898530803242,40.75847481494024],[-73.83898534006869,40.75863231639029],[-73.83897740643958,40.75878970226292],[-73.83896151882684,40.75894673970644],[-73.83888522036955,40.7595895547079],[-73.83887518516312,40.75974509708123],[-73.83884416838455,40.75987077719126],[-73.838819477869,40.7599972653438],[-73.8388011495791,40.76012437748991],[-73.83878921022006,40.76025192867159],[-73.83878367717605,40.76037973329649],[-73.83878455856109,40.76050760539218],[-73.8387918531295,40.760635358891825],[-73.83880555030396,40.76076280790003],[-73.83883689608714,40.760910797012066],[-73.83887541932226,40.76105780327773],[-73.83892106733525,40.76120362550848],[-73.83897377769917,40.76134806413493],[-73.83903347825952,40.76149092129467],[-73.83910008740722,40.76163200166061],[-73.83917351402458,40.761771112149326],[-73.8392536576608,40.76190806237209],[-73.83956782805048,40.762475764915436],[-73.83959865554932,40.76253981603764],[-73.8396034594921,40.76254826486778],[-73.8396272931806,40.76259017906477],[-73.83972503589536,40.76275539913334],[-73.83983205649305,40.76297814957588],[-73.83991767517173,40.763206507593914],[-73.83998119272322,40.76343868945138],[-73.84002003445252,40.76367227085817],[-73.84002494238105,40.7639584525333],[-73.8400268139035,40.764067513914604],[-73.84002403337075,40.76412738821559],[-73.84002220207506,40.764232465541646],[-73.83958367726846,40.76498057265032],[-73.83946501500876,40.765200841784434],[-73.83935912292057,40.76540987185401],[-73.83923559082619,40.76563158757288],[-73.83905335035482,40.7659586781001],[-73.83863720801538,40.766632670570296],[-73.8386276091976,40.76664380799058],[-73.83851588944492,40.76681457603573],[-73.83840135686974,40.76696546591504],[-73.8379573590158,40.76755040135296],[-73.83742801574486,40.76815765525071],[-73.83733359181576,40.768265975092575],[-73.83698958596736,40.76861913381647],[-73.83668822335396,40.76890609393801],[-73.83617641791038,40.76935470020496],[-73.83603815467765,40.76947588929565],[-73.83501861550366,40.770199476866765],[-73.83482032469182,40.77033148395176],[-73.83429330220778,40.77068233173529],[-73.833688590631,40.771046700253756],[-73.8333506024603,40.771250352246824],[-73.83334865514637,40.77125150720168],[-73.83300039443216,40.7714579972769],[-73.83202771035737,40.77203470714646],[-73.83184462966989,40.772143329574504],[-73.83149893826835,40.772348426204566],[-73.8313138993731,40.77246831924608],[-73.83073315143655,40.77287675602848],[-73.8304451144243,40.77311964473678],[-73.83010045677352,40.77341027418839],[-73.82978260941186,40.77370822304977],[-73.82953302772601,40.773972863870036],[-73.82928891307989,40.77425685510841],[-73.82928564384228,40.774260936052194],[-73.8290861102395,40.77451006442918],[-73.82892701478193,40.774726453288345],[-73.82880127671024,40.77491690170128],[-73.82862785260232,40.77517957532487],[-73.82838973440612,40.77554023585361],[-73.82809020119038,40.77599391141224],[-73.82777847721061,40.775977415558586],[-73.82583089977568,40.77591527107879],[-73.82486800974958,40.77654235484638],[-73.82433101941373,40.776743070302146]]]]},"properties":{":id":"row-uxs6-5nny~bujh",":version":"rv-bibx.wbin-u3hh",":created_at":"2025-11-24T21:48:59.646Z",":updated_at":"2025-11-24T21:48:59.646Z","coun_dist":"20","shape_leng":"61223.0127838","shape_area":"144833268.801"}},
{"type":"Feature","geometry":{"type":"MultiPolygon","coordinates":[[[[-73.87124856242515,40.786038151255035],[-73.86978081192642,40.785337933325856],[-73.86923491699645,40.785969915418214],[-73.86918113503913,40.78594348957076],[-73.86899552716032,40.785852296195436],[-73.86524686154435,40.785890801887035],[-73.86270011847127,40.78121028854978],[-73.86052686814399,40.77897866529369],[-73.85289466924495,40.77545639900385],[-73.85262957746897,40.77207593918788],[-73.85472931600385,40.77039804665741],[-73.85496814448082,40.767449953045116],[-73.85344425869869,40.76551223405149],[-73.84951429878517,40.76397356694918],[-73.84062403627433,40.765806481180704],[-73.83957871865518,40.76548239812459],[-73.83945813446032,40.76544576896126],[-73.83935912292067,40.76540987185397],[-73.83946501500881,40.765200841784434],[-73.83958367726852,40.76498057265032],[-73.84002220207506,40.764232465541646],[-73.84002403403186,40.764127388216515],[-73.84002681390362,40.76406751391455],[-73.84002494304205,40.76395845253421],[-73.84002003445262,40.763672270858116],[-73.83998119272327,40.76343868945138],[-73.83991767517169,40.763206507593914],[-73.83983205649321,40.76297814957588],[-73.83972503589536,40.76275539913334],[-73.8396272931806,40.76259017906477],[-73.83960345949204,40.762548264867725],[-73.83959865554932,40.76253981603764],[-73.83956782805059,40.762475764915436],[-73.83925365766092,40.76190806237205],[-73.83917351402464,40.7617711121493],[-73.83910008740735,40.7616320016606],[-73.83903347825951,40.761490921294644],[-73.83897377769927,40.76134806413493],[-73.83892106733518,40.761203625508436],[-73.83887541932232,40.761057803277694],[-73.83883689608713,40.76091079701203],[-73.83880555030406,40.76076280790003],[-73.8387918531298,40.7606353588918],[-73.83878455856137,40.76050760539213],[-73.8387836771763,40.76037973329643],[-73.83878921022017,40.76025192867159],[-73.8388011495789,40.76012437748987],[-73.83881947786882,40.75999726534376],[-73.8388441683844,40.75987077719123],[-73.83887518516312,40.759745097081186],[-73.83888522036966,40.7595895547079],[-73.83896151882684,40.75894673970644],[-73.83897740643977,40.75878970226288],[-73.83898534006875,40.75863231639029],[-73.8389853080324,40.758474814940215],[-73.83897731043464,40.75831743093349],[-73.83896522389168,40.75819209925786],[-73.83891899362403,40.757960335515286],[-73.83875822109256,40.75704052239814],[-73.83875129617928,40.756994991141106],[-73.838727064718,40.75688402269788],[-73.83852950116463,40.7559792689664],[-73.83842923444972,40.7554909279036],[-73.83841870803728,40.75545480704244],[-73.83834442880357,40.75519990108236],[-73.83823716670588,40.75489174023053],[-73.83814991796747,40.754681141853865],[-73.83805778848777,40.75449105985213],[-73.83785594290734,40.7541263404013],[-73.83784402335745,40.7541049909923],[-73.83782916265052,40.75408307673086],[-73.83774297256595,40.75395596724334],[-73.83712195354877,40.75307499905543],[-73.83693671618748,40.752803682908954],[-73.83622405468408,40.75175982707899],[-73.83605914064846,40.75151826624167],[-73.83578496321333,40.75111665674432],[-73.8354800140075,40.75066996767451],[-73.83523103715581,40.75030298029038],[-73.83519023079883,40.75022986097009],[-73.8351406052597,40.75014093847665],[-73.83511996280359,40.75010394372791],[-73.83505203091106,40.74996497847382],[-73.83494506490298,40.749714007559945],[-73.83490396543047,40.74958495030764],[-73.83487458803732,40.74944152066448],[-73.83478535649385,40.748910696815884],[-73.83478520347361,40.74882717277742],[-73.83478479870742,40.74860560408299],[-73.83480839343704,40.74831104536321],[-73.8348718879068,40.7479941485646],[-73.83500387575899,40.74760236551521],[-73.83508862157709,40.747407036274744],[-73.83509664402959,40.7473885464733],[-73.83517593356832,40.74722862109605],[-73.83532501984801,40.746973991070085],[-73.83561600282566,40.74662298275736],[-73.83568124574617,40.74654057291603],[-73.83590688741658,40.74628339718728],[-73.83601950261146,40.74615504214237],[-73.83625772959422,40.74588351924148],[-73.83650595473704,40.745600597290185],[-73.83652840587781,40.74557591983631],[-73.83657949196513,40.74551517568883],[-73.83663205572205,40.745455164364884],[-73.83701302290453,40.744992456455044],[-73.83705091937303,40.74494193415736],[-73.83724789167916,40.74467933926733],[-73.83735120509223,40.74449660991017],[-73.83746478380274,40.74428937442053],[-73.8375592472036,40.744040084138746],[-73.83761884337628,40.74387287148832],[-73.83765800986775,40.74376098463095],[-73.83768399009482,40.74367702243547],[-73.83770793501263,40.74359179320998],[-73.8377250279451,40.7435309545659],[-73.83774603521927,40.74344693977989],[-73.83777320233679,40.743352163216336],[-73.83799640861373,40.74329825793263],[-73.83913364774355,40.742978334686704],[-73.83945041735504,40.74285682172288],[-73.8396320155554,40.74278715869237],[-73.84108715146415,40.7421358684924],[-73.84191972505856,40.74176320989453],[-73.8424269133082,40.741526063103294],[-73.8427087095987,40.74139625301805],[-73.84324958938704,40.74114709038005],[-73.84349492695007,40.74103135709506],[-73.84430752844008,40.74062742259261],[-73.84480471733977,40.740380270729936],[-73.84525111616198,40.74016798984016],[-73.84543235532047,40.74007992945362],[-73.84552048787279,40.74003365422758],[-73.84562308233126,40.739989846721826],[-73.84579815610546,40.739905298400714],[-73.84590543527915,40.73985382587243],[-73.84665876794993,40.739492376342604],[-73.8475033591944,40.73908896358622],[-73.8475557978607,40.739063915745525],[-73.84806351677204,40.73881575756487],[-73.84863622795879,40.73855694998849],[-73.84913495276665,40.738365261214],[-73.84960858246133,40.73818321552307],[-73.85000213199939,40.73803658578799],[-73.8508366585013,40.73775831268914],[-73.85084771095957,40.73775462650829],[-73.85092023395589,40.73773044362542],[-73.85134604621916,40.73758845183982],[-73.85191248724905,40.73742340697282],[-73.85261468545454,40.737250608629736],[-73.85278232151913,40.73720935484465],[-73.85342253681729,40.73708161572841],[-73.85417529172412,40.73695769650889],[-73.8544632764896,40.736908005359204],[-73.85508484891218,40.73680075160341],[-73.85627509206442,40.73651744506998],[-73.85632260686417,40.73650613449428],[-73.8566559660682,40.73640997951719],[-73.85803689892145,40.73599745703115],[-73.85805941887416,40.73599072927801],[-73.85869680055174,40.735804387688944],[-73.8587714121708,40.73578528953873],[-73.85935242181465,40.735612337113174],[-73.85979645299706,40.73546383495477],[-73.85989563481944,40.73543066409535],[-73.86047511611699,40.73531200473003],[-73.86095766445129,40.73521319128117],[-73.86171596353616,40.7350304076812],[-73.86192594929135,40.73496851395213],[-73.86279553135911,40.73471219731929],[-73.8645724864215,40.734188397515545],[-73.86462193422176,40.73428169011556],[-73.86481505378514,40.73466021582639],[-73.86515865436866,40.73532501448202],[-73.86550061648715,40.73598933200835],[-73.86582956039898,40.736643223514605],[-73.86492971241634,40.73689482805406],[-73.86473522439353,40.7369539606568],[-73.86404739265618,40.737163095552475],[-73.86465205057307,40.73863573393421],[-73.86531196988135,40.740258169837254],[-73.86567072571938,40.741133162557595],[-73.8660334366988,40.742035543694946],[-73.86636350603271,40.74280108877276],[-73.86728916274099,40.74210620153064],[-73.86747169233716,40.74209572251964],[-73.86748630103168,40.74299219459389],[-73.86749135058446,40.74330204695481],[-73.86768504942886,40.74407171827453],[-73.86782691069425,40.74462945686211],[-73.8678509751469,40.74471654544388],[-73.86787595133472,40.74481530612834],[-73.86790963860459,40.744933716085825],[-73.86808574250364,40.745600582551695],[-73.8692879980487,40.74524191153828],[-73.87012716413118,40.744991376066366],[-73.87063233038299,40.74467768531373],[-73.87082581785198,40.74455754111879],[-73.87136265624814,40.74427124944973],[-73.8733045841123,40.745151369862064],[-73.87536180152465,40.74606563024217],[-73.8771587248542,40.746865031921075],[-73.87889201062028,40.74763887218785],[-73.87983894919975,40.74806172504239],[-73.88020648025523,40.74802498019511],[-73.88113747601183,40.747927292992685],[-73.88207112127155,40.74782992681798],[-73.88256876956113,40.74777784540714],[-73.88299918288799,40.74773440242371],[-73.88338020295014,40.74984509963806],[-73.88245058496136,40.74994028309087],[-73.88151991488147,40.75003979002169],[-73.88059312774641,40.750138006858],[-73.87966196863023,40.75023650702004],[-73.87873233532609,40.75033415542236],[-73.8778023206458,40.750431903973166],[-73.87687558193248,40.750530037011664],[-73.87594545579411,40.7506273193057],[-73.8750152087953,40.75072451371432],[-73.87408506335409,40.75082270956592],[-73.8731599234056,40.75091501436958],[-73.8735280060669,40.75296178435325],[-73.87365525849692,40.75367191979302],[-73.87387016007412,40.75485525797974],[-73.87387899605785,40.75490394908091],[-73.87269240707028,40.75502993923494],[-73.87271067448529,40.75506352094248],[-73.87365721778173,40.756803485602774],[-73.87420803095053,40.756731562824264],[-73.87513874299535,40.75663381606072],[-73.87606787701517,40.7565362314607],[-73.87645543141514,40.758659473147716],[-73.87673799149118,40.76021039300481],[-73.87699242445369,40.76162087539832],[-73.87729403984395,40.763282438957425],[-73.87730635620527,40.76334706381556],[-73.87731520097199,40.76339344022724],[-73.87743002192488,40.76403103832162],[-73.8777615560115,40.765852319715584],[-73.8781343770322,40.76789162876949],[-73.87814140760402,40.76793304121888],[-73.87814806871074,40.76796949132941],[-73.87852781600337,40.77004899536734],[-73.87880190528534,40.77000739167278],[-73.87907291008544,40.769948729127734],[-73.87933809366349,40.76987324796762],[-73.87959479009494,40.7697815214],[-73.87984046177743,40.76967446504345],[-73.88007280996749,40.76955326433304],[-73.88028984066462,40.769419378101766],[-73.8808427741646,40.76909722825045],[-73.88140824790496,40.768787155694504],[-73.88198556213993,40.76848956511402],[-73.88257399382722,40.76820484978379],[-73.88317280815102,40.76793335406047],[-73.88378119986533,40.76767539761571],[-73.88377141864129,40.767621188958366],[-73.88369363054579,40.76719007371576],[-73.88368653894327,40.767154423425914],[-73.88460353296135,40.766990436273474],[-73.88479490959527,40.76695059850148],[-73.8864272924119,40.766610776416016],[-73.88748351321195,40.766381472767904],[-73.88754121836064,40.76631812459758],[-73.88755437716469,40.7663599485407],[-73.88757154757614,40.76641112249586],[-73.88767346743641,40.76673941071534],[-73.88770661820105,40.76683859754896],[-73.8877298822504,40.76691443386693],[-73.88780699579732,40.76689500361724],[-73.88836546401782,40.766769593135606],[-73.88840731635753,40.76705530927202],[-73.88873377165999,40.76884036813825],[-73.88874444049091,40.76891817925372],[-73.88868841302896,40.76897759712405],[-73.88870893210384,40.769091523748884],[-73.88904000254621,40.77091623797898],[-73.8894022625021,40.772926718073755],[-73.88941280789925,40.772985242231954],[-73.88943432165382,40.77326539109006],[-73.88945486903653,40.77353295162977],[-73.88779843805139,40.77371129742463],[-73.88767940155553,40.77381879172328],[-73.88580762286658,40.77402222447542],[-73.88581012504099,40.774036017666916],[-73.8858179243354,40.77407899823858],[-73.88582793799685,40.774077948561285],[-73.88583361627411,40.77410924094314],[-73.88579151866949,40.77411365557502],[-73.88579034397604,40.77410718725044],[-73.88568182351509,40.77411856804318],[-73.88568292636897,40.77412464546023],[-73.88566947657928,40.77412605608386],[-73.88569498085101,40.77426661044559],[-73.88570207152337,40.77426586662938],[-73.88571221642918,40.774321771121606],[-73.8856739890098,40.77432577994892],[-73.88567349324379,40.77432305063176],[-73.88565054964832,40.774325457489624],[-73.8856700766504,40.77443307121688],[-73.88562650739915,40.7744376392895],[-73.88560236103497,40.774304564441664],[-73.88564627381488,40.774299959528406],[-73.88564767572947,40.77430769122314],[-73.88566773133998,40.77430558790474],[-73.88566130913951,40.77427020514127],[-73.88566791315607,40.7742695127772],[-73.8856427658474,40.77413093288601],[-73.88563853428384,40.774131378157634],[-73.88563231035376,40.774097074788635],[-73.88567586836324,40.77409250687019],[-73.88567708430492,40.7740992020666],[-73.88578804109304,40.77408756570373],[-73.88578683431388,40.77408091826238],[-73.88579477793273,40.77408008515708],[-73.8857871904108,40.77403826876198],[-73.88578473763778,40.77402471216519],[-73.88431556755118,40.77418436398478],[-73.88408262529131,40.77410448014405],[-73.88391627963722,40.77413260709415],[-73.88393168218266,40.77418464435187],[-73.88410836235337,40.77416708239305],[-73.88455150598266,40.77436062233284],[-73.88465982594323,40.77448010120951],[-73.88479222583373,40.77480706261817],[-73.88483742391051,40.774952980745674],[-73.88485536014247,40.775102212074245],[-73.88483519529919,40.775220841612715],[-73.88477361973442,40.775332280587186],[-73.88467523733445,40.77539676647521],[-73.88460175355073,40.775420511197055],[-73.88454882637309,40.77542804960344],[-73.88445519420907,40.77546480385052],[-73.8844198851326,40.77545646570194],[-73.88428737712128,40.775472056166045],[-73.88428830552827,40.77548309653415],[-73.8843321695282,40.77548296986499],[-73.8843625715657,40.77549337373272],[-73.88440957187987,40.775549360877335],[-73.88443135247967,40.77565610257318],[-73.88471823857216,40.777062012800286],[-73.88475744404437,40.77725413868526],[-73.88482322075386,40.77751239720446],[-73.88493197963548,40.777905021602564],[-73.8849907041199,40.77814521738817],[-73.8850324865645,40.778299831722826],[-73.88505522658453,40.77840531274419],[-73.88511399222647,40.77847552903454],[-73.8852000833067,40.77851357126287],[-73.88523914457693,40.778559221176536],[-73.88525027052705,40.77861290174314],[-73.88521875876222,40.778661362301825],[-73.88508345876629,40.778671313162],[-73.88505291740952,40.77877543567209],[-73.88512416501501,40.779061209283704],[-73.88508410716273,40.77935257161615],[-73.88516152546869,40.779413265222296],[-73.8851196894781,40.77951137588583],[-73.88510887006275,40.779522310043845],[-73.88502497289367,40.77955731793691],[-73.8850089744391,40.77956480761924],[-73.8849784254149,40.77974438290846],[-73.88493466381364,40.77993691180185],[-73.8848811379725,40.77998719623939],[-73.884782250211,40.78003848049792],[-73.88445032543243,40.780154601325556],[-73.8838520321957,40.78026431975454],[-73.88325271375172,40.78026542290149],[-73.88324038254832,40.78032572327384],[-73.88290491186557,40.78034869723981],[-73.88287851751463,40.78023631960679],[-73.88281116030059,40.780218936697636],[-73.88274449783424,40.78022342306771],[-73.88264030510993,40.78028585695379],[-73.8823177715757,40.78036054879649],[-73.88215899790556,40.78036786706125],[-73.88211863000274,40.7803958631772],[-73.88208293364785,40.78045083616726],[-73.882026294536,40.780485042522706],[-73.88187200517194,40.78049845486987],[-73.88168407749826,40.780500062639554],[-73.88155872247931,40.780546625234784],[-73.88139075919443,40.78060160840738],[-73.88121914737091,40.78061061673513],[-73.88096087846279,40.780585577235705],[-73.88087003949964,40.78057306017602],[-73.88075025782261,40.78057432574297],[-73.88038817410674,40.7806194164029],[-73.88018929439093,40.78063496792158],[-73.88002240497369,40.780644720342345],[-73.87990587716276,40.78063914517024],[-73.87973466843022,40.78065481804989],[-73.87961343937349,40.780694318452746],[-73.87958646834805,40.78069810985497],[-73.879590711038,40.78077914871722],[-73.87960408192893,40.78077916268734],[-73.87960692498986,40.780850313065976],[-73.87947468710027,40.78085695107581],[-73.87947341303366,40.780702689416785],[-73.8794480508971,40.78070047601006],[-73.87935806102325,40.78065668012806],[-73.87930409174356,40.78075940788087],[-73.87920483851629,40.78076738933486],[-73.87913370828673,40.780678228377106],[-73.87892488684261,40.78067355215151],[-73.87870562518967,40.78058590944754],[-73.87905115759298,40.781730532358935],[-73.87930868295156,40.781853658332345],[-73.87885837419567,40.78239817817795],[-73.87883146781654,40.78243071499697],[-73.87833923297973,40.78302592125204],[-73.87515754893558,40.78150944864814],[-73.87484527331485,40.78168492407531],[-73.87124856242515,40.786038151255035]]]]},"properties":{":id":"row-juda-5bnx~s9qd",":version":"rv-uqbf~74cq.ecgp",":created_at":"2025-11-24T21:48:59.646Z",":updated_at":"2025-11-24T21:48:59.646Z","coun_dist":"21","shape_leng":"70355.1574454","shape_area":"150651760.195"}},
{"type":"Feature","geometry":{"type":"MultiPolygon","coordinates":[[[[-73.87226355895683,40.79499235426039],[-73.8702073297133,40.790909147461896],[-73.87097263727193,40.78905713490393],[-73.87094746392428,40.78895375382263],[-73.87096139741698,40.78886528841757],[-73.87095613780784,40.78873218140715],[-73.87094258342167,40.788599413466166],[-73.87092076477519,40.78846728302712],[-73.87089073096055,40.788336087087735],[-73.87085254953452,40.78820612054356],[-73.87080132263131,40.788063241919765],[-73.87079045082086,40.788030268961535],[-73.87078574023136,40.787996465446476],[-73.87078728306437,40.78796249308689],[-73.87079504910912,40.78792901689926],[-73.87080888633459,40.7878966921864],[-73.87107316744445,40.7875748407528],[-73.87122538791158,40.78744541718149],[-73.8713739882531,40.7872709143256],[-73.87148752146939,40.7870525664737],[-73.86923491765765,40.785969915418974],[-73.86978081192642,40.785337933325856],[-73.87124856242515,40.786038151255035],[-73.87484527331485,40.78168492407531],[-73.87515754893558,40.78150944864814],[-73.87833923297973,40.78302592125204],[-73.87883146781654,40.78243071499697],[-73.87885837485503,40.782398179183794],[-73.87930868295156,40.781853658332345],[-73.87905115759298,40.781730532358935],[-73.87870562518967,40.78058590944754],[-73.87892488684261,40.78067355215151],[-73.87913370828673,40.780678228377106],[-73.87920483851629,40.78076738933486],[-73.87930409174356,40.78075940788087],[-73.87935806102325,40.78065668012806],[-73.8794480508971,40.78070047601006],[-73.87947341303366,40.780702689416785],[-73.87947468710027,40.78085695107581],[-73.87960692498986,40.780850313065976],[-73.87960408192893,40.78077916268734],[-73.879590711038,40.78077914871722],[-73.87958646834805,40.78069810985497],[-73.87961343937349,40.780694318452746],[-73.87973466843022,40.78065481804989],[-73.87990587782392,40.78063914517092],[-73.88002240497369,40.780644720342345],[-73.88018929439093,40.78063496792158],[-73.88038817410674,40.7806194164029],[-73.88075025848379,40.78057432574365],[-73.88087003949875,40.780573060678584],[-73.88096087912395,40.78058557723638],[-73.88121914736911,40.78061061774028],[-73.88139075985559,40.78060160840805],[-73.88155872247931,40.780546625234784],[-73.88168407749826,40.780500062639554],[-73.88187200517194,40.78049845486987],[-73.882026294536,40.780485042522706],[-73.88208293364785,40.78045083616726],[-73.88211863000274,40.7803958631772],[-73.88215899790379,40.7803678680664],[-73.88231777157391,40.78036054980164],[-73.88264030510993,40.78028585695379],[-73.88274449783424,40.78022342306771],[-73.88281116030059,40.780218936697636],[-73.88287851751463,40.78023631960679],[-73.88290491186557,40.78034869723981],[-73.88324038254832,40.78032572327384],[-73.88325271441288,40.780265422902175],[-73.8838520321957,40.78026431975454],[-73.88445032609359,40.78015460132622],[-73.88478225021014,40.780038481000496],[-73.88488113797075,40.77998719724454],[-73.88493466381364,40.77993691180185],[-73.8849784254149,40.77974438290846],[-73.88500897510025,40.7795648076199],[-73.88502497289367,40.77955731793691],[-73.88510887006275,40.779522310043845],[-73.8851196894781,40.77951137588583],[-73.88516152546869,40.779413265222296],[-73.88508410716273,40.77935257161615],[-73.88512416501501,40.779061209283704],[-73.88505291740952,40.77877543567209],[-73.88508345876629,40.778671313162],[-73.88521875942162,40.77866136330763],[-73.88525027052705,40.77861290174314],[-73.88523914457693,40.778559221176536],[-73.88520008396785,40.77851357126352],[-73.88511399222647,40.77847552903454],[-73.88505522658453,40.77840531274419],[-73.8850324865645,40.778299831722826],[-73.88499070411817,40.77814521839333],[-73.88493197963548,40.777905021602564],[-73.88482322075386,40.77751239720446],[-73.88475744404437,40.77725413868526],[-73.88440957187987,40.775549360877335],[-73.8843625715657,40.77549337373272],[-73.88433217018931,40.77548296986565],[-73.88428830552827,40.77548309653415],[-73.88428737712128,40.775472056166045],[-73.88441988513173,40.77545646620453],[-73.88445519420907,40.77546480385052],[-73.88454882637309,40.77542804960344],[-73.8846017535516,40.775420510694495],[-73.88467523733445,40.77539676647521],[-73.88477361973442,40.775332280587186],[-73.88483519529919,40.775220841612715],[-73.88485536080358,40.775102212074884],[-73.88483742391051,40.774952980745674],[-73.88479222583373,40.77480706261817],[-73.88465982660433,40.774480101210166],[-73.88455150598266,40.77436062233284],[-73.88410836235337,40.77416708239305],[-73.88393168284377,40.77418464435253],[-73.8839162796381,40.77413260659158],[-73.88408262529131,40.77410448014405],[-73.88431556755118,40.77418436398478],[-73.88578473763778,40.77402471216519],[-73.8857871904108,40.77403826876198],[-73.8857947779336,40.77408008465451],[-73.88578683431474,40.774080917759804],[-73.88578804109304,40.77408756570373],[-73.88567708430492,40.7740992020666],[-73.88567586836324,40.77409250687019],[-73.88563231035376,40.774097074788635],[-73.88563853428471,40.77413137765505],[-73.8856427658474,40.77413093288601],[-73.88566791315607,40.7742695127772],[-73.88566130980061,40.77427020514193],[-73.88566773133998,40.77430558790474],[-73.88564767572947,40.77430769122314],[-73.88564627381488,40.774299959528406],[-73.88560236103582,40.774304563939076],[-73.88562650739915,40.7744376392895],[-73.8856700766504,40.77443307121688],[-73.88565054964832,40.774325457489624],[-73.88567349324379,40.77432305063176],[-73.8856739890098,40.77432577994892],[-73.88571221642918,40.774321771121606],[-73.88570207152337,40.77426586662938],[-73.88569498085101,40.77426661044559],[-73.88566947657928,40.77412605608386],[-73.88568292636897,40.77412464546023],[-73.88568182351509,40.77411856804318],[-73.88579034397604,40.77410718725044],[-73.88579151867035,40.77411365507245],[-73.88583361627497,40.77410924044055],[-73.88582793799772,40.774077948058704],[-73.8858179243354,40.77407899823858],[-73.88581012504099,40.774036017666916],[-73.88580762286658,40.77402222447542],[-73.88767940155553,40.77381879172328],[-73.88779843805139,40.77371129742463],[-73.88945486903653,40.77353295162977],[-73.88943432165382,40.77326539109006],[-73.88941280789925,40.772985242231954],[-73.8894022625021,40.772926718073755],[-73.88904000254621,40.77091623797898],[-73.88870893210384,40.769091523748884],[-73.88868841368999,40.76897759712469],[-73.88874444049091,40.76891817925372],[-73.88873377165999,40.76884036813825],[-73.88840731635753,40.76705530927202],[-73.88836546401782,40.766769593135606],[-73.88780699579732,40.76689500361724],[-73.8877298822504,40.76691443386693],[-73.88770661820105,40.76683859754896],[-73.88767346743641,40.76673941071534],[-73.88757154757614,40.76641112249586],[-73.88755437716469,40.7663599485407],[-73.88754121836064,40.76631812459758],[-73.88748351387297,40.76638147276856],[-73.8864272924119,40.766610776416016],[-73.88460353296135,40.766990436273474],[-73.88368653894327,40.767154423425914],[-73.88369363054667,40.767190073213186],[-73.88377141864129,40.767621188958366],[-73.88378119986358,40.767675398620845],[-73.88317280815102,40.76793335406047],[-73.88257399382722,40.76820484978379],[-73.88198556213993,40.76848956511402],[-73.88140824790496,40.768787155694504],[-73.8808427741646,40.76909722825045],[-73.88028984066462,40.769419378101766],[-73.88007280996749,40.76955326433304],[-73.87984046177743,40.76967446504345],[-73.87959479009494,40.7697815214],[-73.87933809366349,40.76987324796762],[-73.87907291008544,40.769948729127734],[-73.87880190528534,40.77000739167278],[-73.87852781600337,40.77004899536734],[-73.87814806871074,40.76796949132941],[-73.87814140760402,40.76793304121888],[-73.8781343770322,40.76789162876949],[-73.8777615560115,40.765852319715584],[-73.87743002192488,40.76403103832162],[-73.87731520097199,40.76339344022724],[-73.87730635620527,40.76334706381556],[-73.87729403984395,40.763282438957425],[-73.87699242445369,40.76162087539832],[-73.87797300090973,40.76179493117617],[-73.87843195100253,40.76187683970991],[-73.8785689046991,40.76190978992034],[-73.87895382732579,40.76198398198397],[-73.87942030653488,40.76194500238532],[-73.87988806393793,40.761905913841524],[-73.88034125861752,40.761857632206585],[-73.88081808433608,40.76180683320962],[-73.88174765708268,40.76170491861623],[-73.88205151352517,40.76167325275254],[-73.88236929982294,40.761640133454165],[-73.88267653144948,40.761608108705076],[-73.88312654552281,40.761561155596894],[-73.8836070851272,40.76151100536048],[-73.88453648730524,40.761413524454525],[-73.88546754686108,40.76131541684848],[-73.88639712367026,40.76121645324568],[-73.88684250265432,40.76116946128586],[-73.88732718297751,40.7611183286215],[-73.88825672706025,40.76102178112106],[-73.88858932232382,40.76285796281905],[-73.88951903460682,40.76275934372516],[-73.89044629253009,40.76266046199921],[-73.89137592477613,40.762556595676855],[-73.89230307802352,40.76245303465306],[-73.8932404187698,40.76235410384869],[-73.89508509535086,40.762161434264655],[-73.89602357679617,40.762062238610355],[-73.89694033831151,40.76196851793815],[-73.89705132643715,40.76195717163286],[-73.89771940257863,40.76097643308493],[-73.89825244241602,40.76021779689837],[-73.89845428017524,40.75993052437589],[-73.89906152130483,40.75903947787694],[-73.89913442260253,40.758876846512585],[-73.89919103516428,40.75870917657339],[-73.89923054046456,40.75853789066785],[-73.8992524388222,40.75836453531141],[-73.89925652710185,40.75819066129199],[-73.89924292112397,40.758017859372245],[-73.89921206837363,40.757847654926714],[-73.89970129946904,40.75779531189343],[-73.89983352529447,40.75778129327365],[-73.89996692971388,40.75776772550045],[-73.90028590875389,40.75773338915987],[-73.90051916404215,40.75770828032515],[-73.90070155579211,40.75768665930467],[-73.9009563073431,40.75766543394284],[-73.90134618626152,40.757622638076924],[-73.9018989815488,40.75756434336796],[-73.90278581649935,40.75747173057434],[-73.90367785013481,40.757377234319115],[-73.90459249045993,40.75728155056375],[-73.90484694951769,40.75725491632293],[-73.90510230924713,40.75722779710673],[-73.90557464109997,40.75717763124475],[-73.90646810018757,40.75708247410205],[-73.90736565517516,40.756987592255065],[-73.90782817537729,40.756999264898866],[-73.90794875372646,40.75705297885578],[-73.90800137586628,40.7570764209281],[-73.90805750232892,40.75710142426788],[-73.90810909435172,40.75712440711739],[-73.90815868789194,40.75714649811715],[-73.90821305770318,40.75717071813631],[-73.90826756296154,40.75719499821189],[-73.90748727286629,40.758107670412606],[-73.9070578187741,40.758678145096],[-73.90649338814876,40.75956398987947],[-73.90632327020704,40.75983682032022],[-73.90699706564197,40.760144557085866],[-73.90906577535371,40.75756516229934],[-73.90988590118529,40.757947657499834],[-73.91068364489192,40.75831898029214],[-73.91239683714694,40.75623591374894],[-73.9126108763821,40.75597094190591],[-73.91446450844816,40.75367641156909],[-73.91468429799946,40.75368006915946],[-73.91547326331049,40.753791817597985],[-73.91650534619922,40.75389159079441],[-73.91763192901753,40.753857848779745],[-73.91892348120214,40.75363612390905],[-73.9197216793521,40.754012581491295],[-73.9205210244863,40.75438764719136],[-73.92132060669522,40.75476023077472],[-73.92211889935726,40.755139615833315],[-73.92290475799622,40.7555061650716],[-73.92370440093876,40.75588003693086],[-73.9224626411904,40.757423179587896],[-73.92283071770126,40.75760188346767],[-73.92325796493276,40.75780282362846],[-73.92405428664307,40.75817635062407],[-73.92485424049214,40.758550719961626],[-73.9256536137131,40.75892217392004],[-73.9266676714301,40.75766934155167],[-73.9269027994674,40.75737884061819],[-73.92815372595571,40.755835855564214],[-73.92895587459019,40.75621258415927],[-73.92975052153034,40.75658057764647],[-73.9305526747699,40.75695894252397],[-73.93135128749974,40.75733408502368],[-73.93215200341925,40.75771038532744],[-73.93335306611257,40.758274334022595],[-73.934250207451,40.758695133791605],[-73.93364495206009,40.75936366670663],[-73.9335878983896,40.75942668388645],[-73.93342954183312,40.75960159425174],[-73.93337783018912,40.75965871146916],[-73.93320800372535,40.75984628671849],[-73.93315340784251,40.759906588336406],[-73.93301955829227,40.76005442709111],[-73.93297331990884,40.760105497442645],[-73.93289707098546,40.76018971506707],[-73.93221954627964,40.76096999396604],[-73.93218988547544,40.7610041529647],[-73.93200523086222,40.76121680903537],[-73.93197499588334,40.76125162869582],[-73.93182663207013,40.76142249009749],[-73.93180189671754,40.761450974791934],[-73.93164473399297,40.76163196723372],[-73.9316205552401,40.76165981193479],[-73.93158049322682,40.76170594772485],[-73.93183060408394,40.761822653622986],[-73.93187062611219,40.76184157053008],[-73.93224736019282,40.76201610922902],[-73.93269690931487,40.762226876344414],[-73.93304039826455,40.76238714728287],[-73.93390756494765,40.76279175705521],[-73.93393250884927,40.762803393802606],[-73.933980922041,40.76282598226059],[-73.93541372919516,40.763496788839184],[-73.93614654246036,40.763842829217296],[-73.9361686178303,40.76385325334688],[-73.93619185008461,40.76386422424714],[-73.93621639294824,40.76387581253077],[-73.9362557499475,40.76389439701075],[-73.936842491866,40.7641650826823],[-73.93687031143858,40.76417791750649],[-73.93700478603877,40.764239954217],[-73.93706586289021,40.76413949942342],[-73.93711698580267,40.764055415648436],[-73.93729934334928,40.7637554872065],[-73.93735680359886,40.763660979125255],[-73.93759028136542,40.76327696478425],[-73.93764293527882,40.76319036150428],[-73.93776487442966,40.76298979834284],[-73.93781117068829,40.762913650688155],[-73.938045225329,40.762528677784324],[-73.93808717008406,40.76246279617018],[-73.93813490744462,40.76238781345894],[-73.93825366632025,40.762201276329655],[-73.93830467439322,40.76212115661043],[-73.93846454912664,40.76187003659744],[-73.93851422708904,40.76179200428114],[-73.93863960997909,40.76159505837404],[-73.93868998365882,40.76151593290826],[-73.93914473493503,40.76080161938487],[-73.93997969196981,40.7610997452053],[-73.94079611584873,40.76139140032793],[-73.94161515020409,40.76168584295755],[-73.94247180541667,40.76199390314672],[-73.9426849761258,40.76204275657046],[-73.94406497795875,40.76256695461084],[-73.94427501335176,40.76265791134932],[-73.94437302146086,40.76270717729955],[-73.94471460869173,40.76287884042692],[-73.94467628145476,40.762930085599876],[-73.94350282032734,40.76449904074385],[-73.94158523271763,40.76661608765767],[-73.94131174941451,40.76691800476966],[-73.94046256951661,40.76753046980322],[-73.94035103784384,40.76765337598744],[-73.93983559349122,40.76798800593934],[-73.93800409698186,40.76881049900333],[-73.93640381802317,40.769474884014706],[-73.93532259466005,40.77048459404705],[-73.93495593369758,40.771730170218916],[-73.93556797115896,40.77191877753393],[-73.93560853449772,40.77193127768452],[-73.93746637681015,40.77250376846241],[-73.93746638603186,40.77253149512557],[-73.93781335969558,40.773562894145364],[-73.93785811888885,40.774087568973414],[-73.93765483090813,40.77508568538369],[-73.93704702153694,40.77586648704142],[-73.9370301283993,40.77589320499802],[-73.93638022883651,40.77692145656304],[-73.936089196991,40.77718432207707],[-73.93585452641504,40.77721168462421],[-73.93508232558261,40.77794423372817],[-73.93474353077397,40.778076335377406],[-73.93437322856104,40.77808592213728],[-73.93381132859464,40.77810045373345],[-73.93289245470477,40.77794260548788],[-73.93277477867667,40.777922388777945],[-73.93274122965342,40.77799395031764],[-73.93272210453966,40.77803476711798],[-73.93264931173445,40.77802197373036],[-73.93184646077505,40.777880825030614],[-73.93178834305155,40.77787060710488],[-73.93104964298944,40.777441897312066],[-73.93107377146754,40.777260594398165],[-73.9308830426314,40.77697370667985],[-73.93062856554165,40.776590902749604],[-73.92988058566199,40.77622163190228],[-73.9290357214348,40.77646741705894],[-73.9286051502335,40.776592675101],[-73.92839561141334,40.776790529567684],[-73.92827730832772,40.776898974821876],[-73.92631833403904,40.77824177518497],[-73.92582201245972,40.778385906263104],[-73.92574521646584,40.778405371341016],[-73.9256507624441,40.77843081183346],[-73.9255730426292,40.778458851326185],[-73.92487344547924,40.77862560400693],[-73.92423363007518,40.77910119376552],[-73.92318694398017,40.78024839312534],[-73.92295652690196,40.78044100761968],[-73.92263013830896,40.78056478522546],[-73.92209965433324,40.7808518746365],[-73.92097562099744,40.781767691003914],[-73.91996458792964,40.78263506903906],[-73.91909034740662,40.78336764600448],[-73.91847384225493,40.783754157697906],[-73.91818863005308,40.78393296611417],[-73.91773807440362,40.78407595141046],[-73.91724516427522,40.78414200119841],[-73.91717118646493,40.784193483868876],[-73.91718200679621,40.784552063681986],[-73.91683277016423,40.785191392487384],[-73.91575172894562,40.786107578578125],[-73.9154171875742,40.78606392941103],[-73.91534351270965,40.78611634758426],[-73.91526014002221,40.786192216642036],[-73.91558710205888,40.78642963116634],[-73.91423947964567,40.787856209563394],[-73.91259985977615,40.7893763296344],[-73.91240811000254,40.78927430344559],[-73.91266748360792,40.789003974541735],[-73.91222952426362,40.789179279966184],[-73.91206853578734,40.78933865381293],[-73.91195110905574,40.78940179722103],[-73.91207975090545,40.78952181499009],[-73.91183777736101,40.789680884458335],[-73.91169342372018,40.789572638609854],[-73.91124959105274,40.789743936303196],[-73.91094297500425,40.789755042751274],[-73.91090487098738,40.79004068496287],[-73.9102221578405,40.79046520778237],[-73.91067333522173,40.793116307484475],[-73.91239963408823,40.796070256011305],[-73.90565712348884,40.794122213222195],[-73.8998688874523,40.79244947295625],[-73.89818463293912,40.79455861480969],[-73.89772183635715,40.7951381343801],[-73.89657877613203,40.79565123766074],[-73.89611004539331,40.79691976431162],[-73.89250388082327,40.80120539489596],[-73.88926742901008,40.80021223914148],[-73.87226355895683,40.79499235426039]]]]},"properties":{":id":"row-xxps~8u8m-8p7b",":version":"rv-rcth-gd5r.2ykf",":created_at":"2025-11-24T21:48:59.646Z",":updated_at":"2025-11-24T21:48:59.646Z","coun_dist":"22","shape_leng":"86774.7753341","shape_area":"186235161.349"}},
{"type":"Feature","geometry":{"type":"MultiPolygon","coordinates":[[[[-73.77895751354407,40.81171319271116],[-73.76371207931386,40.7938030647761],[-73.75710329156226,40.7896920979535],[-73.75081839451377,40.78288740616716],[-73.75020024946947,40.78253434195336],[-73.7467245715036,40.78030652579971],[-73.74559224340241,40.779580679271135],[-73.7450024879486,40.77919897460485],[-73.74461376070957,40.77894737610949],[-73.7442928977755,40.778747261923485],[-73.74404091457224,40.77859010478235],[-73.74344992331999,40.778241153417625],[-73.7415196945707,40.77710224542644],[-73.74075991555428,40.77669471049995],[-73.7403662941908,40.776389704449514],[-73.74007973905776,40.77620879539486],[-73.73937598820744,40.776013669668394],[-73.73912362003522,40.77570414357532],[-73.7388622736383,40.77557315790131],[-73.73770283622301,40.77479358573238],[-73.73688222986335,40.77433096084055],[-73.73389261591328,40.77252717875933],[-73.7330421577955,40.77195443436617],[-73.73205865644933,40.771302142208796],[-73.73128738643442,40.77081511498167],[-73.73048834673939,40.770345686753515],[-73.72954341946242,40.76976687030746],[-73.72893318870014,40.76937963280282],[-73.72794281408054,40.76877903062529],[-73.72685941273382,40.768085063331235],[-73.7258254369014,40.76746462502287],[-73.72378862670342,40.76623911773688],[-73.72293103953132,40.76568429565545],[-73.72233090826661,40.76531497742312],[-73.72153324679667,40.76482318958619],[-73.72097588368393,40.76476015878467],[-73.72080904855125,40.76464771634076],[-73.7207522264681,40.76458735264866],[-73.72071269834466,40.76453219000178],[-73.72088089754082,40.76451598518223],[-73.7208809451558,40.76451597976922],[-73.72088128747464,40.76451594659064],[-73.72215125545397,40.764393577296694],[-73.72275679204192,40.76433423631498],[-73.7230585171076,40.76430466649274],[-73.72331982151246,40.764273856954446],[-73.72369498264108,40.764219430315435],[-73.72409366828053,40.76415800726635],[-73.72436146158208,40.764104348218495],[-73.72462140368752,40.76405134608749],[-73.72472879312461,40.764029448172494],[-73.72509074114456,40.763944503120925],[-73.72525530538702,40.763901852408665],[-73.72548590458972,40.76383760951933],[-73.7257676644263,40.76375101259179],[-73.7259799973442,40.7636756763522],[-73.72632173060683,40.76356048553506],[-73.72639673334946,40.76353347344539],[-73.72664293953424,40.763444803408035],[-73.7271083670605,40.76325350435725],[-73.72755175235275,40.76305917887804],[-73.72754697810143,40.76306233819584],[-73.72794048315144,40.762869253396545],[-73.72803953337142,40.762815424919474],[-73.72836776847717,40.76263704852829],[-73.72912044027463,40.76217625580832],[-73.7295148646959,40.76191701756328],[-73.72967321902554,40.76181293808087],[-73.73031557828277,40.76138988087926],[-73.73097265717547,40.76099832584811],[-73.73103101443246,40.76096354989767],[-73.73186169089132,40.76054165366227],[-73.73236342621747,40.760356954941344],[-73.73260790216641,40.760275127686896],[-73.7332857712447,40.760048238146716],[-73.734337071002,40.759682645472985],[-73.73450836115651,40.75962307838259],[-73.73482847618016,40.75949416831567],[-73.73529840855265,40.75928292830686],[-73.73594957384626,40.758947595623084],[-73.73595390191174,40.758945050594484],[-73.73745039920284,40.75806460386866],[-73.73757525769179,40.757991142796435],[-73.73829921165809,40.75753082957694],[-73.73890565299928,40.75714472670286],[-73.73926325548246,40.756917048365516],[-73.73970566210595,40.756622934202596],[-73.74034140235797,40.75620598278991],[-73.7409212218632,40.75582569783681],[-73.74178082290612,40.7552703527103],[-73.74322290694752,40.75433865914988],[-73.74397778284754,40.75385093437021],[-73.744119421909,40.75375576873893],[-73.74427294766556,40.753654747961704],[-73.74434849555065,40.75359981309914],[-73.74440887432992,40.753563341323655],[-73.74445353962327,40.753609961756176],[-73.74450877072098,40.75367760424387],[-73.74458559767726,40.753764764212036],[-73.74509968258702,40.75439415878987],[-73.74517065918813,40.75448105411918],[-73.74569305224432,40.755110728360144],[-73.74615051223887,40.7556474918677],[-73.74642935593172,40.75597467059529],[-73.74655706272048,40.75609895989595],[-73.74695405660532,40.75652701655804],[-73.74725829906647,40.75687200046719],[-73.74740741791935,40.757041084486204],[-73.74844540258445,40.75805041774325],[-73.74847118303536,40.758075485925],[-73.7490020634322,40.75847999008175],[-73.74927400137689,40.7586540019293],[-73.74965304585558,40.7588909762618],[-73.74990296260944,40.75903898603629],[-73.750216477156,40.759208962725374],[-73.75056144168724,40.75937404317832],[-73.7508363181469,40.75949236211923],[-73.75091653212465,40.759526888912696],[-73.75128060061036,40.75966699377299],[-73.7515981155073,40.759775366586766],[-73.75165245386472,40.75979391199501],[-73.75204572880466,40.75991593074225],[-73.75282986293327,40.76015921351717],[-73.7534094815616,40.76033251342864],[-73.75385294181186,40.760465100785126],[-73.75415402854306,40.76056062150797],[-73.75444903469501,40.760667231131784],[-73.75473690829195,40.760784585876316],[-73.7550166448515,40.76091224289604],[-73.7551621618177,40.76098036194864],[-73.75533861211504,40.76106296099598],[-73.75564648886717,40.7612296137451],[-73.75594366755156,40.761407391720496],[-73.75622913163357,40.76159569830159],[-73.75650776144853,40.76176865367964],[-73.75667156486514,40.761910287736306],[-73.75680310359017,40.762024023619865],[-73.75705812560108,40.762245842016256],[-73.7571242852259,40.76223452220089],[-73.75730147861219,40.76220220183112],[-73.75811452065416,40.76205389719113],[-73.75848075066634,40.761994737148996],[-73.75800131767161,40.760379867480545],[-73.75987745887308,40.75999492161085],[-73.76028205910566,40.75991440030584],[-73.76035620399833,40.75990013371918],[-73.7612554060865,40.75971470797308],[-73.7623951060683,40.75949699812367],[-73.7619974596747,40.75810219121534],[-73.76176692858844,40.757278802073124],[-73.76185572317421,40.75651697538559],[-73.7623019816315,40.75642577471846],[-73.76342031951155,40.75619721391152],[-73.76433277934065,40.755994372147455],[-73.76523621357384,40.75586461587298],[-73.76570358948732,40.75580376704588],[-73.76614952873418,40.75574570651992],[-73.76699165940975,40.7556367493233],[-73.76716451639432,40.75565762302073],[-73.76814580416492,40.75548264295859],[-73.76831336736576,40.75545292063885],[-73.7687272361982,40.755353881679035],[-73.76904885989671,40.75527691675455],[-73.76932641595927,40.755207844498955],[-73.76994087017533,40.75504446991305],[-73.77013305512311,40.75499260606413],[-73.77096771873376,40.7547772456579],[-73.77128998026515,40.754689132049286],[-73.77189274186227,40.75453127969367],[-73.7721002497453,40.75448204492939],[-73.7728007949354,40.754269377915904],[-73.77300321796216,40.75419698016328],[-73.77364041758644,40.753927793254505],[-73.77386009672081,40.753836625225226],[-73.77446597875449,40.75357476604815],[-73.77475013400988,40.75350089468656],[-73.77535492524757,40.753353527418824],[-73.77569491914107,40.75329173087771],[-73.77580042142876,40.75327255729864],[-73.77587843821054,40.75326100370324],[-73.77625752446836,40.75320488197018],[-73.77638305025008,40.753183764909984],[-73.77739676984584,40.75331613993245],[-73.7782255950766,40.75339329144776],[-73.77844998860962,40.75341328281492],[-73.77919777200985,40.75348358025198],[-73.77948290019985,40.75348216437533],[-73.7801307744261,40.75339532255992],[-73.78043580592434,40.75334476523079],[-73.78052037800592,40.75333074310268],[-73.78058844393409,40.75331976928122],[-73.78125997484747,40.75321211314228],[-73.7822918824895,40.7530441232726],[-73.7832577608626,40.752886311870625],[-73.78418193652017,40.752729305321715],[-73.78511672613043,40.75263283465086],[-73.78604826245204,40.75253770128902],[-73.78621052409392,40.752524143759274],[-73.7862106900312,40.752524126476956],[-73.78621085556124,40.752524098807264],[-73.78637213760622,40.75249813908476],[-73.78653016735176,40.75245986376168],[-73.78668224241946,40.7524098067798],[-73.78668237253497,40.752409762458704],[-73.78668249100767,40.75240970789691],[-73.78682640714447,40.75234874035869],[-73.78682652561693,40.75234868579677],[-73.7868266319701,40.752348632217576],[-73.78696070350531,40.75227776691683],[-73.78786155454517,40.75184699658783],[-73.7888414098425,40.752047809821846],[-73.78942807933669,40.752198835788796],[-73.79013086513874,40.752403561262945],[-73.79080324911442,40.75260988071274],[-73.79131376088158,40.75276652698272],[-73.79230613356843,40.75305067510472],[-73.7923751799854,40.75307044775698],[-73.7924309924644,40.75308481272215],[-73.79343320201463,40.75334270050855],[-73.7945772699,40.753563011339125],[-73.79545889785523,40.753666635651484],[-73.79639560055406,40.75377206000977],[-73.79732479585624,40.753870574679944],[-73.79755768099942,40.75389215669528],[-73.79779220872354,40.75390347242125],[-73.79802721752131,40.75390444358698],[-73.79826149956419,40.75389508331935],[-73.79921422918765,40.75383238895954],[-73.80016571325272,40.75378164293452],[-73.80111443884104,40.75373383761335],[-73.80079466324723,40.7561062034474],[-73.80047244166644,40.75845333156761],[-73.80030039037474,40.759702299144585],[-73.80083443158323,40.75997103337632],[-73.80119070880735,40.760182268352814],[-73.80204886889241,40.76083557779314],[-73.80287489303865,40.76144852933755],[-73.80332173221451,40.761789782604],[-73.80340793122497,40.76185670233883],[-73.80364037848891,40.76203716483967],[-73.80374079741698,40.76213336533853],[-73.80421232367829,40.76244775981439],[-73.80463134122573,40.76258852792884],[-73.80552672768947,40.76288990287444],[-73.80643134088142,40.76319391432032],[-73.80733474300244,40.76349762042402],[-73.80823141339346,40.763797653460436],[-73.80913489897905,40.764069638359565],[-73.81005451594237,40.764377312414354],[-73.81099348623093,40.764704740070016],[-73.81081684770079,40.76602696080514],[-73.81047194316264,40.76855662648713],[-73.81144219572597,40.76863317595285],[-73.81236961327933,40.76870394859432],[-73.81305741705944,40.768754890374964],[-73.81354774646925,40.76879479435606],[-73.81454044135248,40.76887880140161],[-73.81558348282208,40.768961008214056],[-73.81639995990338,40.7690242215738],[-73.8173389735714,40.76910295109773],[-73.81820808983579,40.76901470697635],[-73.81920547890631,40.76886946645598],[-73.82031967664813,40.768714189655164],[-73.82140471964715,40.768559233494],[-73.8216374459528,40.76968393792902],[-73.82191033505791,40.77081791066746],[-73.8219152027969,40.77163671573841],[-73.82186566026994,40.77235234284087],[-73.82467393375263,40.7723469973439],[-73.82467568508017,40.7730630093057],[-73.82467733152254,40.77377384280655],[-73.8246713406754,40.7745150836166],[-73.82454834694173,40.77525806458764],[-73.82433101875267,40.77674307030114],[-73.82486800974954,40.77654235484638],[-73.82583089977572,40.77591527107879],[-73.82777847721079,40.775977415558586],[-73.82809020119055,40.77599391141224],[-73.82838973440617,40.77554023585361],[-73.82862785260242,40.775179575324835],[-73.82880127671024,40.774916901701246],[-73.82892701478193,40.774726453288345],[-73.82908611023961,40.77451006442913],[-73.82928564384241,40.774260936052194],[-73.82928891308,40.77425685510841],[-73.82953302772601,40.773972863870036],[-73.82978260875083,40.77370822304879],[-73.83010045677362,40.77341027418835],[-73.83044511442434,40.77311964473674],[-73.83073315143655,40.77287675602848],[-73.83131389871201,40.77246831924507],[-73.83149893826847,40.772348426204566],[-73.83184462900877,40.77214332957353],[-73.83202771035731,40.772034707146425],[-73.83300039443222,40.7714579972769],[-73.83334865514642,40.77125150720168],[-73.83335060179924,40.77125035224582],[-73.833688590631,40.77104670025373],[-73.83429330220785,40.77068233173529],[-73.83482032469182,40.77033148395176],[-73.83501861550361,40.770199476866765],[-73.83603815467771,40.7694758892956],[-73.83617641724948,40.769354700203984],[-73.83668822335402,40.76890609393798],[-73.8369895859674,40.768619133816436],[-73.83733359115477,40.76826597509165],[-73.8374280157449,40.76815765525071],[-73.83795735901592,40.76755040135293],[-73.83840135686984,40.76696546591501],[-73.8385158887839,40.76681457603477],[-73.83862760919776,40.766643807990555],[-73.83863720801538,40.766632670570296],[-73.83905335035489,40.76595867810006],[-73.83923559148727,40.76563158757378],[-73.83935912292067,40.76540987185397],[-73.83945813446032,40.76544576896126],[-73.83957871865518,40.76548239812459],[-73.84062403627433,40.765806481180704],[-73.84951429878517,40.76397356694918],[-73.85344425935969,40.76551223405234],[-73.85496814448082,40.767449953045116],[-73.85472931600385,40.77039804665741],[-73.85262957746897,40.77207593918788],[-73.85289466924495,40.77545639900385],[-73.86052686814399,40.77897866529369],[-73.86270011847127,40.78121028854978],[-73.86524686154334,40.785890802389616],[-73.86899552716032,40.785852296195436],[-73.86918113503913,40.78594348957076],[-73.86923491699743,40.78596991491565],[-73.87148752147036,40.7870525659711],[-73.87137398825212,40.78727091482818],[-73.87122538725035,40.787445417180756],[-73.87107316744542,40.7875748402502],[-73.87080888633555,40.78789669168382],[-73.87079504911628,40.787929016501025],[-73.8707872830752,40.787962492788395],[-73.87078574024221,40.78799646524577],[-73.87079045082785,40.78803026885942],[-73.87080132263131,40.788063241919765],[-73.87085254953452,40.78820612054356],[-73.87089073096055,40.788336087087735],[-73.87092076477519,40.78846728302712],[-73.87094258342167,40.788599413466166],[-73.87095613780784,40.78873218140715],[-73.87096139741698,40.78886528841757],[-73.8709474639233,40.788953754325206],[-73.87097263727193,40.78905713490393],[-73.8702073297133,40.790909147461896],[-73.86711790896685,40.79374195431731],[-73.86484987184818,40.79588744646705],[-73.86296518139766,40.79767016410337],[-73.85463199172668,40.79972430089161],[-73.85307212690249,40.80011348135236],[-73.84409447984187,40.8010620371218],[-73.83540689516165,40.802199000969956],[-73.83081953094234,40.80306037604333],[-73.83060205642398,40.80314153500282],[-73.83054793122331,40.803161733525826],[-73.8304762117856,40.80318046627315],[-73.83040449232841,40.8031991907671],[-73.8275413245244,40.803864358696046],[-73.82324381300123,40.80482456537745],[-73.81741799088005,40.80579036349297],[-73.8112998373544,40.80539727924102],[-73.80454265107448,40.80355381491635],[-73.7997453237631,40.80219889876749],[-73.79370965939952,40.800375327570364],[-73.79362906933848,40.800396298039246],[-73.79354649436172,40.80039477680417],[-73.7900200244699,40.80023039588553],[-73.78791783864519,40.80036209981097],[-73.78731570934909,40.800853276792914],[-73.78620708738411,40.80160298675889],[-73.78474510346776,40.80259161534861],[-73.7826761967837,40.80538577085194],[-73.77955573722761,40.811247141026755],[-73.77895751354407,40.81171319271116]]]]},"properties":{":id":"row-mjae_9fme~b6a2",":version":"rv-ef7n_fvfn-h9mb",":created_at":"2025-11-24T21:48:59.646Z",":updated_at":"2025-11-24T21:48:59.646Z","coun_dist":"19","shape_leng":"117797.086866","shape_area":"479560204.652"}},
{"type":"Feature","geometry":{"type":"MultiPolygon","coordinates":[[[[-73.87265899498115,40.73438030080327],[-73.87208296206036,40.73422903397709],[-73.87175304942404,40.73413300579622],[-73.8703784900335,40.73372384240506],[-73.87026254803291,40.7336893325194],[-73.87013204958298,40.73364754415518],[-73.86992425932884,40.73357818678419],[-73.86925321123611,40.733350668753616],[-73.86882139257666,40.73317036473312],[-73.86855740276417,40.733044820418],[-73.86850101189904,40.73301800235949],[-73.86821963125841,40.73288147814404],[-73.86810582281171,40.732826254515366],[-73.86796419057609,40.7327558254784],[-73.86786545459975,40.73269925036621],[-73.86780898288778,40.732671954255466],[-73.86765125158688,40.732583631082335],[-73.86742303332991,40.73245584823575],[-73.86697057211147,40.73220248991739],[-73.86673663510794,40.73207045664742],[-73.86650269925134,40.731938423067554],[-73.86607351109753,40.73169441908045],[-73.86574601094065,40.73153898703756],[-73.86491812395423,40.7312473257708],[-73.86447907608283,40.731089301415935],[-73.86392788971145,40.73089171935494],[-73.86279891262858,40.73048700509975],[-73.86259793824024,40.73041595893493],[-73.86218809069103,40.73027614199918],[-73.86165603792234,40.73007741917128],[-73.8612562890765,40.72993907874227],[-73.86052677925983,40.72967877885765],[-73.86011504657964,40.729522023484655],[-73.85938218463615,40.72923937087549],[-73.85878708697821,40.72902592376593],[-73.85829613209141,40.72885369191897],[-73.85798089676666,40.728735445247466],[-73.85804836890424,40.72863006930477],[-73.85808765733816,40.72856872183097],[-73.8581261858652,40.72850824571924],[-73.85820066505207,40.72839135196935],[-73.85860783722089,40.727752284124726],[-73.8590137429432,40.727108907300554],[-73.85941988033146,40.726464837562986],[-73.85727108050865,40.72568129808876],[-73.85566126788706,40.725093032925166],[-73.85556685045698,40.72505853214006],[-73.85512406241338,40.724896722651096],[-73.85542098094972,40.72442878858978],[-73.85561771312078,40.724118742405615],[-73.85569818997843,40.723845169276196],[-73.8557259237805,40.72379974626555],[-73.85583455400312,40.7236218243096],[-73.85594624089718,40.72344287377092],[-73.85594993275265,40.72343695849004],[-73.85602851282523,40.72346520716637],[-73.85629314191446,40.723040911044954],[-73.85670148762661,40.72239898641557],[-73.85710806348445,40.72175716648549],[-73.85740373560813,40.72185872354452],[-73.85735886288005,40.72173818004125],[-73.85777547384909,40.72166305196879],[-73.85852214078972,40.72153379387885],[-73.8582375710969,40.71961241147815],[-73.85777174530268,40.716456269157064],[-73.85744857909292,40.71369280004871],[-73.85729287258266,40.711467677191834],[-73.85818745298202,40.711599546062644],[-73.85964591056177,40.71182734410259],[-73.85975932796809,40.71184505978388],[-73.85971313648841,40.71260553908352],[-73.85966066761736,40.71329464624243],[-73.85965416837627,40.71337996141235],[-73.85978566470035,40.713311296126996],[-73.86207872688352,40.712201060064196],[-73.86500982001613,40.71077690893347],[-73.86557714673043,40.710659219025736],[-73.86661823191537,40.710401648558715],[-73.86832048969515,40.709865485479575],[-73.86939706717837,40.7095263753765],[-73.87017880036818,40.70923187162324],[-73.86975804774116,40.70832499944528],[-73.86971313770852,40.70824696418742],[-73.86949738620022,40.7078720697169],[-73.86941753481408,40.70774632010149],[-73.86934368331256,40.707618464741756],[-73.86927592737719,40.70748866934631],[-73.86921435512848,40.70735710224238],[-73.86915904598457,40.70722393385142],[-73.86911007159064,40.707089336765],[-73.871534004495,40.70703676755974],[-73.87326053110888,40.706922737024705],[-73.87425518082736,40.706857031233945],[-73.87491827793181,40.706815532127436],[-73.87497972775212,40.70681297205712],[-73.87504258461418,40.70681035216647],[-73.87532966761405,40.70679838822808],[-73.87625034919216,40.70674464283919],[-73.87720614757843,40.706688840499595],[-73.87814452434561,40.706609625648085],[-73.87900684284199,40.70653683936732],[-73.88000104576845,40.70649293354394],[-73.88088332720919,40.70645397726837],[-73.88178017688882,40.70640454801891],[-73.88266573808926,40.706355516414305],[-73.88377296918073,40.70629420165473],[-73.88456244537674,40.70636218742403],[-73.88553214224856,40.70644568324943],[-73.88554946917888,40.706154618534335],[-73.88652826814834,40.706225206377404],[-73.88603716126455,40.70500127714899],[-73.8854573823711,40.70358605966648],[-73.88465849517736,40.701626520957724],[-73.88513902268724,40.701585703820236],[-73.88492223136595,40.70010402751469],[-73.88584205469301,40.69996547193322],[-73.88676728328292,40.69982608539444],[-73.88771298020099,40.69967807635827],[-73.88818025786146,40.698857911241475],[-73.88809909474762,40.69876329647805],[-73.88788297628423,40.698015120648485],[-73.88793588496823,40.69800314186493],[-73.88789549787735,40.697830041009496],[-73.8878345699147,40.697657947732566],[-73.88775309747108,40.697488967817804],[-73.88765156141362,40.69732519209835],[-73.88753095264705,40.6971686725281],[-73.8873927225889,40.69702128526715],[-73.88723871677473,40.69688468002816],[-73.88707111974097,40.69676020112176],[-73.88689234411346,40.69664887395038],[-73.88648530277038,40.69643991458925],[-73.88865416919133,40.69582954890075],[-73.8881820500067,40.695057767368105],[-73.88937097070774,40.69481978813285],[-73.89190386196516,40.6943153364181],[-73.89245207625105,40.695225728286886],[-73.89507694381922,40.69459138970241],[-73.8955862545723,40.693979162011935],[-73.89398113214182,40.6930759650398],[-73.89357935003756,40.693085329232225],[-73.89326209935398,40.692200947459625],[-73.89474270964169,40.69263695279005],[-73.89551858614557,40.69236141730379],[-73.89571125722898,40.69230914991718],[-73.89695653507484,40.69194920744682],[-73.89768631842645,40.69336525848038],[-73.89764233531483,40.69340865137621],[-73.89742730179756,40.693288979647065],[-73.89691021332284,40.69384227053854],[-73.89736265798818,40.69411084723282],[-73.89858277102586,40.693897027653],[-73.89973223451202,40.69351918299953],[-73.90003039216379,40.69343745057423],[-73.89954093129792,40.69428573148922],[-73.89888585772813,40.695389475400404],[-73.8990712317786,40.69554574136584],[-73.89798958002744,40.69706350382124],[-73.89666290092731,40.69840414730483],[-73.89439853331608,40.700663440290874],[-73.89423421554787,40.70082738211593],[-73.89457448970458,40.70079805803807],[-73.89609567879867,40.7006669402692],[-73.89627076029363,40.70065260858209],[-73.89672079755717,40.70061666923369],[-73.89796111582028,40.70051850935495],[-73.89834938413078,40.700517929001336],[-73.89917297540852,40.700510921531986],[-73.89975934238039,40.70050523317927],[-73.90020036159694,40.700500501814766],[-73.90132666325785,40.70049203541611],[-73.90141455484721,40.70049135468093],[-73.90249031868323,40.700484165774384],[-73.90367499092282,40.70040906134565],[-73.90419059370831,40.70073780053258],[-73.90472686584947,40.701054586853544],[-73.90546659487622,40.70149328690498],[-73.90454165656642,40.70239992491834],[-73.90338101613067,40.70353763623563],[-73.90412379545303,40.70397441120869],[-73.90435714182797,40.70411119248656],[-73.9048652271726,40.70440901009397],[-73.90560937103383,40.70484852348688],[-73.90635156470796,40.70528497726563],[-73.90709310420692,40.70572218258607],[-73.907836238969,40.70615996066756],[-73.90857886216895,40.706597913269015],[-73.9093217331522,40.707035015062125],[-73.91006417602071,40.70747194014614],[-73.91080526831236,40.70790822007886],[-73.91154761233454,40.70834585665778],[-73.91229102057515,40.708781849472146],[-73.91117919012268,40.709868076782854],[-73.90996326897343,40.71105734639712],[-73.91004693852612,40.711108417775165],[-73.91004711582724,40.71110852563363],[-73.9100472686541,40.71110866077987],[-73.91011882744664,40.71117232922198],[-73.9101188865964,40.71117238304436],[-73.9101738758671,40.71124597136161],[-73.91017393499328,40.711246042774285],[-73.91017398176625,40.71124613227026],[-73.9102092709806,40.711325450034856],[-73.9102093420921,40.711325613094154],[-73.91020937732084,40.711325773947635],[-73.91022426230376,40.71140660681975],[-73.91021561506065,40.71147385114176],[-73.91021559166673,40.71147405701429],[-73.91021561452811,40.71147424650526],[-73.91022350905273,40.71154381694151],[-73.91022353262338,40.71154397024717],[-73.91022359140786,40.71154413212417],[-73.91024897800224,40.71161272611318],[-73.91029089253425,40.71167633463924],[-73.91029105687258,40.71167658773319],[-73.91029127080934,40.71167679429326],[-73.91034697119164,40.711732175396634],[-73.91034711235278,40.71173231003081],[-73.91034730196151,40.7117324353212],[-73.9104132406743,40.71177770170926],[-73.9108630895297,40.712039576915444],[-73.91116207604156,40.71221376947753],[-73.91022283221263,40.71315345326514],[-73.91077807358384,40.713187599919046],[-73.91248248791852,40.71329658862607],[-73.91303759072939,40.713332078060176],[-73.91466958174139,40.71343707492705],[-73.91521146716411,40.71346123901985],[-73.91569881913055,40.713485289609046],[-73.91633296488646,40.71353115557904],[-73.91947977186402,40.71373199851353],[-73.92083937550787,40.71381514007927],[-73.92404011334023,40.71400831262894],[-73.9240590973705,40.714111559644955],[-73.92432687150378,40.71556819492718],[-73.92273875723602,40.71615785672431],[-73.92271117629188,40.71647759153867],[-73.92283177836151,40.716636030802356],[-73.92312683417494,40.717023660709394],[-73.92259771919811,40.717165712626276],[-73.92267615785518,40.71731326978075],[-73.92279414745396,40.717534576144004],[-73.92305769320221,40.717761574143005],[-73.92323928159986,40.717926488066226],[-73.92342616774258,40.71809736750521],[-73.92346602588108,40.71813033432185],[-73.923464647574,40.71813625933489],[-73.92344083317347,40.7181478775747],[-73.92344225472688,40.71815701845299],[-73.9234476283827,40.71816704532858],[-73.92345716524791,40.71817876699361],[-73.92346794521282,40.718190526005046],[-73.92347694759876,40.71820464294788],[-73.92348314173049,40.718212112231214],[-73.92349359141218,40.7182231233481],[-73.92350469028386,40.71823539553533],[-73.92351380239518,40.71824696463138],[-73.92352243946935,40.718259397514906],[-73.92353040240097,40.718272172542505],[-73.92353810213346,40.71828655799839],[-73.92354379505113,40.71829756662145],[-73.92354915502113,40.71830822271404],[-73.92355479997047,40.71831959131999],[-73.92355969685066,40.71833202121447],[-73.92356368516418,40.71834338771485],[-73.92356761292855,40.71835475484498],[-73.9235721422235,40.71836823890916],[-73.92357623295844,40.718382072980766],[-73.92357921035811,40.71839733917077],[-73.92358200882822,40.718413306844596],[-73.9235857756141,40.71843104039194],[-73.92358943705804,40.718448090526984],[-73.92359359652148,40.71846440102606],[-73.92360061589426,40.71848323470266],[-73.92360643046861,40.718502041277624],[-73.92361279695086,40.718523424447085],[-73.92361923706785,40.718542231436324],[-73.92362567165347,40.71855645354535],[-73.92363171765366,40.718568533397324],[-73.92363730067244,40.7185809463204],[-73.92364276737895,40.71859302578753],[-73.92365007408634,40.718609194968515],[-73.92365661915352,40.718620204150604],[-73.92366217003674,40.718630500683794],[-73.92366925753883,40.7186429409045],[-73.92367688864421,40.718655021804864],[-73.92368413043258,40.718666751142734],[-73.92368935199553,40.71867545327032],[-73.92369561174804,40.71868682227627],[-73.92370267590115,40.71869870461478],[-73.92371016687841,40.71870972279687],[-73.92371971500313,40.718723065269394],[-73.9237261139593,40.718736901534385],[-73.92373164800763,40.718750575227546],[-73.9237369052813,40.718759637391834],[-73.92374465735294,40.71877012585698],[-73.92375491761729,40.71878149650403],[-73.92376638141099,40.71879536242248],[-73.92378202677514,40.71880761933189],[-73.92379402783897,40.718817236116095],[-73.92380674671449,40.718831464049174],[-73.92382198067358,40.71885133863114],[-73.92383512125134,40.71886842183331],[-73.92384376944011,40.71888261959473],[-73.92385334923793,40.718899312447014],[-73.92386007813948,40.71891424672616],[-73.92386705966402,40.71892526456079],[-73.92387454914265,40.718938219174156],[-73.92387958955125,40.71895018979011],[-73.92388855730243,40.71896318106311],[-73.92389434434871,40.718974001429764],[-73.92390285173914,40.71898715389321],[-73.92390904206839,40.71899728783294],[-73.92391649868047,40.7190074154055],[-73.9239242754034,40.71901719037744],[-73.92393252200968,40.7190292716669],[-73.92393867329353,40.719042756787026],[-73.9239431274928,40.719059446245105],[-73.92394603448044,40.719073999885815],[-73.923947867228,40.71908640126902],[-73.92394943901691,40.719098839335715],[-73.92395050174608,40.719110887901145],[-73.9239534095234,40.71912455984811],[-73.92395484133793,40.71913501514153],[-73.92395519199955,40.71914956809851],[-73.92395903527704,40.71916233048958],[-73.92396381389311,40.7191754819931],[-73.92396786749606,40.71919109851072],[-73.92397016852695,40.71920740843724],[-73.92397140459938,40.719224428979615],[-73.92397268650923,40.71924218784315],[-73.92397287854028,40.719259919015116],[-73.92397336719809,40.719278002356866],[-73.92397434807091,40.71930043485391],[-73.923975051392,40.71931640984401],[-73.92397555053624,40.71932472185223],[-73.92397599296916,40.71934105685277],[-73.92397537276426,40.71935664448431],[-73.9239747379351,40.719373663790854],[-73.92397464386573,40.71939281774687],[-73.92397511944306,40.71941233209425],[-73.92397560420716,40.71943325132804],[-73.92397695445668,40.71945383792232],[-73.92397661433341,40.71947192842258],[-73.92397539769375,40.71949037031796],[-73.92397393412658,40.71950774138597],[-73.92397236820874,40.71952122040195],[-73.92397159621746,40.71953397974416],[-73.9239713346666,40.71954495643486],[-73.92397167174758,40.71956003139575],[-73.9239725913534,40.71957421583338],[-73.92397250096985,40.71959090999423],[-73.92397241243957,40.71960578648967],[-73.92397261146272,40.71961854714306],[-73.92397252540562,40.719632027638674],[-73.92397146819152,40.71964620959804],[-73.92397048279878,40.719658618165354],[-73.92396920113471,40.719672098373906],[-73.92396839206793,40.71968628066459],[-73.92396737129363,40.71969940036003],[-73.92396652529352,40.719714303326825],[-73.92396483897505,40.71973024993365],[-73.92396287730202,40.719747268195476],[-73.92396065776029,40.719763926941766],[-73.92395955071635,40.719779901237864],[-73.92395877865064,40.719791949092865],[-73.92395747138382,40.71980702246467],[-73.92395506385702,40.71982208740347],[-73.9239520898456,40.719835367471795],[-73.92394815558457,40.719839786577204],[-73.92393107839399,40.7198484739605],[-73.9239151848211,40.7198557041371],[-73.9239047342698,40.71986111027354],[-73.92389553720264,40.71986770443708],[-73.923887824517,40.71987532107788],[-73.92388178984424,40.71988376897637],[-73.92387758468863,40.71989283604369],[-73.92387531462353,40.7199022946464],[-73.923875036641,40.719911907321155],[-73.9238822829089,40.719925286761],[-73.92388648179619,40.71993940056437],[-73.92388751469488,40.719953850058495],[-73.9238787917835,40.719990486772716],[-73.92358228639648,40.72005834998384],[-73.92315863748294,40.72015328760108],[-73.92231554437012,40.72038594584697],[-73.92212546865574,40.720886205742794],[-73.92168122426779,40.722036201456135],[-73.92127506385552,40.72308633549012],[-73.9205319840039,40.722940342895456],[-73.92006712239477,40.72274304895192],[-73.9190389757071,40.72252449328497],[-73.91789308455651,40.72227069621861],[-73.91655468012692,40.722005506983024],[-73.91645860143451,40.722075640600764],[-73.9164584238011,40.72207576628454],[-73.91645824620089,40.72207586549908],[-73.9163500230956,40.722136949962845],[-73.91634995236811,40.72213698609726],[-73.91623184722168,40.722187373215085],[-73.9162317527138,40.722187408829534],[-73.91623166966652,40.72218743607599],[-73.91610667900898,40.722225823972124],[-73.91610654904979,40.72222585956063],[-73.91610640677094,40.72222588626126],[-73.91597755003271,40.72225169127548],[-73.91423632914481,40.72277369471771],[-73.91384828309035,40.722898412353835],[-73.91316969805791,40.723081525896376],[-73.91257187743852,40.7232396349499],[-73.91134506901571,40.72418216995183],[-73.90971646081555,40.7254459556241],[-73.9088917379164,40.72606842547405],[-73.90804680880586,40.72673388740762],[-73.9074099735685,40.72720873888072],[-73.90730013750373,40.72729436941201],[-73.90716705244378,40.727388654289896],[-73.90712253078468,40.72742472843784],[-73.90706867295428,40.72746652277254],[-73.90693049911647,40.72757602977217],[-73.9067302812899,40.72773268283041],[-73.9057242363777,40.72852001958622],[-73.90557740103739,40.72863668431536],[-73.90518057919772,40.72895657697377],[-73.90421888938106,40.73012526841379],[-73.90416853333456,40.730186590531105],[-73.90259650842611,40.73210442784327],[-73.901079709003,40.733914634779296],[-73.90091094889546,40.73412603623386],[-73.9007113886519,40.73435872730128],[-73.9006625050157,40.73442259722008],[-73.90060814937114,40.734483854778254],[-73.90054856203292,40.734542229130085],[-73.90048400644943,40.73459746217705],[-73.90041476803798,40.73464930970905],[-73.90034115285475,40.734697542548325],[-73.90026348644035,40.73474194736764],[-73.90018211218751,40.734782327832015],[-73.90009738988509,40.73481850539983],[-73.90000969412725,40.734850320112166],[-73.89982513106335,40.73493139501958],[-73.89963257961944,40.73500235780105],[-73.8994334853209,40.7350625901659],[-73.89922944768975,40.735111598271516],[-73.89902210032453,40.73514908398679],[-73.89878646142799,40.73517679291273],[-73.89878634225259,40.73517681090087],[-73.8987862131798,40.73517682016891],[-73.89854787030572,40.73519190092554],[-73.89854772823969,40.73519190967927],[-73.89854758662763,40.73519190955452],[-73.89830812742746,40.73519418444103],[-73.89830799682723,40.7351941843257],[-73.8983078669028,40.73519417432692],[-73.89806910146027,40.73518361712903],[-73.89806895986233,40.73518360778975],[-73.8980688292757,40.73518359879525],[-73.89783236875819,40.73516035418176],[-73.89691187972468,40.73508660183041],[-73.89659952199939,40.73509450395405],[-73.89602931590736,40.73501789160894],[-73.8951013347047,40.735021183090055],[-73.89492421774364,40.735007722184],[-73.89474848065402,40.73498281500794],[-73.89474827940192,40.73498278734964],[-73.89474809027577,40.734982751493625],[-73.89457557913671,40.73494655504024],[-73.89457544923928,40.734946528619666],[-73.89457531935831,40.73494649181243],[-73.89440759588166,40.73489932365088],[-73.89424644899582,40.734841813167115],[-73.89415835505042,40.7348077916827],[-73.89393780606338,40.734726210045146],[-73.89370905653134,40.73465745228156],[-73.89347408300252,40.73460217754634],[-73.89323494452191,40.73456081205567],[-73.89301088114993,40.73452357570053],[-73.89278405665993,40.73449596275154],[-73.89255554655618,40.73447812580766],[-73.89232644055681,40.73447014076232],[-73.89175016416739,40.73448480973191],[-73.89138497859189,40.73450498855077],[-73.8911385279722,40.734512969667],[-73.88993450671572,40.7345599562407],[-73.88910318982454,40.734592396462446],[-73.88852285967548,40.734531160016004],[-73.88770199270428,40.734291322758615],[-73.88823587820687,40.73544116088811],[-73.88838317163346,40.7357583828113],[-73.88876078772567,40.736536363291535],[-73.88967163475104,40.73831513999446],[-73.89005151424372,40.73897360369718],[-73.89013366873242,40.739144463468364],[-73.89015983787488,40.73919887858658],[-73.890177442278,40.73923493384192],[-73.89025427973525,40.7393922536498],[-73.88966852047393,40.73930150893147],[-73.88828357765942,40.73903974615061],[-73.88806857872356,40.73899054996022],[-73.88769362523583,40.73890476282559],[-73.88761266758236,40.738892121539],[-73.88725300804498,40.73883597461942],[-73.88668126294195,40.73873212616207],[-73.8863720395195,40.73867596244494],[-73.88569052541061,40.73855140516459],[-73.88470334085656,40.738366302393246],[-73.88364227619347,40.73817355320679],[-73.88317692134422,40.738073098230885],[-73.8826134232867,40.737951461343776],[-73.88178451767557,40.73780702695537],[-73.88165299981276,40.737780021288714],[-73.88133832581272,40.73772509069905],[-73.880515062473,40.73756003163066],[-73.88031552931027,40.73752085005285],[-73.87971098868452,40.73741094378674],[-73.87938195544707,40.73734349368896],[-73.87838346000568,40.73716728599216],[-73.8781683715395,40.73711989438977],[-73.8779570429736,40.73706261761113],[-73.87775064685236,40.736995757128916],[-73.87755028839449,40.73691969024169],[-73.87693269121267,40.73652599594298],[-73.87671225763907,40.73637319302853],[-73.87660191605573,40.73629463403776],[-73.87586268161269,40.735747484372766],[-73.87544103560506,40.73547801116223],[-73.87517295426308,40.73530694760152],[-73.87482795059209,40.735121636957274],[-73.87442387660886,40.73490458745077],[-73.87421745492412,40.73483334829958],[-73.87383618716795,40.734709220006415],[-73.87306325962818,40.734486457617486],[-73.87265899498115,40.73438030080327]]]]},"properties":{":id":"row-d65n.uzzc_achk",":version":"rv-wesq_44bx-9hy6",":created_at":"2025-11-24T21:48:59.646Z",":updated_at":"2025-11-24T21:48:59.646Z","coun_dist":"30","shape_leng":"74047.8316322","shape_area":"168917280.898"}},
{"type":"Feature","geometry":{"type":"MultiPolygon","coordinates":[[[[-73.84700779327373,40.732947003016776],[-73.84666668239875,40.732282514244936],[-73.84632533272813,40.73161623069963],[-73.84599284964924,40.730963772861855],[-73.84575978242921,40.73049108068988],[-73.84576537947461,40.73026191718618],[-73.84479094580819,40.73055735317823],[-73.84285558420662,40.73114091116806],[-73.84162181730409,40.730117947470944],[-73.84146810861364,40.729998093474855],[-73.84032703229768,40.728807115130365],[-73.83985434224475,40.72817756928247],[-73.83944537316916,40.727536800218665],[-73.83906354616173,40.72687953367214],[-73.83871027261287,40.726215984663945],[-73.83836161375442,40.725561842258294],[-73.83788788552387,40.72569743279993],[-73.83776857024101,40.72543391303475],[-73.83761676197082,40.72510459666358],[-73.83759448617693,40.72505715444198],[-73.8373611442199,40.7245601724107],[-73.83668304462996,40.72340393882715],[-73.83662631738058,40.723323296784045],[-73.83649100764816,40.72313094602218],[-73.8362069986378,40.72271999943662],[-73.83603732800933,40.72247900651026],[-73.83590000012047,40.722283958485676],[-73.83565528609677,40.7219608675776],[-73.83563482235134,40.72193384858488],[-73.83557201765369,40.721863023625886],[-73.83514899791156,40.72133095570227],[-73.83458146577172,40.72064310863237],[-73.83436598047678,40.720381935363065],[-73.83426709465455,40.720271615515934],[-73.83342752064185,40.719366234118475],[-73.83285789057199,40.71875193779108],[-73.8324655723186,40.71834937044517],[-73.83222204340176,40.71811870534707],[-73.8321033963874,40.718006324201525],[-73.83161502806168,40.71759583349282],[-73.83145309640986,40.71749404894176],[-73.83109613073132,40.71726967263295],[-73.83071053760507,40.717092281345174],[-73.83042902418516,40.71696277093545],[-73.8297467428833,40.71677050371409],[-73.82908538118922,40.716636923647854],[-73.82896635973827,40.716612882807155],[-73.82880883225234,40.71658106292798],[-73.82808930896319,40.716365418228655],[-73.82801008307433,40.71634167403849],[-73.8276991919503,40.716252997884155],[-73.82755692310675,40.71621241701245],[-73.827413579677,40.716171530291625],[-73.82689478808011,40.71606487536536],[-73.82654419382351,40.71601588606497],[-73.82607523575909,40.71598179773933],[-73.8261422226201,40.71617866248721],[-73.82573934633797,40.71611505878405],[-73.82568583750073,40.71599061025867],[-73.8256293522369,40.71586308793163],[-73.82559000587426,40.71577427139979],[-73.8255786292369,40.71576260867623],[-73.82555085162494,40.7157082448787],[-73.82552307493592,40.71565388224807],[-73.82546060732287,40.71554964559429],[-73.82483222413238,40.71463999291589],[-73.82469343974951,40.71444314436303],[-73.82456081330636,40.714255030678636],[-73.82428940517953,40.71387006610589],[-73.82426449164649,40.71381642504496],[-73.82394405983251,40.71323329984703],[-73.82385827455637,40.713151129166405],[-73.82372319284666,40.713021737749635],[-73.82353100475476,40.712802887213066],[-73.82333280170964,40.71258716561895],[-73.82312867170977,40.712374668680845],[-73.82291870483964,40.71216549054881],[-73.82270299484878,40.71195972417218],[-73.82248163749533,40.711757460844915],[-73.82168237903603,40.71115921659559],[-73.82151771800287,40.71102902823935],[-73.82135929661636,40.71089443166129],[-73.82120731851859,40.71075559991042],[-73.82106197887448,40.71061271117598],[-73.82092346470358,40.71046594946425],[-73.8207919540429,40.71031550346124],[-73.8206260409063,40.710091751812946],[-73.82042559351443,40.709860772695315],[-73.82023875632724,40.7096669073822],[-73.82018105893634,40.70959842923869],[-73.82016094107537,40.7095774146707],[-73.82014353498552,40.709555042170905],[-73.82001844748395,40.70937705487053],[-73.81990040368677,40.70919630335833],[-73.81978951020766,40.709012947710846],[-73.81968586476947,40.70882715291451],[-73.81952770422853,40.708579128170754],[-73.819476092413,40.70848436041396],[-73.81913889085928,40.7078651891939],[-73.81908663952163,40.707775856512235],[-73.81903633292053,40.70768950767848],[-73.81897591546809,40.70758301718069],[-73.81892214591235,40.70749525863348],[-73.8188419105488,40.70737026748749],[-73.81868695137243,40.70712886624869],[-73.81856503326588,40.706938935909015],[-73.81853512778169,40.70688744309819],[-73.81819659902906,40.70632721291667],[-73.81812873189443,40.70620992158343],[-73.81800625955024,40.705998260597454],[-73.81790640765868,40.705807364105645],[-73.81731532550073,40.70467731132546],[-73.81725010942274,40.70453607827461],[-73.81721678744094,40.70445676407991],[-73.8170276811827,40.7040334993725],[-73.8168899421747,40.703741766530534],[-73.81662996988415,40.703162853118414],[-73.81659377505582,40.703086346435065],[-73.81651630313404,40.702922586916976],[-73.8162891641841,40.7024540653498],[-73.8160604698306,40.70195382449603],[-73.81595120056954,40.70172038208707],[-73.81585800327592,40.70152127275031],[-73.8154395147685,40.70062721100327],[-73.81538426185259,40.70051468389667],[-73.81532940611808,40.700399969823415],[-73.81530860619914,40.70035647626972],[-73.81529201946992,40.700321790871264],[-73.81506619220035,40.699872900032155],[-73.81491098897828,40.6995661599412],[-73.8148459267715,40.699446152086985],[-73.81460550663947,40.69900865013045],[-73.81459624320912,40.698991791644836],[-73.81437598221936,40.69859095173821],[-73.81434697567371,40.698538017646975],[-73.8142321000253,40.69833387524739],[-73.81407368581337,40.69804004180434],[-73.81399654662762,40.69789427732655],[-73.8138704643905,40.697671034864975],[-73.81364308104564,40.69726842475758],[-73.8136045935706,40.697200337147805],[-73.81356319484576,40.697136784473734],[-73.81333690595164,40.696776031121985],[-73.81309515445079,40.696390614566226],[-73.81307328905119,40.69635583515034],[-73.81292888250272,40.69612613413746],[-73.81236070886872,40.6952223075142],[-73.8122588189646,40.695044151511986],[-73.81215289823749,40.694858944629345],[-73.81200251896978,40.69459600000535],[-73.81193126405267,40.694476566139585],[-73.81167143375495,40.69402197535636],[-73.81163489068337,40.693941072686556],[-73.81152856547098,40.693748590312744],[-73.81130791021748,40.69334912801293],[-73.8109168588552,40.69265282841739],[-73.81076437817404,40.69237596042428],[-73.81066173909159,40.69218958931776],[-73.81054216697729,40.69197245927402],[-73.8106329831089,40.69194738257676],[-73.81072587521027,40.69192242230341],[-73.8109881050938,40.69185504473328],[-73.81186315125274,40.69163008016555],[-73.81271762135624,40.69140780382224],[-73.81309863128135,40.69131810246514],[-73.81354014221486,40.691211367835706],[-73.81340516699139,40.69104603114186],[-73.8140923885877,40.690560828878624],[-73.81480506650493,40.690046883526676],[-73.8155478932735,40.68959988967485],[-73.81628171245757,40.68930118300373],[-73.81642462935085,40.68924300333337],[-73.81706535568536,40.68899358259874],[-73.81762794341704,40.68877261474097],[-73.81789259668585,40.68866894377784],[-73.81847352362432,40.68844525485703],[-73.81856710223786,40.6884092197689],[-73.81933260473745,40.688113443664015],[-73.82016528819099,40.68778902153644],[-73.82079359515694,40.687545899384915],[-73.821185227276,40.68739544773221],[-73.82161514232972,40.687226556341656],[-73.82218338336452,40.68700853820773],[-73.82245377512342,40.686903298900596],[-73.82317932884527,40.68662046504125],[-73.82329732337345,40.68657454061022],[-73.82417328424768,40.6862340556596],[-73.82431234901844,40.68618419773604],[-73.82445487867686,40.68614037524955],[-73.8246004216251,40.68610272704756],[-73.82474851691931,40.68607137273251],[-73.82489869517184,40.68604641155335],[-73.82505048052575,40.68602792260213],[-73.82593749776196,40.68593649701369],[-73.82684687643344,40.68583830716341],[-73.82773807232446,40.68574395632328],[-73.82862734791397,40.6856548453772],[-73.829459977695,40.68540038994966],[-73.83028044184476,40.6850754087974],[-73.83112127038672,40.684749975736],[-73.8319052543282,40.6844412833555],[-73.83211178027193,40.684358313289145],[-73.83272599044113,40.68411632084326],[-73.83295016296272,40.68402929729427],[-73.83352413659652,40.683806152547426],[-73.83378995039673,40.683693225299905],[-73.83429338006306,40.68343191028194],[-73.83458331088012,40.683276240193955],[-73.83505586033556,40.6830148241655],[-73.8353686457874,40.68284321961356],[-73.83615755246497,40.682415295284585],[-73.83697486283667,40.68198801776397],[-73.83711511290669,40.68193389177399],[-73.83713815477485,40.68192500000996],[-73.8377203744884,40.68170030674444],[-73.83778880289168,40.68167389746649],[-73.83779738317118,40.68167058681342],[-73.83865065785375,40.681438237150545],[-73.83952877074832,40.68126341456855],[-73.84012856127181,40.68114665058375],[-73.84119605663226,40.68335136684395],[-73.84217464638782,40.685353558901184],[-73.84300297507038,40.6870379168792],[-73.84356447799867,40.68821396125546],[-73.84386364489959,40.68883211206453],[-73.84415010344449,40.68939328690965],[-73.84426826416704,40.68936293806251],[-73.84496028134227,40.68916262508458],[-73.84500533216854,40.689243911927036],[-73.84504194943202,40.68931894732217],[-73.84596733106581,40.691165965054026],[-73.84661793860865,40.69249518305602],[-73.84773325527168,40.69477527996691],[-73.848941289827,40.69755684757137],[-73.84947763541673,40.69819580789682],[-73.84913837308939,40.69828274120279],[-73.84868115753049,40.69845852385584],[-73.84820912855395,40.69851840854607],[-73.8478966979251,40.69860032932235],[-73.84700405316411,40.69882521101237],[-73.84502472943142,40.69935937701708],[-73.84427352170341,40.69978050611223],[-73.84359398129983,40.70017235192515],[-73.84293789500484,40.70055442921933],[-73.84275678397348,40.70065761542192],[-73.84275664180579,40.70065769530585],[-73.84275648798824,40.7006577681377],[-73.84256543770886,40.700750566151804],[-73.84256526008005,40.70075065486593],[-73.84256506948223,40.700750735856055],[-73.84236544272248,40.70083242813568],[-73.84236528892906,40.70083249041281],[-73.8423651234897,40.700832543962555],[-73.84215844733754,40.70090256363414],[-73.84156378094423,40.70110059871763],[-73.83947815175415,40.70269019433071],[-73.83867901361894,40.70322073519017],[-73.83856418282997,40.703296969393406],[-73.83841399424854,40.70338280879274],[-73.83696237811037,40.70421245233317],[-73.8373309558822,40.70485497645566],[-73.83784595094846,40.70562954088088],[-73.83806860430386,40.70595740457029],[-73.83809941700953,40.70603074937978],[-73.83812205297731,40.70610579976025],[-73.83813635325512,40.70618202879257],[-73.83814221741352,40.7062589012806],[-73.83813960400464,40.70633587758425],[-73.83812853158554,40.706412417166256],[-73.8381090778664,40.7064879826447],[-73.83808137940342,40.70656204347502],[-73.83784315908498,40.70695192530946],[-73.83714702988892,40.707957046263374],[-73.83828428770201,40.70840935862497],[-73.83901101218892,40.70855449233491],[-73.83911666079273,40.70857492944382],[-73.8393808679748,40.708626033721465],[-73.83975789326811,40.708688512963455],[-73.8406993758801,40.70884116958866],[-73.84090806614348,40.708875011242164],[-73.8414458685927,40.70895751111472],[-73.84151213291106,40.708969380710194],[-73.84161615952344,40.70898537934326],[-73.84220736265645,40.709076316770485],[-73.84280177943687,40.70916947829906],[-73.84290926105342,40.7091863197922],[-73.84296437445042,40.709194958651345],[-73.84314625301297,40.7092234564188],[-73.8432588082512,40.70916817963586],[-73.8434863043233,40.709055774790635],[-73.84356973293522,40.709019608982196],[-73.84381825734819,40.70891181962234],[-73.84417281256174,40.70877842134369],[-73.84453738846398,40.70866105497094],[-73.84491011169675,40.70856033137044],[-73.84528898563725,40.708476680000416],[-73.84567198215157,40.70841036612491],[-73.84615958443793,40.708350820046455],[-73.8466572411161,40.70831864234089],[-73.84681838082106,40.708312097639784],[-73.84697970185577,40.70830910248654],[-73.84714106923582,40.708309659387375],[-73.84730234866852,40.70831376788883],[-73.84746340447353,40.708321424556665],[-73.84762410188819,40.7083326229842],[-73.8485783880697,40.70843872032625],[-73.84876725167258,40.708444578930155],[-73.84895712614203,40.70843813752295],[-73.84914591506968,40.708419320478036],[-73.8493315614799,40.70838833367997],[-73.84951207338275,40.70834566087153],[-73.85042905370643,40.708087067054954],[-73.85059051032657,40.708039883423346],[-73.85110121675432,40.70790098302163],[-73.8526822571381,40.70741814532267],[-73.85275370628602,40.70739714706203],[-73.8528369086014,40.707412895320644],[-73.85362230057252,40.70758927152435],[-73.85399326402762,40.70766271168668],[-73.85399338220606,40.70766272992952],[-73.85399350038558,40.707662747669794],[-73.85437162334233,40.707719472948774],[-73.85475503981823,40.70775896711466],[-73.85514158233053,40.70778085899503],[-73.85552876814208,40.70778497473265],[-73.85552916924769,40.70778497523606],[-73.8555295602647,40.70778495813644],[-73.85591566040425,40.70777133124176],[-73.85629899308621,40.70774016652535],[-73.85667714366824,40.70769187446599],[-73.85729287192218,40.71146767719102],[-73.85744857909292,40.71369280004871],[-73.85777174530268,40.716456269157064],[-73.8582375710969,40.71961241147815],[-73.85852214078972,40.72153379387885],[-73.85777547318851,40.72166305196797],[-73.85735886288005,40.72173818004125],[-73.85740373560813,40.72185872354452],[-73.85710806348337,40.721757166988056],[-73.85670148828719,40.7223989864164],[-73.85629314191337,40.72304091154754],[-73.85602851282414,40.72346520766894],[-73.85594993209207,40.723436958489216],[-73.85594624089718,40.72344287377092],[-73.85583455400204,40.72362182481218],[-73.8557259237805,40.72379974626555],[-73.85569818997733,40.723845169778784],[-73.85561771246017,40.7241187424048],[-73.85542098094972,40.72442878858978],[-73.85512406175278,40.724896722650264],[-73.85556685045589,40.725058532642635],[-73.85566126722644,40.72509303292432],[-73.85727108116927,40.72568129808957],[-73.85941988033146,40.726464837562986],[-73.8590137429432,40.727108907300554],[-73.85860783722089,40.727752284124726],[-73.85820066505207,40.72839135196935],[-73.8581261858652,40.72850824571924],[-73.85808765733816,40.72856872183097],[-73.85804836824359,40.728630069303954],[-73.85798089676666,40.728735445247466],[-73.85829613275207,40.72885369191979],[-73.85878708697821,40.72902592376593],[-73.85938218463615,40.72923937087549],[-73.86011504591899,40.729522023483845],[-73.86052677925878,40.729678779360235],[-73.86125628841585,40.72993907874145],[-73.8605999459895,40.730437492901096],[-73.85885322417526,40.7309528789148],[-73.8577424949903,40.73128534937282],[-73.85659673974259,40.73162306018485],[-73.85390142793226,40.732427158596494],[-73.85216369481013,40.73294699266228],[-73.85046137396225,40.73345335774311],[-73.85034896642894,40.733486792117695],[-73.84994464934962,40.7336070512456],[-73.84960405098181,40.73294184186477],[-73.84792672977395,40.7334409164111],[-73.84735410799578,40.733611291715796],[-73.84700779327373,40.732947003016776]]]]},"properties":{":id":"row-5vq7-qzi2.xrgg",":version":"rv-ids3.6xtp-htdu",":created_at":"2025-11-24T21:48:59.646Z",":updated_at":"2025-11-24T21:48:59.646Z","coun_dist":"29","shape_leng":"61867.7473704","shape_area":"127849353.219"}},
{"type":"Feature","geometry":{"type":"MultiPolygon","coordinates":[[[[-74.1629032982376,40.600211088888635],[-74.1625928083817,40.5986086990936],[-74.16248602944871,40.59861264566431],[-74.16164192163956,40.59871787618203],[-74.16143657171436,40.59762885316093],[-74.16093891585297,40.597674450080746],[-74.16079851443564,40.596771465960735],[-74.16145008047391,40.5967056273692],[-74.16138795192342,40.596428296881044],[-74.15965237425597,40.59646657216342],[-74.15856048978912,40.59623681014511],[-74.1576793900442,40.596050634749425],[-74.15677025545618,40.595856634723305],[-74.15522698358897,40.59553309179113],[-74.15420389736927,40.59487379076181],[-74.1522030010712,40.59371053138351],[-74.15124670879017,40.59317406020325],[-74.1508808218119,40.5929607424016],[-74.15056979481264,40.59279187939641],[-74.14815142030004,40.59136915069078],[-74.14766869592218,40.591085908866894],[-74.14716471460841,40.59078688214287],[-74.14601293171303,40.59011465646719],[-74.14567102684217,40.58993631815262],[-74.14583448049919,40.58856291924288],[-74.14592687856214,40.58793646068311],[-74.14603887535374,40.58731167836447],[-74.14617040031884,40.586689113439675],[-74.14632131213396,40.58606929759279],[-74.146626967995,40.58579358092265],[-74.14694579913233,40.58552635775375],[-74.14727716720638,40.58526814847206],[-74.1476204136833,40.58501946947192],[-74.14727483784851,40.585012221998625],[-74.14783627153365,40.58454849351373],[-74.14784641689086,40.58453579778084],[-74.14785920071544,40.58452457204826],[-74.1478742639574,40.584515131603624],[-74.14789118354737,40.5845077415929],[-74.14790948427881,40.58450260957291],[-74.14792865215459,40.58449987968231],[-74.14794814882312,40.584499628593136],[-74.14796742669847,40.58450186335758],[-74.14800298308988,40.58449791003095],[-74.14803732025841,40.5844898378191],[-74.14806962245218,40.584477838494436],[-74.14809912226546,40.58446219712634],[-74.14812511887023,40.584443285308495],[-74.14814137410868,40.58442700128036],[-74.14815411803711,40.58440899140143],[-74.14816304191733,40.58438969198864],[-74.14816792955793,40.58436957059967],[-74.14816866255242,40.58434911470525],[-74.14876919237835,40.58386942726962],[-74.14925584782688,40.58348042587826],[-74.14929394280264,40.58345350788873],[-74.14933557632436,40.583429831158625],[-74.14938027622794,40.58340966420296],[-74.1494275355754,40.58339323573232],[-74.14968332381191,40.58318203857224],[-74.15010129987954,40.58283005325401],[-74.1502698249574,40.58272737986574],[-74.15027220405693,40.58270730227896],[-74.15027800115786,40.58268763340082],[-74.15028711700423,40.58266870998541],[-74.1502993955197,40.582650856022944],[-74.15034675129628,40.582610172142154],[-74.15082245885696,40.582224751444166],[-74.15088450436429,40.58217578343852],[-74.15094001748265,40.58212245183171],[-74.15098847316024,40.582065261057934],[-74.15102941310145,40.58200475205189],[-74.15106245010067,40.58194149713174],[-74.15125232354738,40.58160767764569],[-74.15129019527214,40.581546086758],[-74.15132060310154,40.58148213609517],[-74.15134329764886,40.58141635018789],[-74.15135142368369,40.581396057524124],[-74.15136297074791,40.58137675289019],[-74.15137773929408,40.58135876988873],[-74.15139547410541,40.58134241928326],[-74.15149927813043,40.58129641734635],[-74.15154681571015,40.58122240152848],[-74.1516006048612,40.58115091652006],[-74.15166041491702,40.58108226884747],[-74.151725989396,40.58101675286953],[-74.15175334041511,40.58099575415536],[-74.1517845378563,40.580978146414175],[-74.15181886576153,40.58096433372879],[-74.15185553633313,40.5809546330886],[-74.15188359434684,40.5809497073213],[-74.15191014529853,40.580941215867156],[-74.15193441594923,40.58092940602176],[-74.15195569946955,40.58091462172144],[-74.15197337602535,40.58089729352698],[-74.1521151960018,40.58073568160211],[-74.15221318034136,40.580658606474245],[-74.15230805664582,40.58057930315598],[-74.15252765251581,40.58061699332646],[-74.15221254797216,40.58047455010803],[-74.15221229414179,40.58047443350862],[-74.15221203985317,40.58047430870079],[-74.15190553339961,40.58032083063202],[-74.15160861083362,40.5801568095217],[-74.1516083353876,40.58015665559036],[-74.15160807002917,40.58015649293408],[-74.15132163673606,40.57998243360214],[-74.15122878909575,40.5799239509491],[-74.15122873937364,40.5799239225345],[-74.15122870106573,40.57992388907899],[-74.15114183847501,40.57985920289377],[-74.15114178587262,40.57985916392851],[-74.15114173744645,40.5798591256279],[-74.1510619176445,40.579788809327525],[-74.1510618181292,40.57978872100269],[-74.15106172651188,40.57978862730648],[-74.15098983187146,40.57971334450367],[-74.15098976271432,40.579713272054185],[-74.15098970629501,40.5797131969075],[-74.15092646917678,40.579633739405686],[-74.15092637596952,40.57963362259234],[-74.1509262899859,40.579633493707426],[-74.15087224255053,40.57955064352066],[-74.15082771984383,40.57946527372194],[-74.15077138303037,40.57934289031416],[-74.15072188047372,40.5792188008395],[-74.15067930059891,40.57909322705127],[-74.15064371945823,40.5789663933541],[-74.15061560218342,40.57884058509191],[-74.1505943710056,40.578713994129316],[-74.15058006261832,40.57858683948425],[-74.15057270173678,40.57845934114899],[-74.15055859287287,40.57835300020673],[-74.15053534307117,40.57824759686294],[-74.15050305302472,40.57814358741509],[-74.15046186255995,40.57804142212447],[-74.15041195003191,40.57794154326665],[-74.15035353155038,40.57784438321728],[-74.15028686004445,40.57775036258054],[-74.15021222416676,40.57765988836842],[-74.15012994704357,40.57757335223892],[-74.14975190452898,40.577257143740326],[-74.14938010125255,40.576936664401586],[-74.14901462012637,40.576611985766974],[-74.14865554270575,40.57628318021492],[-74.14830294899943,40.57595032124928],[-74.14795691762055,40.575613483174784],[-74.14775493065287,40.57541669949143],[-74.14775487141135,40.5754166364089],[-74.14757024659578,40.57520949197276],[-74.14740439370453,40.574993470041925],[-74.14740427516483,40.57499331757445],[-74.14740416824777,40.57499315520778],[-74.14725805801993,40.57476963472852],[-74.14719908732688,40.57465569373013],[-74.14719905179683,40.574655622407995],[-74.14719900418169,40.5746555505987],[-74.14712515179559,40.574546186108975],[-74.14712510483831,40.57454611362867],[-74.14712504494047,40.57454605121678],[-74.14703728283098,40.57444282752875],[-74.14703722293442,40.5744427656194],[-74.14703716437153,40.57444271074459],[-74.14693679375526,40.57434705971458],[-74.14685338239326,40.5742584310427],[-74.14683528050888,40.57422870927361],[-74.14682343191248,40.57419720880725],[-74.14681812235261,40.574164689353495],[-74.14681947987249,40.57413193519626],[-74.14682747172243,40.5740997362787],[-74.14684190515132,40.5740688691522],[-74.14686243205547,40.57404007824766],[-74.14690996217361,40.573977538635496],[-74.14696258531393,40.57391741693038],[-74.14702009067607,40.57385995395545],[-74.14705622291926,40.573809214798224],[-74.1470845092778,40.573755657976946],[-74.14710457869587,40.57369998607818],[-74.14711616791344,40.57364292943334],[-74.1471191249197,40.57358523653788],[-74.14711341094586,40.5735276642318],[-74.14709910097207,40.57347096777122],[-74.14707638274344,40.57341589092085],[-74.14704555430541,40.57336315619693],[-74.14700702009314,40.57331345538899],[-74.14696128562544,40.57326744048562],[-74.14671096104719,40.57321262488813],[-74.14667069474183,40.573195564230964],[-74.14663478035055,40.57317356798172],[-74.14660424749843,40.57314726675084],[-74.1465799715243,40.57311741456791],[-74.14656264838597,40.57308486726315],[-74.14655277470834,40.57305055793218],[-74.14655063354672,40.57301547018421],[-74.14655628627376,40.572980609943464],[-74.14659321207625,40.57287511170066],[-74.14684082815542,40.57233840171424],[-74.14699057673177,40.572013320980105],[-74.14723568362837,40.57146105899743],[-74.14790142236842,40.57088958110747],[-74.14936002496516,40.569736054344055],[-74.14983519298148,40.569357344093866],[-74.15033131640128,40.56891285918172],[-74.15075081647714,40.56858755560089],[-74.15171497230571,40.56788728420452],[-74.15010905848905,40.566481812222854],[-74.14825608022905,40.56485967338468],[-74.14519616869501,40.56217211569049],[-74.14503407369118,40.56202929689968],[-74.14472397298518,40.56175607495032],[-74.14324123679155,40.56046443384709],[-74.14261351632221,40.559881962410344],[-74.1416887719186,40.55964330922099],[-74.13986670083273,40.55873732954739],[-74.1392527420633,40.558434647119576],[-74.13818001023007,40.55759386599388],[-74.13739437946322,40.558020937137144],[-74.13660029409266,40.55838893918374],[-74.13574932513961,40.55885004542565],[-74.13561300319223,40.55898002678298],[-74.13549208729353,40.55912034533267],[-74.13538846163608,40.55926934270077],[-74.13530363450923,40.559425089389734],[-74.13523859445905,40.55958551343929],[-74.13519379691519,40.55974841853177],[-74.13480973431226,40.560828618733716],[-74.13396833788761,40.56158699297479],[-74.13367116382003,40.56184093444914],[-74.13340740148236,40.56212980570059],[-74.13310979289086,40.56286769186503],[-74.13264384036228,40.56350333491149],[-74.13173622883562,40.564539519135195],[-74.13141227411151,40.564414004422424],[-74.13091291793957,40.564299802104486],[-74.13055426908973,40.56438981182323],[-74.13014475630706,40.562871710122856],[-74.12997128233839,40.56272989397164],[-74.12954378321234,40.56243093951059],[-74.13006143127947,40.56200039319905],[-74.1296661049239,40.561609146533506],[-74.1296539041009,40.56108418956591],[-74.12950315622682,40.560608683381766],[-74.12920223742985,40.559659633003214],[-74.12912173295804,40.55942030029957],[-74.1288785602234,40.55855120356335],[-74.12871497099177,40.558242706704775],[-74.1284544888433,40.55804354939476],[-74.12734576016362,40.557324480310285],[-74.12730057821918,40.557295172447766],[-74.12725227898417,40.55726549091144],[-74.12572675050353,40.55632805700632],[-74.12402047127594,40.55523082777773],[-74.12380031563661,40.555084658171815],[-74.12269895760365,40.55435850246331],[-74.12076288171757,40.55308195008466],[-74.11945859291161,40.55222190604457],[-74.1193621096551,40.55214080657721],[-74.11939966107445,40.55210812900772],[-74.11953499566104,40.55175911499019],[-74.11953475941979,40.55163025398815],[-74.11828468062069,40.550500527662166],[-74.11828767014656,40.550494419620655],[-74.11671631447749,40.549023040947944],[-74.11655368588197,40.54885707410696],[-74.11636503521255,40.54877240525315],[-74.11624143444952,40.548777244897714],[-74.11600672591261,40.54886234308363],[-74.11467868821889,40.54930212390598],[-74.11461948423207,40.54926811611372],[-74.11458035189214,40.54927646700143],[-74.1144477230096,40.54916945055864],[-74.1139514992197,40.5487253228],[-74.11338340616273,40.54807337515074],[-74.1130104610455,40.5477800659327],[-74.11291619903362,40.54781765172039],[-74.10985289528172,40.54557778002699],[-74.10825211218165,40.54438627997126],[-74.05737936799645,40.50656157691084],[-74.07757634518269,40.50261761906103],[-74.09870221370514,40.4989736137956],[-74.13116097620684,40.49356670037975],[-74.16263441318169,40.488319668727826],[-74.2003433662132,40.48202197697636],[-74.21704064689236,40.47920970119948],[-74.22807040986636,40.47737324425906],[-74.23792026617895,40.481281864233935],[-74.2532631823057,40.48741449874286],[-74.2563960463752,40.493025536632466],[-74.25874354354171,40.497041486729074],[-74.25874565719703,40.50009951400976],[-74.25874745984346,40.50270602411243],[-74.25797605114812,40.50779251425832],[-74.25850081725652,40.508108213107924],[-74.25816973908866,40.50886107373057],[-74.25718627053088,40.51075883849036],[-74.25480998185378,40.51534380086023],[-74.25441676320241,40.515719051264675],[-74.24606886636867,40.52095150363184],[-74.24609770471166,40.52161425163756],[-74.2464617697553,40.524771139696774],[-74.24646663387702,40.52481332827429],[-74.24647889041466,40.52485043115919],[-74.2487295815093,40.5327534763254],[-74.25020554484414,40.539629640859104],[-74.25060899553391,40.541850892945],[-74.24921214068557,40.54506531770783],[-74.24741487159017,40.54920068898389],[-74.23921087822707,40.55376386402508],[-74.2316930487394,40.558457263787666],[-74.22908037943665,40.558227394599854],[-74.21839814670275,40.556996506123774],[-74.21678980948609,40.558669175139066],[-74.21527838461533,40.56024095813952],[-74.208968422512,40.57656302789748],[-74.20909808421233,40.57885998080661],[-74.20606649013678,40.57960327497167],[-74.20408146771337,40.57947490097037],[-74.20395913180191,40.5794940047022],[-74.20384420835995,40.5795154628523],[-74.20374670710032,40.57953688999143],[-74.20360736800802,40.579550420798114],[-74.20349918643066,40.5794974773415],[-74.20348190988105,40.57954533019343],[-74.203346168765,40.57959604930182],[-74.20322067801473,40.57958033053952],[-74.2031301377722,40.57959908781706],[-74.20301858563109,40.57958334485892],[-74.20290359760307,40.57958354799661],[-74.20275369941626,40.57956255844912],[-74.20249120907043,40.57950533531432],[-74.20072627067252,40.57932490129335],[-74.19925580856413,40.579180746528465],[-74.19363299112693,40.577261709390754],[-74.19176844245112,40.57662363562053],[-74.19064053007153,40.576685028519954],[-74.19046207035011,40.57667912022056],[-74.19028871045656,40.57670136212517],[-74.18962320381208,40.57678676055023],[-74.18687589344435,40.57705509895119],[-74.18591612522654,40.576708638961136],[-74.1853973339789,40.57652120861235],[-74.18491375353456,40.57653779209336],[-74.1849823389441,40.57667660147611],[-74.18500499446188,40.57671082736759],[-74.18502394218656,40.57673437752108],[-74.18503341693562,40.57674976227775],[-74.18503589046233,40.57675824083413],[-74.18503547793262,40.57676263698],[-74.18503160041402,40.57678167411676],[-74.18501930533503,40.57679616732729],[-74.18498730241124,40.576808174130576],[-74.1849300588389,40.57682136779754],[-74.18485533178607,40.57683381775917],[-74.18477884287813,40.576836364464484],[-74.18469929655984,40.57683689914207],[-74.18464000526546,40.5768336776936],[-74.18459059440575,40.57681418324039],[-74.18455535449235,40.57679913134295],[-74.184491914091,40.57678260690494],[-74.1844233667655,40.5767724820625],[-74.18436588367989,40.57677614422052],[-74.18427555868168,40.57677772034724],[-74.1841909884823,40.57678552330856],[-74.18411630077685,40.57677705226585],[-74.18393161042363,40.57676209133121],[-74.18381447636934,40.57676473546482],[-74.18372353902312,40.576765909730575],[-74.18366130776323,40.57677376771106],[-74.18357915790766,40.57678885658246],[-74.18347291959331,40.57680355063536],[-74.18332725741035,40.576819146497805],[-74.18312561100682,40.57683613782649],[-74.18303039303505,40.576834494483265],[-74.18297023669322,40.57682826354219],[-74.18291963883857,40.576820187086945],[-74.1828831774618,40.57680433130599],[-74.1828669692298,40.576784717915395],[-74.18285904369702,40.576773810096135],[-74.18284530602398,40.576750130003134],[-74.18281998523796,40.57673102900755],[-74.18278972118833,40.57672006559367],[-74.18271138960397,40.57670350171184],[-74.18266812837935,40.57670025207513],[-74.18260500006652,40.57669287825642],[-74.18252232822874,40.57666695371179],[-74.18249037491155,40.57666219619893],[-74.18243413769093,40.576660985485546],[-74.18239232683256,40.57666682428269],[-74.18234354751905,40.57668353307624],[-74.18227382057194,40.576702726718544],[-74.18222150441515,40.57670653440317],[-74.18220174506946,40.57669760121948],[-74.18219718004467,40.57667995550217],[-74.18220031108528,40.57666493416428],[-74.18218713568936,40.576653011352334],[-74.1821712122531,40.576648229333834],[-74.18214587624098,40.57665270620012],[-74.18212827181868,40.576672032881085],[-74.18210819614183,40.576695426913574],[-74.18208172965892,40.576717870287816],[-74.18206342919329,40.5767359250024],[-74.18205420733543,40.576741246460124],[-74.18200739562529,40.576748674523586],[-74.1819545527149,40.57675294898915],[-74.18174517442438,40.57675508923626],[-74.18162515811146,40.576775357325964],[-74.18155965133346,40.576790821348645],[-74.18152117914858,40.576799425160914],[-74.18141029369978,40.57682466478965],[-74.18116281783946,40.57690202740515],[-74.18097733858015,40.57695849836794],[-74.18083443094294,40.57700185094943],[-74.18077632932817,40.57702691455849],[-74.18070702005056,40.577061020266086],[-74.18067524858415,40.577083629304624],[-74.18064118923766,40.577112103131206],[-74.18059050860636,40.57713628281653],[-74.18056050426665,40.57715922661792],[-74.1805594671134,40.57717162713242],[-74.180538733569,40.57718916943452],[-74.1805050692971,40.577193385114434],[-74.18046132740439,40.577195117739564],[-74.18041015305339,40.5771920070049],[-74.18037932858049,40.57720133991099],[-74.18035257913324,40.57721659747098],[-74.18032639244757,40.57724856792455],[-74.180305927155,40.577268738139175],[-74.1803426744026,40.577514371025934],[-74.18028356594318,40.57756356244004],[-74.18017324366781,40.57765518871367],[-74.18011895263352,40.577660277757744],[-74.18006611080732,40.57767105557718],[-74.18001573835998,40.577687314094455],[-74.17996880778983,40.57770873942049],[-74.17992622514835,40.57773491791526],[-74.17988881254803,40.57776534417274],[-74.17985729229082,40.57779943077813],[-74.17983227292244,40.57783651964839],[-74.17983496017177,40.57785943473795],[-74.1798324273278,40.5778823600497],[-74.17982475019372,40.57790460942378],[-74.17981215854331,40.57792551693082],[-74.1797950292437,40.57794445680308],[-74.17977387497679,40.577960862164346],[-74.17974932889403,40.57797424199651],[-74.17972212566669,40.57798419583654],[-74.1796919256583,40.57799282873953],[-74.17966379139862,40.578004853054296],[-74.17963837337854,40.578019990767835],[-74.17961625928812,40.57803789188208],[-74.17959796042902,40.57805814250648],[-74.17947399397335,40.578205840054736],[-74.17922610072753,40.57851703877332],[-74.17894218825666,40.57879463061466],[-74.17885398221046,40.578881110323586],[-74.17877806629588,40.57891283666937],[-74.17863332566246,40.579044761526],[-74.17854769410252,40.57924107490132],[-74.17854577383125,40.5792458818031],[-74.17841336045136,40.579380184569985],[-74.1783213657107,40.57947881331237],[-74.1782837895495,40.57957515402609],[-74.17826373889162,40.57961896051026],[-74.17823790713439,40.57967539815789],[-74.1782279665219,40.57976158186477],[-74.17821437841566,40.57984594046247],[-74.17819369725878,40.57990260130018],[-74.17817617437491,40.579975314799846],[-74.17817578744,40.58000677799917],[-74.1781859574064,40.58003427782372],[-74.17819816170508,40.580054652297555],[-74.17822453528807,40.580099008125096],[-74.17823763275392,40.58013459894598],[-74.17825235095893,40.580175880583305],[-74.17826025465014,40.58020804342332],[-74.17825778047612,40.5802449029801],[-74.17825857736274,40.580287771781215],[-74.17826052054238,40.58031984837686],[-74.1782481981151,40.58035559724525],[-74.17823648039438,40.58037480881052],[-74.17822137115995,40.58038100036164],[-74.17819933625401,40.58038262272345],[-74.17817119168755,40.58039406828397],[-74.1781247912364,40.580424258404065],[-74.17808481129546,40.580447906566626],[-74.17806547844691,40.58046670941805],[-74.17803989071895,40.58050524875984],[-74.17803274804666,40.580521319736846],[-74.17802537955556,40.58054648240256],[-74.17801674539928,40.58057542549572],[-74.17800372567994,40.58060378467293],[-74.17798159298933,40.58063305609345],[-74.1779810385586,40.58066733472017],[-74.1779894136887,40.58071597842764],[-74.17800313268664,40.5807581371533],[-74.17801926502325,40.58078572324486],[-74.17804732690159,40.58082503435039],[-74.178153210441,40.58095498071378],[-74.17816823702083,40.58099954462697],[-74.17819023245787,40.58105486721456],[-74.17820895551479,40.581104181056965],[-74.17822155446262,40.58114021291814],[-74.17824665309524,40.58117679733269],[-74.17826328566198,40.581203943517586],[-74.17827665137995,40.58123663263376],[-74.1783023261288,40.581273598277384],[-74.1783337316983,40.58130818631645],[-74.17836467128525,40.58133784969465],[-74.17840611334783,40.58136982441525],[-74.17843513110036,40.5814020682043],[-74.17845318522407,40.58142707279827],[-74.17845908432722,40.581449444273794],[-74.1784662222127,40.581484949834746],[-74.17847117109012,40.5815259413751],[-74.17846561946395,40.58156461938984],[-74.17846417831421,40.58159523233439],[-74.17847727752086,40.58163082362352],[-74.17849359938937,40.58165468633823],[-74.17851034395535,40.581677287397234],[-74.17853617456666,40.58171589470474],[-74.17855465106351,40.581739639304544],[-74.17856993827009,40.58176974694836],[-74.1785835722525,40.58179953332477],[-74.17859828233071,40.58182925972631],[-74.17860303525082,40.58186242172543],[-74.1785949430234,40.58189711330295],[-74.17857880592783,40.58192110553066],[-74.17857497059987,40.581937820743946],[-74.1785766819526,40.581967435672496],[-74.17858850782595,40.58199525789111],[-74.17860094375482,40.58201809397667],[-74.17861376817663,40.58204503745443],[-74.17861733171567,40.58208280267403],[-74.1786145809654,40.582111012597665],[-74.178615982086,40.58213734408892],[-74.17862411236759,40.58216041688376],[-74.17864305198529,40.58218908662642],[-74.17866584436747,40.5822241468288],[-74.17867598023064,40.582257013306766],[-74.17867092935542,40.58229525145456],[-74.17869164343142,40.58233125137491],[-74.17869988810632,40.582343268529286],[-74.17877971157056,40.58245931669104],[-74.17880049191753,40.582495324697234],[-74.17882282492945,40.58251927082037],[-74.1788488665241,40.582531036275626],[-74.17888179097743,40.582558109763106],[-74.17891952018684,40.582601434355105],[-74.1789420082949,40.58264395423825],[-74.17895201309662,40.58268056317492],[-74.178966775638,40.582710300000116],[-74.17898861006927,40.58273468763819],[-74.17901801466685,40.582753285040496],[-74.17905154425485,40.582775369170086],[-74.17909164123465,40.582809477888475],[-74.17912015045039,40.58284133848373],[-74.17914802769118,40.5828666290375],[-74.17917314233799,40.582874924815414],[-74.17919977281439,40.58287531148904],[-74.17924827972111,40.58290110560074],[-74.1792557395971,40.58293372473882],[-74.17927094391818,40.58299069145737],[-74.1792857311136,40.583031989263745],[-74.17928049403375,40.583067794189326],[-74.17928366830037,40.58309528556027],[-74.17930127151739,40.58312073434069],[-74.17931411636506,40.583153055244054],[-74.17931330281253,40.58317479098676],[-74.17930979209264,40.583187148602256],[-74.1793179325906,40.58319866747322],[-74.17935381683556,40.58321153671809],[-74.17940160212935,40.58322993746282],[-74.17943514578187,40.583246651459284],[-74.17946503911152,40.583264806040134],[-74.17952495826123,40.58329120206828],[-74.17957087290223,40.583318375848236],[-74.17959848184938,40.58332963961267],[-74.1796326040937,40.58334673478235],[-74.17965684815087,40.58336809427819],[-74.17967559690571,40.583394299281814],[-74.17970503885273,40.58341908499867],[-74.17973422401127,40.583429850042],[-74.17975208809985,40.583435461481734],[-74.17978200824452,40.58344824945751],[-74.17979928822234,40.583470407544965],[-74.17982253099237,40.58349264810388],[-74.17985103327231,40.583507579143465],[-74.1798728919489,40.583509667694365],[-74.17988944260183,40.58351287577675],[-74.17991085198118,40.583521594343786],[-74.17993490824382,40.583546678763874],[-74.17996256074423,40.58358106030577],[-74.1799931319292,40.58361197543383],[-74.18004479184509,40.58366525087569],[-74.18006808463292,40.58369368069305],[-74.1800753048209,40.58370690271966],[-74.18007495484227,40.58372591437681],[-74.1800728445039,40.58374914853224],[-74.18007693258332,40.583774930146966],[-74.18008827567945,40.583791640381314],[-74.18011049994256,40.58380320346166],[-74.18013043946786,40.58380787459526],[-74.18014252508539,40.583809679878456],[-74.1801631217996,40.58381555384472],[-74.18020662615874,40.583828825342835],[-74.18023018901091,40.583837424709635],[-74.18025767059139,40.583841677730454],[-74.18028604343861,40.58384959590225],[-74.18031012787903,40.58386931304862],[-74.18033224494566,40.58388542267667],[-74.18034786884733,40.58390726061813],[-74.1803586350658,40.58392358792063],[-74.18037181969488,40.583936892204306],[-74.18039651060417,40.58395162269509],[-74.18041206308315,40.58395571163316],[-74.18042892950524,40.58396220574073],[-74.18050083786068,40.58404036420155],[-74.18051785096975,40.58406542723035],[-74.18054117419476,40.58408848925035],[-74.18057808014508,40.584112035523695],[-74.18060032640415,40.58413515568181],[-74.18061135404807,40.584148579091405],[-74.18063068820305,40.584158240125646],[-74.18064923808708,40.58415968606083],[-74.18066563199969,40.58416125282158],[-74.18068338978583,40.58417141137605],[-74.18069460403909,40.58418110929279],[-74.1807072115984,40.584194032310016],[-74.18071621521497,40.584214586613484],[-74.1807295780867,40.58424109141693],[-74.18074401950774,40.58426753638935],[-74.18076345335881,40.58428957450946],[-74.18077999821013,40.58430970967828],[-74.18080736544334,40.5843354370454],[-74.1808292471457,40.58434908325544],[-74.18084311460807,40.58435822095062],[-74.18085795558551,40.5843718452335],[-74.18086680210436,40.584390756808006],[-74.18087570011191,40.584415858357204],[-74.18089515656942,40.58444945546895],[-74.18092225238857,40.584473591200684],[-74.18094256100034,40.584488601380386],[-74.18096459987689,40.584504754902326],[-74.18098348269473,40.5845219033246],[-74.18100228924123,40.58453822946047],[-74.18101851735487,40.58455593038388],[-74.18103116212384,40.584575883859905],[-74.1810499940409,40.58459839732383],[-74.18106995325788,40.58461548741064],[-74.18109114008209,40.58463416374109],[-74.18110699058295,40.58464775959576],[-74.1811099958423,40.58466286285819],[-74.18111347423762,40.584689078962604],[-74.18112208592106,40.58472409686134],[-74.18113613140137,40.58478894106158],[-74.18112503339087,40.58481552123486],[-74.18113169257809,40.58484693110686],[-74.18114786920997,40.584869996562595],[-74.18116782919381,40.584887087133474],[-74.18119702993329,40.58489873566748],[-74.18121155545785,40.5849037401592],[-74.18123113999214,40.584916723984705],[-74.18124939487281,40.58493885518519],[-74.18127478744645,40.58498577052787],[-74.18129136280709,40.585019128863664],[-74.18132068870285,40.58506171052911],[-74.18133668910097,40.5850946866251],[-74.18134985583127,40.58515586462335],[-74.1813583454631,40.5852164308125],[-74.18135515361777,40.585285180670965],[-74.18134532366334,40.585325244000934],[-74.1813323546188,40.58536075698312],[-74.18131616156217,40.58540536152888],[-74.18131631890387,40.58542964454728],[-74.18131673312124,40.58545732533333],[-74.1813202961993,40.58548231229802],[-74.18131802257501,40.585511390502816],[-74.18131104972622,40.58556709525634],[-74.18129985018079,40.585603810483],[-74.1812837543855,40.58562752793349],[-74.18126579233002,40.58567093189595],[-74.18125526833505,40.58569440567532],[-74.18123944070042,40.585714277218976],[-74.18122210256081,40.5857363447771],[-74.18121656856329,40.585743648084645],[-74.18117571470795,40.5857978785566],[-74.18114486291165,40.58583704455297],[-74.18111963802772,40.58584880469805],[-74.18110862919586,40.585857368747455],[-74.18107456110761,40.585883957642025],[-74.18104498126615,40.58590397597505],[-74.18098554320177,40.58593342316794],[-74.18092628076279,40.58595098448982],[-74.18083352579195,40.58598832093418],[-74.1807731539111,40.5860059338468],[-74.18071833817991,40.586030502701774],[-74.18068080931133,40.58605555263305],[-74.180646328226,40.58606985843533],[-74.18061959553573,40.5860765966245],[-74.18058835045389,40.58607548358327],[-74.18055154942182,40.58606741354624],[-74.1804758609093,40.586053064591134],[-74.18044349425406,40.586044792046984],[-74.18040690527009,40.586046468341955],[-74.1803868262907,40.58605290302009],[-74.18035580435173,40.58606874642052],[-74.18033359819177,40.58609054874603],[-74.18031263339054,40.586113990407696],[-74.18028722288608,40.5861304255773],[-74.18025346236327,40.5861468183886],[-74.18020860130885,40.58615650931887],[-74.18015994792029,40.58616043494687],[-74.18012954484348,40.58615588945212],[-74.18008916193665,40.586151799859834],[-74.18004407868304,40.58614453354898],[-74.18000374939109,40.58613407922135],[-74.17997783605665,40.586122966021534],[-74.17994611280118,40.58610872408358],[-74.1799136560516,40.58608518438109],[-74.17988948067561,40.58606084012624],[-74.17986857955937,40.58604271095146],[-74.17984577912189,40.58602169787368],[-74.17982879080758,40.586003812353844],[-74.17982036287216,40.58599571358783],[-74.17980645856237,40.585988716355175],[-74.17979614566792,40.58598494682446],[-74.1797756673393,40.585986308383234],[-74.17974967729877,40.585999401787966],[-74.17973271009828,40.586028378302565],[-74.17971267152946,40.58606904163294],[-74.17970432033701,40.58610064795044],[-74.17969833529118,40.58613386337513],[-74.1796979110128,40.58615870835992],[-74.17971720650527,40.58619213252403],[-74.17972747628035,40.58620967273642],[-74.1797416058732,40.586233899386734],[-74.17974764866365,40.58625504474779],[-74.1797494280696,40.586271663926816],[-74.17974054261312,40.58628830917131],[-74.17970852206051,40.58631107695608],[-74.17967142770979,40.58631822314939],[-74.17963047244855,40.58631868406266],[-74.17959359239482,40.58632111209163],[-74.17935303021076,40.58633307755461],[-74.17926312374118,40.5863244954249],[-74.17920550173817,40.58632737953857],[-74.1791613480313,40.586337821499576],[-74.17910575723667,40.586360738948734],[-74.17907405046716,40.58638777422129],[-74.17905086751891,40.58642386341273],[-74.17903027164222,40.58647225563543],[-74.17900448105742,40.586518730863396],[-74.17899551941082,40.58657262036654],[-74.17899867469875,40.58660801581728],[-74.17899456662145,40.586666835193874],[-74.17900110986231,40.586694808826614],[-74.1790160597124,40.5867277627518],[-74.1790286969796,40.586759988508554],[-74.17904277816974,40.586795555739194],[-74.17905370142263,40.58682745094726],[-74.1790654671878,40.58686229219128],[-74.17908085353139,40.5868939366854],[-74.17909566729661,40.58691962588653],[-74.17910399994972,40.58693626836554],[-74.17913525688093,40.58696959373242],[-74.17915262612023,40.58698102350504],[-74.17919190621946,40.586986954120235],[-74.17924629422268,40.586992467627276],[-74.17928900419186,40.58699906146967],[-74.17933157731882,40.58699839175709],[-74.17937720021457,40.58700610480949],[-74.17942369377472,40.58701120452871],[-74.17946624010477,40.587016097464186],[-74.17950484073555,40.58702078127253],[-74.17955391966825,40.587023596988374],[-74.17959374378151,40.58702350894943],[-74.17963158043754,40.58702609744271],[-74.17966329326106,40.58703501790233],[-74.17969201330419,40.58704196568063],[-74.17970878721951,40.587040032958974],[-74.17971367722727,40.58703952238659],[-74.1797358854847,40.587035943055795],[-74.17976522684266,40.58704447082161],[-74.17978778182773,40.58705973400859],[-74.17980625659399,40.5870803256596],[-74.17981972155164,40.587101574158176],[-74.17982119531015,40.58712765354503],[-74.17981265936352,40.58716232997044],[-74.17978580770733,40.58720726877402],[-74.17974598464778,40.58726608256936],[-74.17969693009492,40.587321886039504],[-74.17965584629648,40.587371755856445],[-74.17958735121185,40.58743058426707],[-74.17954869392263,40.58746834237903],[-74.17945339962802,40.58755838969061],[-74.17932206372117,40.58766207497514],[-74.17931777075805,40.587664806712795],[-74.17918420672507,40.587749784595],[-74.17912424874301,40.58777966251311],[-74.17909176656788,40.58779493640065],[-74.17904580330156,40.58780356745836],[-74.17899987310676,40.58780576681414],[-74.17895810898136,40.58781076645532],[-74.17893266303105,40.58782270320442],[-74.1789174065697,40.587842297444084],[-74.17890953777069,40.58786282219826],[-74.17889750091716,40.58788054765427],[-74.17887769342286,40.587899500634215],[-74.17886681067469,40.587910739383844],[-74.17884563315341,40.587919898360404],[-74.17883419264854,40.58793802310988],[-74.17881540285846,40.58796250079656],[-74.17878586447955,40.58798620815067],[-74.17875793335692,40.58800212152638],[-74.1787352575372,40.58802721354555],[-74.17871499307626,40.588047475447155],[-74.17870481436101,40.588067254419286],[-74.17868980607898,40.588096697144216],[-74.17864497984375,40.58814642917618],[-74.1786107523339,40.5881815061402],[-74.17858009495197,40.58820526778444],[-74.17854670284677,40.588223155388654],[-74.17848691242149,40.58823459205013],[-74.17843730647131,40.58823996822688],[-74.1783852816869,40.58823645549483],[-74.17836912226223,40.58823319063322],[-74.17833103446911,40.588225505525635],[-74.17828868822552,40.58820815334712],[-74.17824911938202,40.588177601872246],[-74.17822480234396,40.58815095513119],[-74.1782005231149,40.588131470052375],[-74.17817116480072,40.58813077509869],[-74.17812295334448,40.58814278533047],[-74.1780765698851,40.58815681680255],[-74.1780368230157,40.58816420647828],[-74.17801747455088,40.58815755001189],[-74.17798732218796,40.58815394122514],[-74.17792737444661,40.58816441052278],[-74.17785469686388,40.588181392106414],[-74.17781075336175,40.58819151105948],[-74.17774438556096,40.588224627140576],[-74.17767553792228,40.58825449007343],[-74.177534556773,40.58829456312799],[-74.1774570464256,40.58834001387683],[-74.1773972972979,40.588386297920664],[-74.1773764192828,40.58845473787579],[-74.17738308786028,40.58848855567405],[-74.17739952798769,40.5885202190321],[-74.17741056085418,40.58854666247088],[-74.17740472541635,40.58856970211866],[-74.17737590259377,40.5885955334519],[-74.17734927239337,40.58860777255994],[-74.1773276621872,40.588613869146],[-74.1773046035614,40.588615820096024],[-74.17723943641212,40.58863433717089],[-74.17719082935513,40.588664337123106],[-74.17714832075261,40.5886802116034],[-74.1771241818063,40.58868125784728],[-74.1770442219278,40.588683822822325],[-74.17699828900444,40.58868250912163],[-74.17693708521493,40.58868046738063],[-74.17685440421639,40.58868033114482],[-74.1768090075962,40.58867789225143],[-74.17677263254166,40.588691850101995],[-74.17673950476417,40.5887099053277],[-74.17671041196205,40.58873162862041],[-74.17668560215512,40.58875703863695],[-74.17665967739408,40.588770108117195],[-74.17659345487114,40.58880216870735],[-74.17655367237715,40.588811833981474],[-74.17652852241291,40.588823486448405],[-74.17650789946948,40.588845232821306],[-74.17649166276527,40.58887053681429],[-74.17648742813107,40.58889865512994],[-74.17649094240699,40.58893256510567],[-74.17650310735529,40.588972219787536],[-74.17651235962369,40.58899962950923],[-74.17651055771834,40.589019698476555],[-74.17649698991066,40.58903453078216],[-74.17646323451704,40.58905593344324],[-74.17643247269568,40.58907545667349],[-74.17640347500624,40.58910452972792],[-74.17639880549505,40.58912784965276],[-74.17639863177178,40.58915093315998],[-74.17638411489551,40.589190266612654],[-74.17636281019163,40.589204471820246],[-74.17627992989759,40.58928217712231],[-74.1762505161458,40.58931161800056],[-74.17622659033397,40.58933181471267],[-74.17619990028446,40.58933771968366],[-74.17613210219112,40.58932478245003],[-74.1760893102211,40.589325788379696],[-74.17605791813978,40.58932922962853],[-74.17602849687155,40.58933460516242],[-74.17599786582554,40.58933663932021],[-74.17596202981413,40.589340325576636],[-74.17593819063754,40.589362080121525],[-74.17593427595659,40.58937728189196],[-74.17593373971515,40.589399789483274],[-74.17592317678164,40.58940616323845],[-74.17590472948692,40.58940479981159],[-74.17588682474756,40.58940442866701],[-74.17587064750401,40.58941281583835],[-74.17587005598139,40.58942068276309],[-74.17587305875581,40.58943345850117],[-74.17587009967443,40.58944928905319],[-74.17584794722816,40.589474695991626],[-74.17583006960986,40.58949339570116],[-74.17582186659308,40.58950576976307],[-74.1758075713396,40.589519843352384],[-74.17578115338662,40.589537994058865],[-74.17575102749703,40.589559413908084],[-74.17572759992022,40.58958080490981],[-74.17571765713014,40.589598384090316],[-74.17571226446933,40.58962150087296],[-74.17571212051205,40.58969507391265],[-74.1757258475662,40.58974540093834],[-74.17572440704102,40.58975842287476],[-74.17570798701956,40.58977363605409],[-74.17568204509872,40.58979209995975],[-74.17565857805464,40.58980838453624],[-74.17562947006144,40.58983111103565],[-74.17559552964002,40.58985001753043],[-74.1755629007171,40.58985454796837],[-74.17552331578206,40.5898563969892],[-74.17548331624089,40.58985861050385],[-74.17543524678109,40.5898745533174],[-74.1753929589434,40.589894944244286],[-74.17535485739492,40.58991237806751],[-74.1753329086341,40.58992585397116],[-74.1753139647514,40.58995210511675],[-74.1752967333682,40.589977579659624],[-74.17527500221902,40.589988659546385],[-74.1752390769887,40.58999609619847],[-74.17521523281816,40.58999435004454],[-74.1751733138543,40.589985771103485],[-74.17511770208957,40.58996943595526],[-74.17508043522754,40.5899721782442],[-74.17506076698275,40.589981440098605],[-74.17503157942421,40.589993955300805],[-74.1749942230459,40.5900004493567],[-74.174952229475,40.590005156386155],[-74.17493011269906,40.59001216951029],[-74.1749013115348,40.590028749197536],[-74.17488515846148,40.59003270871939],[-74.17487158019767,40.590038130187935],[-74.17485939580992,40.590045219730214],[-74.1748489543572,40.59005377424457],[-74.17484055496772,40.59006354866102],[-74.17483443826838,40.59007426296147],[-74.174830779492,40.590085610201925],[-74.17482968345678,40.59009726530577],[-74.17483118156335,40.59010889437637],[-74.17486355700825,40.59012960571901],[-74.17500172767642,40.59013558391356],[-74.17504247475664,40.59014593012961],[-74.17508980455672,40.590164427171885],[-74.1751075067405,40.59017673037739],[-74.17511331348675,40.59019502229751],[-74.17510478680835,40.590212105723154],[-74.17509550134514,40.590234990180186],[-74.17508758180632,40.59025373273036],[-74.1750692056428,40.59027002819133],[-74.17504369253017,40.59028605608744],[-74.1750194809448,40.5902972687017],[-74.17499231297116,40.59031277373398],[-74.17494634118844,40.59033302468952],[-74.17488943506275,40.59035051881639],[-74.17483771378353,40.59035755620323],[-74.17477831653478,40.590363340896374],[-74.174633397496,40.5903577873248],[-74.17457537709578,40.59035502580967],[-74.17452354068095,40.59035190959441],[-74.17448813725854,40.59035326707622],[-74.1744326997452,40.59034968150936],[-74.17439026480265,40.59033383429058],[-74.17435813827804,40.59032789218413],[-74.17433972061927,40.59033030541619],[-74.17432794366067,40.590341479249204],[-74.17429700675314,40.59035206178321],[-74.17425412846127,40.590354188770014],[-74.1741201791587,40.590333779984036],[-74.17407242701839,40.59032704242207],[-74.17402597320472,40.5903154902505],[-74.17397266225241,40.59030263695787],[-74.17391759665158,40.59029524146541],[-74.17386173342626,40.59029343230459],[-74.1738293778559,40.59029495635458],[-74.17377865873343,40.590276199893],[-74.17372827319798,40.59026080857487],[-74.17366383813946,40.59023809882884],[-74.17362230545257,40.59019659916732],[-74.17354470960933,40.5901717935968],[-74.17346421744048,40.59015310620211],[-74.17338165659868,40.59014072913398],[-74.17329787600555,40.59013478965804],[-74.17321373712359,40.590135348846054],[-74.17313010509932,40.590142400948366],[-74.17304783986762,40.59015587345261],[-74.17296778731095,40.59017562782957],[-74.17285128206737,40.59021760379573],[-74.17279320039633,40.59020365635804],[-74.17269301816421,40.590193761051886],[-74.1725533378472,40.59019798875547],[-74.17239789450454,40.59022233461539],[-74.1722529883183,40.59024465310869],[-74.17210285300592,40.590283055560725],[-74.17200802919879,40.59030730790495],[-74.1719131549169,40.59031146825198],[-74.1717208219853,40.59033988574005],[-74.17157851540735,40.59034813622336],[-74.17139153048984,40.59040668358382],[-74.17118612136484,40.590475305844606],[-74.17098598876557,40.59054592957074],[-74.17081747187616,40.5905929703882],[-74.16741383716311,40.592086515743404],[-74.16634912266896,40.5920286732808],[-74.16593424634891,40.59204933713899],[-74.16574008624941,40.592049336737965],[-74.16551847857872,40.592068650829745],[-74.1653050038737,40.59212659399069],[-74.16514133928673,40.59224248117044],[-74.16509254587301,40.59231973901947],[-74.16488008663421,40.59243562387933],[-74.16473472102403,40.59241631081743],[-74.16467677792991,40.5924163104399],[-74.1644836334903,40.59248441827962],[-74.16447346900848,40.592649099133574],[-74.16445415440563,40.59274567137661],[-74.16437689650468,40.59284224375656],[-74.16404855135755,40.593016072548764],[-74.16388780640001,40.59314054216083],[-74.16373226781441,40.593310716739914],[-74.16360268225218,40.59337419915929],[-74.16439050532686,40.59348246188998],[-74.16562441722726,40.59361917148799],[-74.16585056608643,40.59364939010288],[-74.16607518595579,40.59368563503491],[-74.16629800058767,40.593727861708906],[-74.16651873595322,40.59377601819291],[-74.16673712057894,40.593830045262095],[-74.16695288580176,40.59388987647334],[-74.1671657663356,40.59395543823979],[-74.16737550036095,40.59402664993051],[-74.16758182992596,40.59410342396565],[-74.16778450126289,40.594185665924044],[-74.16795693433157,40.594272340245084],[-74.1685463029136,40.59456858860558],[-74.16886362385469,40.59472808664895],[-74.16835277825135,40.596232353483416],[-74.16828458131627,40.59643316544612],[-74.16799697244797,40.59792249271471],[-74.1676253930394,40.599849986653425],[-74.1671963485262,40.60207531162632],[-74.1662653210428,40.60197786536896],[-74.16533084890732,40.60188118230473],[-74.16338348137265,40.60169101224184],[-74.16329246227751,40.601682118803346],[-74.16325749648199,40.601525036287434],[-74.16317129505782,40.60113775349166],[-74.16312017460822,40.600986647857006],[-74.16294417352204,40.60044225856619],[-74.1629032982376,40.600211088888635]]]]},"properties":{":id":"row-zj2e.7xg3.n58a",":version":"rv-phr8.kgwj-dnim",":created_at":"2025-11-24T21:48:59.646Z",":updated_at":"2025-11-24T21:48:59.646Z","coun_dist":"51","shape_leng":"180520.738977","shape_area":"1326829378.17"}},
{"type":"Feature","geometry":{"type":"MultiPolygon","coordinates":[[[[-73.72021435717198,40.76419260559276],[-73.71657585318302,40.76178181152391],[-73.71413538018537,40.760242709740595],[-73.71386982696168,40.76006061549614],[-73.71365557013414,40.759935570889176],[-73.71351828172092,40.75983773083253],[-73.71332542144886,40.75973018957148],[-73.71244940730718,40.75924170421867],[-73.71085768998324,40.75819506464084],[-73.71054499726547,40.75799103432496],[-73.70782538631595,40.756216404324434],[-73.70527128316428,40.75477044145375],[-73.70346781916133,40.75368336353806],[-73.70273495703732,40.75325051680997],[-73.70217841679656,40.752885939999956],[-73.70169386961533,40.752536855046685],[-73.70163345892148,40.75249332969296],[-73.70162212271006,40.75242551789296],[-73.70134715916569,40.75078058137422],[-73.7011731654892,40.74892430162125],[-73.70090127413567,40.747128543578015],[-73.70089340027832,40.747057265625195],[-73.70077960806641,40.74504145380018],[-73.70058164037455,40.74318384158853],[-73.70029222241429,40.74101060201274],[-73.70002140396643,40.73940416617732],[-73.7000090638712,40.73932341316338],[-73.70002020503291,40.739236541732],[-73.70031835176928,40.73896808258156],[-73.70081147162335,40.73843915238969],[-73.70147073038108,40.73751156096412],[-73.70206036356453,40.736442757168504],[-73.70228084265753,40.736125796618644],[-73.70268794525748,40.73549022278893],[-73.70331490952681,40.73456325688347],[-73.70352249022412,40.734207945306025],[-73.70394463077419,40.7335262622153],[-73.70460114351185,40.73256974742783],[-73.70499536266354,40.73197055802491],[-73.70522165762324,40.731619630204655],[-73.70584734754661,40.73067285439985],[-73.70648028265802,40.72971129923052],[-73.70709970142543,40.72874771455353],[-73.70766217305983,40.72783093450947],[-73.70856949081696,40.727636418426115],[-73.71043109574435,40.727241061466984],[-73.71049995362068,40.72722708741331],[-73.7105628561649,40.72721887134821],[-73.71410391168389,40.726756335402285],[-73.71496944876067,40.72664660986738],[-73.71587508733442,40.72654243885999],[-73.71693288057014,40.726386415555474],[-73.71828706778541,40.72604111127047],[-73.72038627250673,40.7254745543822],[-73.7211926571175,40.72526654639078],[-73.7217965885371,40.72508603544023],[-73.72204637360093,40.72501961194152],[-73.72257879305248,40.72487767603634],[-73.72291170306481,40.7247939469688],[-73.72295712068423,40.724782448611194],[-73.7229623344217,40.724781128306965],[-73.72315163529618,40.724733207036735],[-73.7234275409418,40.724663350901224],[-73.72419675471856,40.72445460236318],[-73.72446654732678,40.7243813793845],[-73.72454972782053,40.72436026371355],[-73.724634225213,40.72433644841043],[-73.72471792486994,40.724312605003824],[-73.72476424417684,40.72429802792878],[-73.72481053899416,40.72428340403646],[-73.72490160917567,40.72425447656376],[-73.7250848899202,40.72419561309687],[-73.72567196959446,40.724037658993254],[-73.72647559388689,40.72375249638641],[-73.7273282651815,40.723411962738844],[-73.72797157452246,40.72315911649529],[-73.7281623385516,40.7230841402838],[-73.72838891360566,40.72302142315324],[-73.72861253757516,40.72295284914619],[-73.72883294897723,40.72287849844852],[-73.72904989021717,40.72279845786187],[-73.72926310749699,40.72271282111569],[-73.72947235151148,40.722621688346955],[-73.72965186962794,40.72253485764378],[-73.7297578838625,40.72248357940777],[-73.73004830836713,40.72232591485155],[-73.73032628902034,40.72215729678331],[-73.73030132044718,40.722094516989806],[-73.72966103193097,40.72048138422528],[-73.73053746450027,40.72028233551387],[-73.73216325789195,40.72005531851788],[-73.73222265826615,40.72024462749267],[-73.73227959498524,40.72027532346729],[-73.73233722242958,40.72030510196297],[-73.73314837185049,40.719585728564645],[-73.73438312292743,40.71893141517848],[-73.73519687084975,40.7185271984573],[-73.7352580113612,40.718502753721985],[-73.73533943827667,40.71847011675076],[-73.73613267174137,40.71817189206645],[-73.73642646375411,40.71805791166577],[-73.73695804337774,40.717931227477386],[-73.73737181877924,40.717832503413206],[-73.73791101298083,40.71772189709096],[-73.73888910245249,40.71753079689966],[-73.73984041553204,40.717309209915236],[-73.74075784996784,40.71709665966746],[-73.7416975557584,40.716877137538894],[-73.74291939354742,40.71659337309354],[-73.74389565382387,40.71636512549446],[-73.74471720189885,40.716173330634575],[-73.74475624516327,40.716164214410334],[-73.74479651744143,40.71615561319672],[-73.74558768677608,40.7159711113084],[-73.74564189604983,40.71595755212832],[-73.74654181450744,40.71576011825064],[-73.74706204864839,40.71564732908334],[-73.74844373544744,40.71534671238003],[-73.749356421,40.715142449794364],[-73.75043521028306,40.7148827077565],[-73.7513321753515,40.71463157700683],[-73.7522364771646,40.71435372787958],[-73.75312017508345,40.714089452658534],[-73.75398801420573,40.71389096406074],[-73.75404784021242,40.713877539412216],[-73.75411707990212,40.713859631529864],[-73.75505403944142,40.713625523245504],[-73.7553144810341,40.713568327489455],[-73.75556217775019,40.713530257849335],[-73.75581282959556,40.71350585515054],[-73.75606448403757,40.713495248755606],[-73.75621111985535,40.713497081198014],[-73.75714244105266,40.71349807734469],[-73.75825118359181,40.71349643942547],[-73.75882435233152,40.713482332961206],[-73.75925219658413,40.713471800766904],[-73.75945604630961,40.713468849869884],[-73.76069363468606,40.71343697610488],[-73.76118498660216,40.71343603286251],[-73.76296862710646,40.71337581042181],[-73.76324778792521,40.71336044546232],[-73.76401781348767,40.71331806290653],[-73.76482833092211,40.71327695591687],[-73.76605109527941,40.71328232042818],[-73.76630041413907,40.71327891841001],[-73.76630047314286,40.71327891852979],[-73.76630054472524,40.713278910298726],[-73.76654951024119,40.71326141360137],[-73.76679600390419,40.71322992682908],[-73.76679616931006,40.71322990907119],[-73.7667963360985,40.71322987372568],[-73.7670285850601,40.71318693087981],[-73.76742911673911,40.713084414953066],[-73.76763062110878,40.71302048894284],[-73.76782534938542,40.71294485264356],[-73.76801158302105,40.71285816502995],[-73.76868332094507,40.71249659210847],[-73.76885648138666,40.71240806806304],[-73.76901731071929,40.712312441478865],[-73.76916890390831,40.71220814217914],[-73.76931008597421,40.712095986720136],[-73.7694398709493,40.711976892556244],[-73.76962552401564,40.71178632034119],[-73.77006800911876,40.71135386814099],[-73.77065838963269,40.71081884368437],[-73.77076570467791,40.71073529196898],[-73.77076577553608,40.7107352373286],[-73.7707658470179,40.71073519341116],[-73.77089074778873,40.71065160355462],[-73.7710246952028,40.71057664079971],[-73.77102481364221,40.71057657804493],[-73.77102494374678,40.71057651615102],[-73.7711865776198,40.71049951015974],[-73.77130086462172,40.71044973095606],[-73.77130095944084,40.71044968658214],[-73.77130105400937,40.71044965108665],[-73.77144123456699,40.710396041904225],[-73.7714414245844,40.71039597091473],[-73.77144162602355,40.7103959076542],[-73.77158658355476,40.710350314425284],[-73.77158671425862,40.71035027012233],[-73.77158686805159,40.710350233738914],[-73.77172444678742,40.710316818855475],[-73.77211588105602,40.71020602053818],[-73.77229773873884,40.71015623068643],[-73.77314372398732,40.70992119237182],[-73.77402829355398,40.70967209364604],[-73.77489153195775,40.709419452628076],[-73.77604320556289,40.709109374140716],[-73.77629893096226,40.70903970295187],[-73.77655023873587,40.70898874466613],[-73.77680639650312,40.70895277086251],[-73.77706505696383,40.70893211034236],[-73.77732013444648,40.708925183258124],[-73.77816455790513,40.708854152420834],[-73.77865631159004,40.708782354372744],[-73.77904842723431,40.7087100324867],[-73.77968084235415,40.70859660869299],[-73.78011633995104,40.708511131515536],[-73.78054696663409,40.708426887968166],[-73.7814375305837,40.70825510600642],[-73.781877996935,40.70817026619749],[-73.78214271819547,40.70811938260997],[-73.78235508744369,40.70807855965503],[-73.7827910581931,40.70799630151674],[-73.78295154518436,40.70798178189822],[-73.78330487199914,40.70794570659784],[-73.78332041001781,40.70797847877767],[-73.78440973366057,40.71027529422429],[-73.78445645863441,40.71037246593318],[-73.78472085527518,40.71092228307959],[-73.78502885374425,40.71157072385731],[-73.78535272199113,40.71228361653002],[-73.78446144564873,40.71249390498177],[-73.78356075735935,40.712710787853005],[-73.78262547451308,40.71293754849094],[-73.78247043307843,40.712976581029224],[-73.78236650030844,40.713002743699505],[-73.78227126570296,40.71302513057537],[-73.78178273970633,40.713139993700686],[-73.78058892867539,40.71342817616638],[-73.78042034153474,40.713468709653526],[-73.77998005247844,40.71357457127826],[-73.77972553639769,40.71363576951917],[-73.77957164808534,40.71367415923495],[-73.77886957498102,40.71384929712691],[-73.7780011969988,40.71405112363025],[-73.77730633862923,40.714209316818746],[-73.77712346972149,40.714261994085206],[-73.77618628360032,40.71448557420623],[-73.77571458374821,40.71459845492169],[-73.77529927897515,40.7146963140527],[-73.77444238227109,40.714905043632875],[-73.7735713523446,40.71512009537003],[-73.77392242697996,40.71580619295507],[-73.77424799019765,40.71651727416724],[-73.77490589555832,40.717838029604444],[-73.77519714635781,40.7184607267366],[-73.77551073145527,40.71909519420678],[-73.7762079184923,40.72053745092832],[-73.77670838340744,40.72161902830113],[-73.77675219499869,40.721714702667484],[-73.77678075211568,40.72177706412207],[-73.77681711880112,40.72185647873705],[-73.77717688087887,40.72223056541961],[-73.77723195667785,40.72229002373169],[-73.77727808027326,40.722346336797706],[-73.77732562882017,40.72239270114449],[-73.77738048996946,40.72244906289676],[-73.77757868183474,40.72264221807475],[-73.77774895414618,40.72284211006714],[-73.77787601889273,40.72303670299298],[-73.7780376595688,40.723284268716036],[-73.77844281748236,40.72394283729774],[-73.77906642013762,40.72496427023848],[-73.77955659425682,40.72581377209146],[-73.77985254456182,40.72640295767252],[-73.7801706116627,40.72708178489364],[-73.78033718660038,40.727439399198275],[-73.78048532942988,40.72775158360624],[-73.78079910579696,40.72842524059091],[-73.78113444667068,40.72915588797765],[-73.78116055033674,40.72921275860022],[-73.7811816060663,40.7292569327955],[-73.78213405375162,40.731252254683184],[-73.78302493164342,40.733130718549496],[-73.78392419240845,40.73283731276982],[-73.78478550918601,40.732557246636354],[-73.78565333194126,40.73227259157749],[-73.78671865261146,40.734532042595816],[-73.7875743649691,40.736336149152166],[-73.78853191928515,40.738351388378334],[-73.7892504794113,40.73987381182612],[-73.78836729509106,40.74011904839834],[-73.78661783958536,40.740597646879365],[-73.78657381476894,40.74061064177589],[-73.7866761129107,40.74082328831873],[-73.78663245883789,40.740834985758944],[-73.7865011190354,40.74087082562256],[-73.78574742889917,40.741076489952896],[-73.7848188793161,40.741329863439894],[-73.78472093850066,40.74135644281517],[-73.78398856138037,40.74155519299995],[-73.78347774438141,40.741693811929565],[-73.78308903748622,40.74180311512071],[-73.78293970899904,40.74184437188441],[-73.78213724242717,40.742066076446434],[-73.78173936201651,40.74217340235843],[-73.7813448326688,40.74228012999485],[-73.78115747101013,40.742330808660306],[-73.78114959651434,40.74233293862682],[-73.78097811599979,40.74237907411427],[-73.78065027956129,40.742467277099756],[-73.78032245393169,40.74255547816819],[-73.77962952993391,40.742699181522156],[-73.77934503716075,40.74274600150599],[-73.77858004518396,40.74287189441692],[-73.77766901002059,40.74300936684355],[-73.77749012411326,40.74303517013595],[-73.77577761181723,40.74328217463978],[-73.77572220645867,40.74329124304225],[-73.77567465992928,40.7432973558048],[-73.77562979772658,40.74330327944602],[-73.77525859851502,40.74335229458496],[-73.77476016491269,40.743424842546666],[-73.7744369894451,40.74347187898643],[-73.77402057484777,40.74352557072901],[-73.7737705019976,40.74356460322154],[-73.77360646688543,40.743590206844935],[-73.77319542243525,40.74366571614303],[-73.77278817687791,40.74375193877856],[-73.77238544112839,40.74384872307725],[-73.77197153411775,40.74398751431917],[-73.77159622726082,40.744113359607915],[-73.77162097960081,40.744159731866155],[-73.77163811461398,40.744196938701265],[-73.77172218221611,40.744370313501506],[-73.77192604412681,40.744790738396205],[-73.77211003976812,40.74516499325056],[-73.77224730340214,40.74548355894612],[-73.77233563019892,40.74567121044051],[-73.77236446462175,40.745731892020736],[-73.7727900203847,40.746627458377176],[-73.77282504330499,40.74670095510402],[-73.77301912547155,40.74709031221764],[-73.77310565239648,40.74726389431385],[-73.7732469855744,40.74756897746973],[-73.77356246640684,40.74823122962976],[-73.77366742628517,40.748451552442575],[-73.77431558769204,40.749812081130685],[-73.77432549508445,40.749832876696495],[-73.77433508926563,40.7498530134354],[-73.77441695309957,40.750005007727175],[-73.77497465987801,40.7511701970285],[-73.77508900166593,40.75140908078701],[-73.77522395357849,40.75169101492307],[-73.77560320297152,40.752535828271334],[-73.77564503590621,40.752629013498044],[-73.77575585832057,40.75291828335138],[-73.77575745303884,40.75292273462164],[-73.77587843821054,40.75326100370327],[-73.7758004214287,40.75327255729867],[-73.77569491914107,40.75329173087775],[-73.77535492524747,40.753353527418824],[-73.77475013400988,40.753500894686596],[-73.77446597875449,40.75357476604819],[-73.7738600967207,40.753836625225226],[-73.77364041758634,40.75392779325456],[-73.77300321796204,40.75419698016331],[-73.7728007949354,40.75426937791596],[-73.77210024974535,40.75448204492939],[-73.77189274186217,40.75453127969371],[-73.77128998026505,40.754689132049286],[-73.77096771939455,40.75477724565921],[-73.77013305512315,40.75499260606413],[-73.76994087017523,40.755044469913095],[-73.76932641595927,40.75520784449901],[-73.76904885989661,40.75527691675455],[-73.76872723685737,40.75535388218299],[-73.76831336736582,40.75545292063885],[-73.76814580416492,40.75548264295859],[-73.76716451639432,40.75565762302073],[-73.76699165940975,40.75563674932335],[-73.76614952873413,40.75574570651995],[-73.76570358948732,40.75580376704588],[-73.76523621357367,40.75586461587302],[-73.76433278000155,40.755994372148834],[-73.76342031951144,40.75619721391156],[-73.7623019816315,40.7564257747185],[-73.76185572317411,40.75651697538559],[-73.76176692858833,40.75727880207315],[-73.76199745967459,40.75810219121534],[-73.7623951060682,40.759496998123716],[-73.7612554060864,40.75971470797312],[-73.76035620399833,40.759900133719256],[-73.76028205910566,40.75991440030584],[-73.75987745953046,40.75999492261742],[-73.7580013176715,40.76037986748059],[-73.75848075066628,40.761994737148996],[-73.75811452065406,40.76205389719113],[-73.75730147861219,40.76220220183112],[-73.75712428522586,40.76223452220089],[-73.75705812560112,40.762245842016256],[-73.75680310359007,40.762024023619865],[-73.75667156486503,40.76191028773634],[-73.75650776144843,40.76176865367964],[-73.75622913163352,40.76159569830162],[-73.75594366755145,40.76140739172054],[-73.75564648886707,40.76122961374514],[-73.75533861211504,40.76106296099598],[-73.7551621618177,40.76098036194864],[-73.75501664485145,40.76091224289608],[-73.754736908292,40.760784585876316],[-73.75444903469501,40.760667231131784],[-73.75415402854306,40.76056062150797],[-73.7538529424728,40.76046510078655],[-73.75340948222245,40.760332513430086],[-73.75282986293332,40.76015921351717],[-73.75204572880466,40.75991593074225],[-73.75165245386461,40.75979391199501],[-73.7515981155073,40.759775366586766],[-73.75128060061036,40.75966699377302],[-73.75091653212465,40.759526888912696],[-73.7508363188078,40.75949236212068],[-73.75056144168724,40.759374043178376],[-73.7502164771559,40.759208962725374],[-73.74990296260938,40.75903898603629],[-73.74965304585551,40.75889097626185],[-73.74927400137679,40.75865400192934],[-73.7490020634322,40.75847999008179],[-73.74847118303519,40.758075485925],[-73.74844540258435,40.7580504177433],[-73.74740741791925,40.757041084486204],[-73.74725829972739,40.756872000468704],[-73.74695405660516,40.75652701655804],[-73.74655706272037,40.75609895989595],[-73.74642935593167,40.75597467059533],[-73.74615051223883,40.7556474918677],[-73.74569305224428,40.755110728360194],[-73.74517065918803,40.75448105411918],[-73.74509968258702,40.75439415878987],[-73.74458559767726,40.75376476421208],[-73.74450877072087,40.75367760424387],[-73.74445353962312,40.753609961756204],[-73.74440887432992,40.753563341323655],[-73.7443484955505,40.753599813099186],[-73.74427294766541,40.753654747961704],[-73.744119421909,40.75375576873893],[-73.74397778350843,40.75385093437168],[-73.74322290694747,40.754338659149916],[-73.74178082290605,40.7552703527103],[-73.74092122252411,40.75582569783833],[-73.74034140235786,40.75620598278991],[-73.73970566210585,40.75662293420263],[-73.73926325548234,40.75691704836557],[-73.73890565299922,40.75714472670286],[-73.73829921165797,40.75753082957697],[-73.73757525769167,40.75799114279648],[-73.73745039920273,40.7580646038687],[-73.73595390191174,40.758945050594484],[-73.73594957384626,40.758947595623084],[-73.73529840855265,40.7592829283069],[-73.73482847618016,40.75949416831572],[-73.73450836115651,40.759623078382624],[-73.73433707100189,40.759682645472985],[-73.73328577124458,40.760048238146716],[-73.73260790216635,40.760275127686896],[-73.7323634262174,40.760356954941386],[-73.73186169089121,40.76054165366227],[-73.73103101443242,40.76096354989767],[-73.73097265717536,40.76099832584814],[-73.73031557828283,40.761389880879314],[-73.72967321902559,40.76181293808087],[-73.72951486469596,40.76191701756333],[-73.72912044027458,40.76217625580835],[-73.72836776847713,40.76263704852829],[-73.72803953337146,40.762815424919474],[-73.72794048315137,40.762869253396545],[-73.72754697810143,40.76306233819588],[-73.72755175235275,40.76305917887808],[-73.72710836706045,40.76325350435729],[-73.7266429395342,40.763444803408035],[-73.72639673334946,40.76353347344539],[-73.72632173060683,40.76356048553506],[-73.7259799973441,40.76367567635225],[-73.7257676644263,40.76375101259179],[-73.72548590458962,40.76383760951933],[-73.72525530538697,40.76390185240871],[-73.72509074114448,40.763944503120925],[-73.72472879312461,40.76402944817253],[-73.72462140368742,40.764051346087534],[-73.72436146158203,40.764104348218495],[-73.72409366828053,40.76415800726635],[-73.72369498264108,40.764219430315464],[-73.72331982217351,40.76427385695604],[-73.7230585177685,40.76430466649432],[-73.72275679204192,40.76433423631498],[-73.72215125545392,40.764393577296694],[-73.72088128747471,40.76451594659064],[-73.72088094581686,40.76451597977082],[-73.72088089754082,40.76451598518227],[-73.72071269900555,40.7645321900034],[-73.72063083098749,40.76447640350553],[-73.72021435717198,40.76419260559276]]]]},"properties":{":id":"row-nnr7~jwfz_axzk",":version":"rv-gpvx~8k8z.r7x4",":created_at":"2025-11-24T21:48:59.646Z",":updated_at":"2025-11-24T21:48:59.646Z","coun_dist":"23","shape_leng":"84551.7269692","shape_area":"311520682.899"}},
{"type":"Feature","geometry":{"type":"MultiPolygon","coordinates":[[[[-73.97187157012107,40.79134541673058],[-73.96939097650775,40.79029580166976],[-73.96891507514707,40.79093630936254],[-73.96877977416362,40.79113312381302],[-73.96871921496631,40.791217314210165],[-73.96847464265915,40.79156090214786],[-73.96801603162301,40.792184525046856],[-73.9675299475182,40.792858568053745],[-73.96691521740321,40.79260035893832],[-73.96468540739478,40.79166402679887],[-73.96417598521322,40.79236204502777],[-73.96380600977412,40.792879900803065],[-73.96371100656353,40.79300902804484],[-73.96321832744927,40.79367857327833],[-73.96307931092772,40.79386787632812],[-73.96297579484633,40.7940161814964],[-73.96282149803885,40.794237235188945],[-73.96235980150668,40.79485206056069],[-73.9618998546095,40.79547927006117],[-73.96144060721896,40.796110826681634],[-73.96097971807933,40.796738644045334],[-73.9607478509035,40.797055975655354],[-73.96052271669572,40.79736846895982],[-73.96003018503254,40.79803810739459],[-73.95953658868197,40.7987185255206],[-73.95907669138427,40.79935223392793],[-73.95861879256732,40.79997702565194],[-73.95833304956655,40.800365053511136],[-73.95817297103875,40.80058254095482],[-73.95786499295285,40.80051527193648],[-73.9553665162024,40.79946642641642],[-73.95530363986683,40.79944050019482],[-73.9552576358306,40.79942119889424],[-73.95522296477984,40.799406646617626],[-73.95276726978354,40.798372091569185],[-73.95253186754347,40.79826974269265],[-73.95246092785285,40.79824249401041],[-73.95237419062775,40.79820977124783],[-73.95094228283372,40.797603117670484],[-73.9497477308443,40.79709700160124],[-73.94923327082499,40.79687199990546],[-73.94942287815631,40.79660638416077],[-73.94968682996546,40.796216984878306],[-73.95015821226993,40.79558773150443],[-73.95062885475737,40.79495959137642],[-73.95111102372414,40.79428503532194],[-73.9516026543104,40.79360780561412],[-73.95207127012533,40.792981171983186],[-73.95252222638756,40.79234762222524],[-73.95297740553605,40.79171969266553],[-73.95309827606809,40.79155275291261],[-73.9531604499487,40.7914668813839],[-73.95343683861161,40.79108514137182],[-73.9538891708097,40.790470498554356],[-73.95439919191298,40.78977490866774],[-73.9548172375053,40.789204744369876],[-73.95510416948412,40.78882207175283],[-73.95528233480856,40.78858445548827],[-73.95577735912323,40.787913924471084],[-73.95626130919686,40.787222875777324],[-73.95671862998284,40.7866007933218],[-73.9571624332457,40.78597963775687],[-73.95763599389798,40.78534345832385],[-73.95810353444206,40.784713004731344],[-73.95856810011566,40.784083443537156],[-73.9590117668133,40.78346128463505],[-73.95946906057665,40.78283332116215],[-73.95992094286208,40.78221294350236],[-73.96041430587842,40.78152426780468],[-73.9609101613831,40.78085703602694],[-73.9613687269495,40.78022974904762],[-73.96183836839708,40.77958419269862],[-73.96230361479846,40.77894704120485],[-73.96276715493546,40.77831304088852],[-73.9631345980359,40.77780805077566],[-73.96322991911046,40.7776770473619],[-73.96372602608056,40.77700571789973],[-73.96376123851232,40.77695096943227],[-73.96422820174071,40.776310308680024],[-73.9646873584175,40.7756770817154],[-73.96514745374753,40.77504423259238],[-73.96560968621523,40.77440720144547],[-73.96607449041005,40.77377298910019],[-73.96653616947071,40.77314036909261],[-73.96703947513842,40.77246121881627],[-73.96753398444372,40.77177618398404],[-73.9679932771093,40.771147230449934],[-73.96844155933383,40.77051632687306],[-73.96890454710315,40.76990083229372],[-73.96936484612667,40.76927065682313],[-73.96951605177428,40.769065200424514],[-73.96982455287815,40.768646008820895],[-73.97028165502248,40.7680250329323],[-73.970727774146,40.767393722416195],[-73.97118520913509,40.76677028966967],[-73.97164774268195,40.76614246897515],[-73.97209852444384,40.765517250724976],[-73.97255352295763,40.76489773172338],[-73.97301487242221,40.76427887944539],[-73.97363584699065,40.76456991327336],[-73.97419229021413,40.76480652833192],[-73.97623388796951,40.7656746314446],[-73.97670323582177,40.76499544998828],[-73.97719688684082,40.764323691919934],[-73.97768600593282,40.76364440252066],[-73.97813931745709,40.76302401446688],[-73.97860169380924,40.76239607235218],[-73.98029080659894,40.76311083403746],[-73.98037226096523,40.763145708384684],[-73.98143352023781,40.763594360367364],[-73.98246970755163,40.76403346366589],[-73.98428230080641,40.76479181510171],[-73.98382185703375,40.765418474697505],[-73.98473510236694,40.765803850687114],[-73.98594867645379,40.766315941049555],[-73.98665975649972,40.76661598570965],[-73.9895049823654,40.76781538262201],[-73.9899638269705,40.76718747461629],[-73.99111685916482,40.76767228288789],[-73.9912390959659,40.76772367756408],[-73.99136744453452,40.76777764291461],[-73.9928059031975,40.76838243932267],[-73.99484913485439,40.76925680329461],[-73.99493743188451,40.769294583065225],[-73.99505523426038,40.769344178615455],[-73.99528368384802,40.76932270169108],[-73.99522727379215,40.769392385004],[-73.99522190892243,40.76940813149487],[-73.99522016874279,40.76942434377057],[-73.99522210462902,40.76944054321635],[-73.99522765943296,40.76945625159585],[-73.99523666916933,40.769471005169535],[-73.99526229932724,40.769502967100166],[-73.99631327022085,40.76979883633644],[-73.99876206848208,40.770825056709235],[-73.99885341029413,40.7708610681179],[-74.00091050707593,40.77181025641871],[-74.00109832773033,40.77189496894213],[-74.00194831424297,40.77228812243634],[-74.00236913007011,40.7724761696914],[-74.00280340139679,40.77268257369966],[-74.00233857376062,40.77333298555102],[-74.00222268026224,40.773495148534096],[-74.00180133713083,40.77408470046724],[-74.00150623796169,40.77449760163064],[-74.00037823282098,40.77612302681166],[-73.99793675708905,40.77969397563327],[-73.99758621453117,40.78020665037075],[-73.99736648055797,40.780528010610375],[-73.9958287671496,40.782569504479426],[-73.99477504394244,40.783968359726906],[-73.99287306573754,40.786493130820524],[-73.99195683106919,40.787709141811256],[-73.99134745444603,40.788608023220014],[-73.99008118116774,40.790475791208664],[-73.9883183094805,40.79307584925571],[-73.98643597268588,40.79566800050498],[-73.98500074332517,40.79764428614256],[-73.98436176658322,40.798503731405134],[-73.98265481054024,40.80079951745415],[-73.98012046842334,40.79976646389513],[-73.97751116263035,40.798702763192075],[-73.97639951996707,40.79827321019011],[-73.97635598111543,40.79825402100791],[-73.97584048832051,40.798028857489385],[-73.97559453468762,40.797930077725994],[-73.97549419430005,40.797888552311065],[-73.97539814030472,40.79784774355731],[-73.97523065755398,40.797779729099496],[-73.975070700032,40.7977133500632],[-73.97413148131973,40.79734378887679],[-73.97411255940159,40.79725869615867],[-73.97410246966702,40.797172738301605],[-73.97410127412965,40.79708644391264],[-73.97410898010703,40.79700034366633],[-73.97412554061414,40.796914967020996],[-73.97415085334345,40.79683083904979],[-73.97418476260118,40.7967484770988],[-73.97422705983126,40.796668387652105],[-73.9741950295245,40.79656300696678],[-73.97444550158833,40.79639667951287],[-73.9747912077317,40.79616710909505],[-73.97501632808816,40.79601761210641],[-73.97321056433944,40.79525202608255],[-73.97370066009046,40.79457931138666],[-73.97416211392051,40.793952677098005],[-73.97461559521668,40.793324804654816],[-73.97329381620895,40.79276599059214],[-73.97318656611226,40.79272104502572],[-73.97364908173593,40.79209412672468],[-73.97354474925035,40.7920505719415],[-73.97223267244928,40.79149820255796],[-73.97194506193281,40.79137651221937],[-73.97187157012107,40.79134541673058]]]]},"properties":{":id":"row-ip4d_em7z_pscv",":version":"rv-d4p4-7enj~j2n6",":created_at":"2025-11-24T21:48:59.646Z",":updated_at":"2025-11-24T21:48:59.646Z","coun_dist":"6","shape_leng":"51114.699368","shape_area":"106373544.589"}},
{"type":"Feature","geometry":{"type":"MultiPolygon","coordinates":[[[[-73.94554302379592,40.83923228917647],[-73.94373631643596,40.83846972059869],[-73.94371317351627,40.83854823977892],[-73.94346483727351,40.839174063130656],[-73.94306494266053,40.84019341748006],[-73.94123367177639,40.83922863534699],[-73.94113608571983,40.83917889534754],[-73.94168876895593,40.838425796571975],[-73.94214146933811,40.837802855191356],[-73.94259523049054,40.83717721151301],[-73.94305234600348,40.83655691768571],[-73.94351366531919,40.835933128993695],[-73.94396782596765,40.835308911751696],[-73.94442545661023,40.83468076807347],[-73.94487941970216,40.83405978023446],[-73.9452877264424,40.83350095646876],[-73.94533433708747,40.8334371616618],[-73.94582395152779,40.832765461287366],[-73.94571933698613,40.83272141376852],[-73.94297966199173,40.83156798036208],[-73.9413679958138,40.83089083858562],[-73.9415210391793,40.83051566948926],[-73.94166101516903,40.83015608569093],[-73.94180863311223,40.829788830778256],[-73.94195166684274,40.82943298039647],[-73.94205104294714,40.82915848371387],[-73.94209331991361,40.82904170481654],[-73.94221068063389,40.82872784181123],[-73.94234447254753,40.828783132424086],[-73.94314262727431,40.82830874682429],[-73.94353225857238,40.828054369812804],[-73.94389849025886,40.827815267172284],[-73.94436432559596,40.8271949625669],[-73.94481902421916,40.82657101189923],[-73.94527685409574,40.82594787000552],[-73.94573078959124,40.8253222678263],[-73.94622236726669,40.824651619193276],[-73.94671350785228,40.82398015905063],[-73.94716484091252,40.82335949213157],[-73.94738501878173,40.82305988825843],[-73.9476222468389,40.822737079704304],[-73.94808289815631,40.822108022013566],[-73.9494652711791,40.822689320766465],[-73.94992194453778,40.8220723137254],[-73.9503771058541,40.821445618079245],[-73.95082879991472,40.820827936594725],[-73.95174483562596,40.819572617096846],[-73.95219973177446,40.81895024825885],[-73.95087990711843,40.81839442972194],[-73.95176792301615,40.81790861721081],[-73.95227185444462,40.81722064107721],[-73.95276265944557,40.81654305670404],[-73.95286768374605,40.81584562882752],[-73.95297387498246,40.81507044343691],[-73.95307510719076,40.81429928127885],[-73.9531098089303,40.81349509643984],[-73.95312854409632,40.812691608263464],[-73.95354383019783,40.81205082062998],[-73.9540109298304,40.81136978105664],[-73.95428809850648,40.810992232291625],[-73.95451229620694,40.81068660169391],[-73.95483482011073,40.81024496550872],[-73.95485690234868,40.81021472826359],[-73.9549432448996,40.81009649688453],[-73.95496657172431,40.81006455520634],[-73.95542974856458,40.809429153406725],[-73.95588417616439,40.808802248546485],[-73.95634493679748,40.80817335404044],[-73.9563699079726,40.808139319136124],[-73.95645088503701,40.80802895134944],[-73.95647969804114,40.80798968088388],[-73.95680543877288,40.80754570978234],[-73.95726581554518,40.80691617138704],[-73.9572850864945,40.80688974749113],[-73.95769641356506,40.80632574455507],[-73.95772176015927,40.80629098862737],[-73.95818962261227,40.80560880369078],[-73.95822725034455,40.80553749744364],[-73.9582564604293,40.80546394866376],[-73.95827702553176,40.80538872983381],[-73.95828878547147,40.805312425769834],[-73.95829164878513,40.805235631066935],[-73.95828559321642,40.80515894346955],[-73.95825482580135,40.804713878441476],[-73.95824272452381,40.80452248107117],[-73.95823477449437,40.804396731945104],[-73.95820300807132,40.80389427150144],[-73.95824878329815,40.803106486471165],[-73.95868839367483,40.80246979486861],[-73.95914741137354,40.80184376013723],[-73.95964685423122,40.80115642375905],[-73.95883381389868,40.80081750460012],[-73.95848111476145,40.80067047758607],[-73.95817297103875,40.80058254095482],[-73.95833304956655,40.800365053511136],[-73.95861879322837,40.799977026154764],[-73.95907669138458,40.79935223342537],[-73.959536589343,40.79871852602341],[-73.96003018503254,40.79803810739459],[-73.96052271735674,40.7973684694626],[-73.9607478509035,40.797055975655354],[-73.96097971807905,40.79673864454791],[-73.96144060721896,40.796110826681634],[-73.96189985460923,40.79547927056375],[-73.96235980150668,40.79485206056069],[-73.96282149803885,40.794237235188945],[-73.96297579484661,40.79401618099383],[-73.96307931092772,40.79386787632812],[-73.96321832744927,40.79367857327833],[-73.96371100656353,40.79300902804484],[-73.96380601043539,40.79287990080326],[-73.96417598587449,40.79236204502798],[-73.96468540739478,40.79166402679887],[-73.96691521740321,40.79260035893832],[-73.96752994817949,40.792858568053916],[-73.96801603162301,40.792184525046856],[-73.96847464265915,40.79156090214786],[-73.96871921562759,40.79121731421033],[-73.96877977416362,40.79113312381302],[-73.96891507514707,40.79093630936254],[-73.96939097650775,40.79029580166976],[-73.97187157012107,40.79134541673058],[-73.97194506259409,40.791376512219514],[-73.97223267244928,40.79149820255796],[-73.97354474925035,40.7920505719415],[-73.9736490823972,40.79209412672481],[-73.97318656677353,40.79272104502588],[-73.97329381620895,40.79276599059214],[-73.97461559587796,40.79332480465495],[-73.97416211392051,40.793952677098005],[-73.97370066075176,40.79457931138682],[-73.97321056500074,40.795252026082714],[-73.97501632874948,40.79601761210655],[-73.9747912077317,40.79616710909505],[-73.97444550158833,40.79639667951287],[-73.9741950295245,40.79656300696678],[-73.97422705983126,40.796668387652105],[-73.974184762766,40.79674847711366],[-73.9741508536741,40.79683083906961],[-73.97412554111064,40.79691496703592],[-73.97410898076836,40.7970003436665],[-73.97410127462616,40.79708644389794],[-73.97410246999769,40.79717273828193],[-73.97411255956641,40.797258696143906],[-73.97413148131973,40.79734378887679],[-73.975070700032,40.7977133500632],[-73.97523065821531,40.79777972909963],[-73.97539814030472,40.79784774355731],[-73.97549419430005,40.797888552311065],[-73.97559453468762,40.797930077725994],[-73.97584048898186,40.798028857489534],[-73.97635598111543,40.79825402100791],[-73.97639951996707,40.79827321019011],[-73.97751116263035,40.798702763192075],[-73.98012046842314,40.799766464565224],[-73.98265481054024,40.80079951745415],[-73.98077005021352,40.80333422931943],[-73.9789740345825,40.80574938399097],[-73.97724072597545,40.808080021572145],[-73.97521656070244,40.81091563082891],[-73.97518791923054,40.81095575199165],[-73.9713010978116,40.81632657652503],[-73.96802897367327,40.82084721634271],[-73.96617093078241,40.823443786995306],[-73.96529551579545,40.82457657542759],[-73.96389121326027,40.8263936523681],[-73.96333721264475,40.82711046087866],[-73.96257677790585,40.82889873460686],[-73.96169247492271,40.830978178087925],[-73.96018759365184,40.83451659641631],[-73.95891811996898,40.83750119297531],[-73.95792526502693,40.839745856749055],[-73.95350191238762,40.838197462836],[-73.94929034657024,40.836729292987556],[-73.94928698610993,40.83673277629339],[-73.9492844625906,40.83673664592581],[-73.94928285088974,40.836740787065864],[-73.9492821988296,40.83674507683851],[-73.94928252575815,40.83674938795846],[-73.94928382197502,40.836753592506945],[-73.94928604901928,40.83675756572738],[-73.94928914081063,40.83676118972711],[-73.94929300561012,40.83676435697541],[-73.94929752874214,40.83676697349423],[-73.94930257599717,40.83676896164667],[-73.94937713355948,40.83678033441996],[-73.94943994696487,40.83679169981949],[-73.94944230013118,40.83679215701848],[-73.94949739936226,40.83681498148952],[-73.94954210504446,40.836879632428264],[-73.94918058964035,40.83786401012196],[-73.94915234129328,40.837933552055155],[-73.94900459767892,40.838425588533575],[-73.9489289123486,40.8386434262864],[-73.94883961981105,40.83887563584406],[-73.94875763667572,40.83902023697999],[-73.94865775093074,40.83930134471594],[-73.94856054520565,40.839564884659154],[-73.94849640289021,40.83966759367512],[-73.94842860857726,40.83986085415097],[-73.94833417989958,40.83999733538378],[-73.94827449893788,40.840063540159576],[-73.94823352622095,40.840117596270005],[-73.948074843216,40.84046625998079],[-73.94796701014093,40.84065410769618],[-73.94786003452232,40.84089601309017],[-73.94776196087692,40.8411257568339],[-73.94770934809924,40.84126360736876],[-73.94760600401791,40.841409547682346],[-73.94755609818532,40.84152866787323],[-73.946656327298,40.8412967275926],[-73.94645123367191,40.8412438583972],[-73.94580880256648,40.84111759759891],[-73.94573551108948,40.84110409105045],[-73.94567448841217,40.84109688544137],[-73.94468025904334,40.84105098312979],[-73.94471084884024,40.8407543939974],[-73.94558647391882,40.83987676595406],[-73.9456135769557,40.8397486292502],[-73.9456229321337,40.839617962938604],[-73.94561409950784,40.83948691045025],[-73.94558721879727,40.8393576494884],[-73.94554302379592,40.83923228917647]]]]},"properties":{":id":"row-99sz_g2zu_mjz5",":version":"rv-hq5k-3fnh.ipdf",":created_at":"2025-11-24T21:48:59.646Z",":updated_at":"2025-11-24T21:48:59.646Z","coun_dist":"7","shape_leng":"53865.8301766","shape_area":"87149989.8338"}},
{"type":"Feature","geometry":{"type":"MultiPolygon","coordinates":[[[[-73.94740123969731,40.614056200498055],[-73.94693207866172,40.6116841833344],[-73.94600103237764,40.611785779212894],[-73.94507566676161,40.61188734228748],[-73.94405560932108,40.61199284223688],[-73.94380032046105,40.61071911916256],[-73.94369953940293,40.61021403910715],[-73.94364091185481,40.60985881739124],[-73.94354698065963,40.60934655569858],[-73.94231175925276,40.60826819732621],[-73.94231698336746,40.60807519192227],[-73.94220749524337,40.60750357490054],[-73.94213412723398,40.60711377477829],[-73.94184238818032,40.605563892509096],[-73.94177070565412,40.605183015696845],[-73.9427689619157,40.60507244734219],[-73.94376581111696,40.604960904996524],[-73.94367135577383,40.60446052070794],[-73.9433154282433,40.602574931019554],[-73.94377642929011,40.6025241426712],[-73.94424205001441,40.60247284190848],[-73.9447033339862,40.60242135607388],[-73.94516877533738,40.60236940330025],[-73.94609624165321,40.602269685425426],[-73.94603166528479,40.6019285465371],[-73.94600677168582,40.601797049265784],[-73.94586617506867,40.60105421501937],[-73.94584715271228,40.60095373547455],[-73.94574628673145,40.60042079474026],[-73.94566886811,40.60001176737227],[-73.94561084868089,40.59970572461064],[-73.94543178202817,40.59876121574219],[-73.94526519230112,40.59789362694904],[-73.94479667452056,40.59794473278829],[-73.94433922689863,40.59799462665539],[-73.94387596413598,40.59804616334406],[-73.94341159064714,40.59809781555899],[-73.94248473340735,40.598200365612385],[-73.94148000390148,40.598304391738516],[-73.94138092322392,40.59779217447126],[-73.94136436693775,40.597706577696506],[-73.94129863491439,40.597366751837164],[-73.94127905147941,40.59726550761126],[-73.94123828174583,40.59705473065622],[-73.94120559831836,40.59688576172238],[-73.94106836893778,40.596176291079864],[-73.94105584336575,40.59611153259521],[-73.94101897126482,40.59592089505465],[-73.94091644263716,40.59538947396263],[-73.94090202206421,40.595314730073554],[-73.94085213946036,40.59505617996705],[-73.94081668262363,40.59487240071258],[-73.94077966551811,40.59468052730123],[-73.94075108294057,40.594532378502905],[-73.94069017642423,40.59421667755044],[-73.94067085166685,40.594116514221554],[-73.94061132651622,40.59380796809762],[-73.94051817562159,40.593818971489384],[-73.93974913794527,40.593909807453876],[-73.9396413359447,40.59392254107098],[-73.9394766272319,40.593940726019284],[-73.93908423707043,40.59398404747858],[-73.93871705823474,40.594024584982485],[-73.93793843146383,40.59410812942698],[-73.93777948946378,40.59412518255928],[-73.93751190894864,40.59275513464726],[-73.93737460969176,40.591995315183354],[-73.9369847637696,40.589871128230435],[-73.9369146129487,40.58950297348393],[-73.93655558815901,40.587618844776685],[-73.93633646818634,40.58648058838188],[-73.93588537594522,40.58653209023576],[-73.93541271139802,40.586586055116875],[-73.93477406194653,40.58663997001896],[-73.93444718618686,40.58665207478964],[-73.93344399361058,40.58653743835881],[-73.9324449773954,40.58636029040052],[-73.93210850533804,40.5862862037381],[-73.93145727267154,40.58610127189102],[-73.93139947576307,40.58607989549127],[-73.93137365504268,40.58595397334218],[-73.93134323668733,40.585805633672884],[-73.93132791595431,40.585737851496894],[-73.93131673923328,40.5856712966032],[-73.93128794878454,40.58552828230838],[-73.93126944934886,40.58543639392106],[-73.93108950777186,40.584451356165],[-73.93107641275628,40.584379675028565],[-73.93116473847702,40.58431299128674],[-73.93204244970433,40.58423396007782],[-73.93203105265378,40.58414788575652],[-73.9318812863386,40.58319736028375],[-73.93186345428339,40.58308286125207],[-73.93194663037637,40.582022342984324],[-73.93031810669655,40.576077630472994],[-73.92940250907496,40.57259456742712],[-73.92805205084616,40.567768327705245],[-73.93650796259381,40.5664295022475],[-73.94379310010217,40.565494216891835],[-73.95068256276414,40.56442614666344],[-73.9516600175893,40.56428088923629],[-73.95928127087036,40.56307888734105],[-73.95934696691883,40.569517039140926],[-73.95939182247427,40.57391210924983],[-73.9594177828854,40.57517798313926],[-73.96103342835654,40.575076324361724],[-73.96286117998773,40.574980140759024],[-73.96474395840106,40.57481439073098],[-73.96507878174143,40.57480111342678],[-73.96541394120855,40.574794380575625],[-73.96574921686347,40.57479419659578],[-73.9660843884089,40.574800561876096],[-73.96641923617014,40.574813471965896],[-73.96675354041216,40.57483291839336],[-73.96756707291404,40.57488152694914],[-73.96765743457571,40.575043682490275],[-73.96780353549781,40.57502045417877],[-73.96795533435312,40.57501255371107],[-73.96810857637038,40.575020898950704],[-73.96825878883482,40.57504548899108],[-73.96840165964264,40.575085368074625],[-73.96853345795975,40.57513876039888],[-73.96883249994849,40.57524150100494],[-73.96888995877939,40.57526123899415],[-73.9689781819784,40.57517933219572],[-73.96914386346853,40.575055167734966],[-73.96932304983689,40.574941938781414],[-73.96941842745512,40.57489139173284],[-73.96951380514955,40.57484084242711],[-73.96976664680936,40.574758233081454],[-73.97002691071178,40.574688231378964],[-73.97029293201496,40.574631386335625],[-73.97056299852069,40.57458806871849],[-73.97083532518803,40.57455845696753],[-73.9711869719187,40.574543687004365],[-73.97154043240226,40.57454333383953],[-73.97189416974089,40.574557532946486],[-73.97224664972907,40.57458629031828],[-73.97259632459678,40.57462946503963],[-73.97294168372905,40.57468682977771],[-73.97328127412823,40.57475798651813],[-73.97336342930215,40.574773666425514],[-73.97352840324046,40.574804025227806],[-73.97402416579997,40.574898832684],[-73.9745215485058,40.574988572974085],[-73.97502046225375,40.575073230020564],[-73.97552081767017,40.575152788798995],[-73.97602252511247,40.575227234913],[-73.97652549469866,40.5752965550248],[-73.97659181784714,40.57530307858809],[-73.97668422819243,40.57531216843452],[-73.97786798901821,40.575430464835634],[-73.97877963922876,40.575496043392704],[-73.97963850287651,40.57553673025163],[-73.9796344639829,40.57597616098495],[-73.97961051649632,40.57758843291628],[-73.97961624705862,40.57840587799625],[-73.97961058513842,40.57944363162741],[-73.97875740801997,40.57953694474975],[-73.9778469576346,40.579636609976944],[-73.97710904181389,40.57971288388608],[-73.97627721560528,40.57982043775583],[-73.97621147369902,40.57982711428389],[-73.97613566855006,40.57983523094563],[-73.97486591930851,40.579952892713656],[-73.97477476991854,40.57996131638929],[-73.9746524198116,40.57997262266136],[-73.972550021663,40.57984854991083],[-73.97183330799598,40.579805277635316],[-73.97181557958788,40.579861411573916],[-73.9711342458819,40.58201882620832],[-73.97033591010307,40.58191436929295],[-73.96838768870549,40.58165942079519],[-73.96759899255284,40.58155620347654],[-73.96751548657991,40.58154401223295],[-73.96733404016216,40.581517522296004],[-73.96708956054424,40.58259579426358],[-73.96707277553038,40.58266981283369],[-73.96701115990227,40.58294762411123],[-73.966936621364,40.583277755087984],[-73.9669197515039,40.58335247304211],[-73.96681375454489,40.58375771471717],[-73.96677678374058,40.58391499002182],[-73.96676128867003,40.58398439213526],[-73.96674664164019,40.584055352012484],[-73.96670866223906,40.58423930203549],[-73.9666153153741,40.584570846455236],[-73.96660079839897,40.58464174151399],[-73.96653588787512,40.58495780686517],[-73.96649796172667,40.58514249294291],[-73.9664374084593,40.58541469427097],[-73.96636486713896,40.585751244441546],[-73.96633012708628,40.58589875142136],[-73.96615022831209,40.58666882387064],[-73.96597498444316,40.58743213587772],[-73.96581402658343,40.58813321835088],[-73.96564091892908,40.588887174538016],[-73.96546500586616,40.58964333727],[-73.96530164378409,40.590358230113],[-73.96514385192478,40.59110191611808],[-73.96495691609123,40.591861917861685],[-73.96479382480825,40.59258070195755],[-73.96463908033721,40.593323153525546],[-73.96483469020795,40.59443469255741],[-73.96506098399067,40.59570717339422],[-73.96548618179281,40.597833093502636],[-73.96590395464408,40.60008474503945],[-73.96636900534706,40.60246763294334],[-73.96608312739136,40.60249904825771],[-73.96498563342668,40.6026300344771],[-73.96391167638784,40.6027495966472],[-73.96433343617414,40.60502349254124],[-73.96434217794672,40.605071160288794],[-73.96341287861328,40.60517471646913],[-73.96254925319133,40.605269433480515],[-73.96182255037462,40.60534790976144],[-73.9617319673215,40.60535796505376],[-73.96188567970034,40.6073363003089],[-73.96196552534902,40.60784311328827],[-73.9623430896302,40.609797971405456],[-73.96238548448231,40.60998599335281],[-73.96285973961484,40.61254948596448],[-73.96336094089213,40.61520442833641],[-73.96236397380876,40.6153135823533],[-73.96143603169634,40.615414384842836],[-73.96051086374686,40.61551790950506],[-73.95958350669439,40.615619814826],[-73.95902706972807,40.615677169539666],[-73.95865526099095,40.61572147797296],[-73.9576945114202,40.61582820884862],[-73.9567288790198,40.615932400672854],[-73.9557865250587,40.61603654626561],[-73.95458660242568,40.616169392608015],[-73.95402320179657,40.61623026274685],[-73.95355393995209,40.61628096032945],[-73.95262787234392,40.616383501784355],[-73.951699320829,40.6164861890293],[-73.95077168947103,40.61658753664308],[-73.9498115901566,40.616692797686326],[-73.94884639320348,40.61679906618048],[-73.94791719406938,40.61689975898093],[-73.94756662594051,40.61499015096115],[-73.9474502568829,40.614356241596354],[-73.94742608780803,40.61422460055375],[-73.94740123969731,40.614056200498055]]]]},"properties":{":id":"row-zh94-idqu.n4ax",":version":"rv-8pav.xu68.72in",":created_at":"2025-11-24T21:48:59.646Z",":updated_at":"2025-11-24T21:48:59.646Z","coun_dist":"48","shape_leng":"66439.5424051","shape_area":"143923368.781"}},
{"type":"Feature","geometry":{"type":"MultiPolygon","coordinates":[[[[-73.91329746917265,40.86208962807784],[-73.91295585421882,40.86191313581676],[-73.9128700699933,40.86189214993625],[-73.91278962862312,40.86187247052317],[-73.91273784304094,40.861863886012],[-73.91266095161309,40.86185163532883],[-73.91271614719565,40.86179280275038],[-73.91293900935652,40.86162335524523],[-73.91299697250878,40.86157928408159],[-73.9143358393146,40.86056127963178],[-73.91504631333794,40.860021053390206],[-73.9154570999566,40.85970937996008],[-73.91571961176402,40.85948956106648],[-73.91585322415985,40.859377677007465],[-73.91625421802146,40.858990631052166],[-73.91652237937406,40.85865349284036],[-73.91678779015258,40.85822655098274],[-73.91681688391094,40.85817975054614],[-73.91656578299168,40.85811424704629],[-73.91666538746126,40.85796081229821],[-73.9167595931688,40.85780542449869],[-73.91684833378055,40.857648193123964],[-73.91693154681553,40.85748922894831],[-73.91700917386031,40.85732864375964],[-73.91708116008562,40.857166550896295],[-73.91714745481771,40.85700306455512],[-73.91720801139326,40.856838299914045],[-73.91718821116112,40.855918821325844],[-73.9167969853789,40.85566521371183],[-73.91677344228142,40.85564101391653],[-73.91675429842766,40.855614672103705],[-73.91673988681886,40.85558664648846],[-73.91673045813833,40.855557424575004],[-73.91672617652783,40.85552751448586],[-73.91672711635562,40.855497436707104],[-73.91673326126651,40.85546771443805],[-73.91674450436372,40.85543886469366],[-73.91698519926467,40.85498288490782],[-73.91678982858636,40.85487287546188],[-73.9171996802771,40.85432713959522],[-73.91729647437215,40.854255370802804],[-73.91738818135856,40.85417984866887],[-73.91747454916039,40.85410078079649],[-73.91755534038106,40.854018384534896],[-73.91763033295548,40.853932886381855],[-73.91769932087391,40.85384452134682],[-73.91776211440889,40.8537535323429],[-73.91781854097589,40.85366016948546],[-73.91786844549391,40.85356468941425],[-73.91791169081273,40.85346735458767],[-73.91799833933835,40.85328191484669],[-73.91800816512412,40.853213841022956],[-73.91801362486167,40.853145485171304],[-73.91801470567738,40.853077008641705],[-73.91801140497019,40.85300857290157],[-73.91800373059719,40.85294033965772],[-73.91799170068656,40.852872469968986],[-73.91819736078648,40.85308403725278],[-73.91825427600364,40.85302744831125],[-73.91833041120003,40.85298149276193],[-73.91861505547574,40.85284441600354],[-73.91883794698443,40.8527707772808],[-73.91909637313015,40.852674615235266],[-73.92125977310735,40.85002198445867],[-73.92139050545357,40.85004900134701],[-73.92177407842884,40.85012826851991],[-73.9216785671073,40.85026704736324],[-73.92196661574833,40.85039173129331],[-73.92212733164581,40.850484634511155],[-73.92242015153052,40.850123274541446],[-73.92348914798073,40.84898378906044],[-73.9244242407449,40.84772789236373],[-73.92525399014889,40.846213218773975],[-73.92532529678299,40.84607285939234],[-73.92547956040697,40.84579735213568],[-73.92550798126362,40.84574659458355],[-73.9255378459996,40.845698131354645],[-73.92556059049245,40.845655417624734],[-73.92558342028674,40.84561254463003],[-73.92563727227366,40.845511414851536],[-73.92566485990774,40.845463410139885],[-73.92569963169572,40.84539637216003],[-73.9259285864131,40.844948957541924],[-73.9256420569784,40.84490094669844],[-73.9252512754439,40.84485091497716],[-73.92514404021895,40.844843983668355],[-73.92511333055636,40.84484121752017],[-73.92474577693679,40.84480442750092],[-73.9243135740072,40.84479512558454],[-73.9240039498307,40.844788462131106],[-73.92392588069085,40.84478678133537],[-73.92360955153364,40.844792739664435],[-73.92268545732578,40.8448585958646],[-73.92259626405297,40.84486744428567],[-73.9226280853107,40.84480091082953],[-73.92265185422391,40.84474515931582],[-73.92249820529955,40.8447499910962],[-73.92243398575532,40.84475431158671],[-73.92154038872722,40.84481443925447],[-73.92052439035038,40.84488279562676],[-73.92047180879017,40.8448863330012],[-73.91970416695105,40.84492482985541],[-73.9194087244718,40.84494226623823],[-73.91934990636385,40.844945502897176],[-73.91876603525361,40.8449804158915],[-73.9186112132762,40.84499043707992],[-73.91839212440955,40.84500461829274],[-73.9173249487654,40.84505748334954],[-73.91684309508845,40.84507077877236],[-73.91669597988694,40.84507433184193],[-73.91559683702724,40.84510087285616],[-73.9147991102173,40.84512012789742],[-73.91477948012205,40.84512060139297],[-73.91418502288931,40.84513494598361],[-73.91379648653204,40.84513292810457],[-73.91351002435474,40.845139898761396],[-73.9133763088464,40.84514339180683],[-73.9132457545788,40.8451421134879],[-73.9128602844142,40.845131950765825],[-73.91260075843272,40.8451251072481],[-73.91198318342164,40.84510882058714],[-73.91142731660145,40.84510897138302],[-73.91130608737966,40.84510344041447],[-73.91107727386127,40.84509613142859],[-73.9113071313347,40.844782901077465],[-73.91136992480905,40.84467658101702],[-73.91140572717113,40.84461596243332],[-73.91149384469156,40.84444558427325],[-73.91158073494445,40.844252522392004],[-73.91169441242609,40.84389813133087],[-73.9119181232027,40.84325788668498],[-73.91194648218547,40.843175713658425],[-73.91198635358123,40.84305709808782],[-73.9118353516438,40.842930223927006],[-73.91175110498183,40.842860589240786],[-73.91099659452213,40.84281651683633],[-73.91046008462749,40.842791642975506],[-73.90958727335841,40.84275637501906],[-73.90865715738441,40.84271937080818],[-73.90787754680561,40.842704671602675],[-73.90774413760873,40.84270215615332],[-73.90684546622326,40.842667510992854],[-73.90596061823433,40.8426287041198],[-73.90586721929033,40.84257998724591],[-73.90514894041277,40.84254719573889],[-73.90501514957921,40.8424046983196],[-73.90503176749533,40.84226294451394],[-73.9051596071784,40.841011637139644],[-73.9051869257657,40.84087713939174],[-73.90522045744702,40.84074345473183],[-73.90526016067662,40.840610748645496],[-73.9053059862706,40.84047918540609],[-73.90535787746668,40.8403489278712],[-73.9054157701921,40.84022013701537],[-73.90547959256577,40.84009297253359],[-73.90554926555149,40.839967591835546],[-73.90562470287277,40.839844150122374],[-73.90570581111933,40.83972280019384],[-73.9056724260306,40.839743755042726],[-73.90563542600734,40.83976085333972],[-73.90559557741219,40.83977374093542],[-73.90555370561049,40.83978215089451],[-73.90551067804348,40.83978590900439],[-73.90546738576018,40.83978493746381],[-73.90542472545594,40.83977925639585],[-73.90538358073557,40.83976898347011],[-73.90454495368357,40.83949796428148],[-73.9042481258449,40.83940543656262],[-73.90400210081347,40.8393287430133],[-73.9038157136679,40.83926861469545],[-73.90375819303426,40.839249160582796],[-73.90264749334652,40.83887349750265],[-73.90174356603788,40.838460547715556],[-73.90117493625984,40.83819811870369],[-73.90074638541253,40.83800520109436],[-73.90063188824887,40.83795365826366],[-73.90054895881775,40.83791632679121],[-73.90044011704389,40.83786732981545],[-73.90035137536505,40.837827381317766],[-73.90019103540847,40.83775520002693],[-73.89996792925497,40.837654763284775],[-73.90004236865698,40.83752257506453],[-73.90014268114345,40.83734444013135],[-73.90019045259668,40.83725960733022],[-73.90022284798654,40.837202079166026],[-73.90025887304776,40.83713810596783],[-73.90030702703446,40.837052594807055],[-73.90035730051517,40.836963318178064],[-73.9003894474732,40.83690623067278],[-73.90056610868103,40.836592508257255],[-73.90122534987545,40.835499911237406],[-73.90134101172015,40.83544132441066],[-73.90185605857135,40.83462212462361],[-73.9012017466976,40.834451948594946],[-73.90018333240992,40.83419155907538],[-73.9002809205184,40.83404438586889],[-73.90046269666347,40.83377024711319],[-73.90051464303907,40.83369190677505],[-73.90056494858005,40.83361604016539],[-73.90074544717999,40.83335234245519],[-73.90096756602033,40.83302783597021],[-73.9010364680213,40.832927172458426],[-73.90108168426501,40.83286111346564],[-73.90114090239877,40.83277459719703],[-73.9011818358021,40.832714794195674],[-73.9013264761037,40.83250347722302],[-73.90137090443673,40.8324385681612],[-73.90143448353676,40.832345679500094],[-73.90160257561847,40.83210009690277],[-73.90165916761262,40.83201741508872],[-73.90187802861868,40.831706902653515],[-73.90343501451957,40.832216380824505],[-73.90450621930349,40.83062496345948],[-73.90553116785013,40.82910413259044],[-73.90657083643038,40.8294522195704],[-73.90703121213086,40.82827955339566],[-73.90722757019775,40.82778324075955],[-73.90743625393556,40.82724230300233],[-73.90752434611257,40.82701395561562],[-73.9076472020828,40.826695490220914],[-73.90773918081129,40.82649218694657],[-73.90780270128596,40.826326835064584],[-73.90793098879442,40.82599554651342],[-73.90821187502168,40.82531366268831],[-73.90830419543263,40.82505005347794],[-73.90835884876516,40.8248939986654],[-73.90841267275269,40.82474539028774],[-73.90846172813555,40.82462388000338],[-73.90870859261754,40.82406663518775],[-73.90988107313665,40.82445039613629],[-73.91058589685812,40.824633816462516],[-73.91130974473384,40.824848558895056],[-73.91192435242219,40.825049759349845],[-73.91316674503234,40.8254564553129],[-73.91394463850413,40.82572043309138],[-73.91475121064767,40.825200473433775],[-73.91551523934298,40.82470705968465],[-73.91608782857901,40.82483785183138],[-73.91677400585858,40.82438708737371],[-73.91689195794918,40.8243119255752],[-73.91712693756625,40.82416263155877],[-73.91719007440192,40.82412251733141],[-73.91725010296952,40.82408437712245],[-73.91731782392043,40.82404135052204],[-73.9174045911588,40.82398622150084],[-73.91746772765964,40.823946106952704],[-73.9175659944307,40.8238836719299],[-73.91782151659686,40.82371837133001],[-73.91788272099345,40.82367877684691],[-73.91833825897201,40.82338338717318],[-73.91875570608549,40.82311521802198],[-73.91888836855938,40.82302977385045],[-73.91894597228955,40.822992673886155],[-73.91938041791633,40.82271235247815],[-73.91944303601342,40.8226716679019],[-73.91980424620844,40.822436974560205],[-73.91993471712357,40.82235220193828],[-73.92040163802683,40.82206121718335],[-73.92048603277117,40.8219795366138],[-73.92054347006933,40.821933856979065],[-73.92066539198451,40.82183689359016],[-73.92114409038726,40.82156300206208],[-73.92194764145442,40.82103154495944],[-73.9226526123969,40.82049431528109],[-73.92294021504429,40.82059754251996],[-73.92318579400929,40.820487684763904],[-73.92336612759391,40.820350586398966],[-73.92356145294373,40.820224879963156],[-73.92376982511418,40.82011190697064],[-73.92398903926671,40.82001277189363],[-73.92415466003438,40.81995777029689],[-73.92432910766937,40.819916093279275],[-73.92450952533099,40.81988882800654],[-73.92469276983309,40.81987660111692],[-73.9248756071243,40.819879476494556],[-73.92505487140569,40.81989702707431],[-73.92523940990868,40.8199249629496],[-73.92542218894413,40.819969530382295],[-73.92559936576347,40.8200306615664],[-73.92576709018547,40.82010761811395],[-73.92592178379444,40.82019895588466],[-73.92606044981052,40.82030267394067],[-73.92618076801942,40.82041631310403],[-73.92628127074337,40.82053716094448],[-73.92629438293461,40.82051375578977],[-73.92634345653639,40.820578551554846],[-73.92638656329733,40.820625315022575],[-73.92654246472655,40.82076263128392],[-73.92722409337603,40.821709035141254],[-73.92715433770994,40.821878088787614],[-73.92691530888145,40.82245736822068],[-73.92748845105717,40.823172453615044],[-73.9281406618548,40.82406115606287],[-73.92847318650311,40.82454892716959],[-73.92853631169534,40.82464421907346],[-73.92871744322214,40.82492272175741],[-73.92960023127225,40.82634192294384],[-73.92976069210349,40.826582418813224],[-73.92985605419878,40.82671373137121],[-73.93023982756253,40.8268706232134],[-73.93060310116323,40.82702127925665],[-73.93068561627994,40.82706059905747],[-73.93085703743422,40.82804059504448],[-73.93093075513679,40.82825413363557],[-73.93095939346627,40.82833708946197],[-73.93114131974126,40.82830380833233],[-73.93119978231114,40.828298386630095],[-73.93126199179356,40.828291173953545],[-73.93138977514697,40.82828528619017],[-73.93146631135933,40.82828175975066],[-73.93208873595574,40.828232745041475],[-73.93250790106946,40.828200393272986],[-73.9329419094136,40.82816770602621],[-73.93303721920051,40.82815984622898],[-73.93307251134253,40.82815615253924],[-73.93308540348283,40.82822567432049],[-73.9333256283995,40.8300286837657],[-73.93341936721265,40.83077435096892],[-73.93347556906167,40.8312214110777],[-73.93354606747043,40.83150945299895],[-73.93360592036706,40.83278953052081],[-73.93357044802298,40.832892192581035],[-73.9335639574196,40.83294273602128],[-73.93356390857384,40.83299165333094],[-73.9335380799095,40.83305849207672],[-73.93351358092677,40.83314875478497],[-73.9334867112087,40.833271475689514],[-73.93346918375138,40.8333951676404],[-73.93346105669657,40.833519420700775],[-73.93346235703137,40.83364382307174],[-73.93319931381815,40.83477039587433],[-73.93317633707252,40.83494357433004],[-73.93314306709256,40.83519412761654],[-73.93299639001609,40.835678789188755],[-73.9326562035398,40.83647347652595],[-73.93235564218675,40.83699333562842],[-73.93186660172769,40.83764005625038],[-73.93150395434263,40.83832068900756],[-73.93095819832948,40.839254147416],[-73.93086414417793,40.83935336886807],[-73.93081468528484,40.83942834514667],[-73.93076945055617,40.839570177661244],[-73.93075007959844,40.8396158226335],[-73.93071570388959,40.83963863028981],[-73.9306598019076,40.83971523229957],[-73.93059094800807,40.839858681547554],[-73.93055441793368,40.83988801039722],[-73.93051572386136,40.83993364218429],[-73.9305070562785,40.840010274069385],[-73.93043184038561,40.840231705388],[-73.93048324520984,40.8404600610697],[-73.93039907687995,40.84061025903101],[-73.93036686159232,40.8406200228076],[-73.9298571474445,40.841567448455514],[-73.92958939508136,40.84208354857718],[-73.92957870884518,40.842276669602484],[-73.92938012588203,40.84246714562442],[-73.92919408007168,40.84281841573959],[-73.92918458606906,40.84320375764728],[-73.92861574822354,40.84467686503006],[-73.92827454706787,40.84497576115702],[-73.92811925349231,40.84531720381854],[-73.92808209373672,40.845391596833615],[-73.92804748401839,40.84546459595457],[-73.92786869810828,40.84559772120009],[-73.92767073280382,40.846033482483826],[-73.92763424726976,40.84601878419665],[-73.92759209751685,40.84605233651544],[-73.92754828446873,40.846087214560974],[-73.92746013101693,40.84619477632902],[-73.927421415361,40.84625508342724],[-73.92739125951078,40.846341483681634],[-73.92736757060926,40.846405060897396],[-73.92736149128508,40.84641890356554],[-73.92734184519912,40.84646364143845],[-73.92730194498634,40.84650686737615],[-73.92727798063544,40.84654803610602],[-73.92722479611805,40.84658965781113],[-73.9271551982428,40.84665082968579],[-73.9270196138203,40.84681765779787],[-73.92693545954475,40.846924144673395],[-73.92687934828813,40.84703950707486],[-73.92688167671488,40.84710340154485],[-73.92685912332065,40.84719293597495],[-73.92685127602489,40.847224091055864],[-73.92683023216802,40.84728976018858],[-73.92677400548408,40.84732556266248],[-73.92675776970921,40.847335901124296],[-73.92669933467397,40.84735187155554],[-73.92662687440173,40.84739268650035],[-73.9265660882078,40.84750982319217],[-73.9265169973967,40.84756484084802],[-73.92645855328034,40.847648254299024],[-73.92641413270643,40.84773167046737],[-73.9263042593026,40.84787010144146],[-73.92619439250397,40.84796061202928],[-73.9261102412781,40.84802094989987],[-73.92603310172092,40.84807241529871],[-73.92597932956909,40.84816292863138],[-73.92593957895744,40.84827119336027],[-73.92586477100268,40.84836170468851],[-73.92577127033289,40.848422042832645],[-73.92521955529823,40.849082246737716],[-73.92465379930334,40.8497850435131],[-73.92445273249693,40.85009207742264],[-73.92422405090663,40.85056887705388],[-73.92408865819102,40.850737350174505],[-73.92384778945822,40.851182608716],[-73.92394789501428,40.85122178511915],[-73.92351769305398,40.85183582047408],[-73.92331810341263,40.852129787962085],[-73.92256178946535,40.853188911527326],[-73.92174035403008,40.854221237840555],[-73.92154971856307,40.854530299741484],[-73.92108769700312,40.85516620523395],[-73.92099167869159,40.85530453609317],[-73.92002002142898,40.856270720530624],[-73.9195662094468,40.856840183688206],[-73.91902369125211,40.85739653841376],[-73.91829123397552,40.85815501541351],[-73.91710643669239,40.85970633504568],[-73.9166791538083,40.860269203000655],[-73.91611624341968,40.860911150973244],[-73.91481817405308,40.861899088983],[-73.91477109675183,40.86194630764666],[-73.91474323884673,40.86193358947888],[-73.91470028509565,40.861953112543986],[-73.91467162995333,40.861981337605535],[-73.91463437531982,40.86202041933773],[-73.91461143815239,40.86205299450042],[-73.91461141304522,40.862072548958906],[-73.9146211635514,40.86209669073483],[-73.91429082589174,40.86242801704809],[-73.91422918067761,40.86248855665972],[-73.91403803049761,40.862404806445625],[-73.9135778355299,40.86220317521273],[-73.91343151747151,40.862139066314164],[-73.91335994663298,40.86211267342798],[-73.91329746917265,40.86208962807784]]]]},"properties":{":id":"row-y8pr_y9bx.6v72",":version":"rv-crts-ktt7_7n3p",":created_at":"2025-11-24T21:48:59.646Z",":updated_at":"2025-11-24T21:48:59.646Z","coun_dist":"16","shape_leng":"49060.6711073","shape_area":"62280003.8557"}},
{"type":"Feature","geometry":{"type":"MultiPolygon","coordinates":[[[[-73.88806627002673,40.64648805464971],[-73.88720113531686,40.64560217121494],[-73.88679595234633,40.645239473313964],[-73.88673134984883,40.645131935322944],[-73.886244488614,40.64474582328475],[-73.88609107142443,40.644642965235704],[-73.8860057124208,40.64457125719775],[-73.88600582922115,40.64450289111161],[-73.88574170719546,40.64418192918751],[-73.8855776214907,40.64404094928728],[-73.88438270992516,40.64291067040396],[-73.88373578763793,40.642450349188486],[-73.88311261858578,40.64187446597549],[-73.88251634847764,40.64135071105404],[-73.88190167750018,40.64083493862022],[-73.88126533380377,40.64021877226577],[-73.88078889725736,40.63975743263559],[-73.88076685498288,40.6395816476535],[-73.88055123882245,40.639158819737304],[-73.87974983030401,40.638422235630344],[-73.87953888017081,40.63821783932076],[-73.87945522168388,40.6381922454172],[-73.87935480018264,40.638179387821125],[-73.87911787798076,40.63826658744061],[-73.87907715576767,40.6383029810965],[-73.87905060850402,40.63843594812427],[-73.87896686071136,40.63845954369557],[-73.8788736258269,40.63843940524619],[-73.87876518083297,40.638368557192734],[-73.87870039075364,40.63833772474578],[-73.87863863776118,40.63829360625888],[-73.87853397772892,40.638166256079955],[-73.87838402264147,40.637904108592345],[-73.87855666574903,40.63761312108221],[-73.87858034172173,40.637518756592804],[-73.87841750134993,40.63745748716728],[-73.87780952677231,40.63688186477786],[-73.87714434868593,40.63597649800757],[-73.87395659724167,40.63377309408856],[-73.88157343265524,40.627939686700316],[-73.8822697280663,40.62744248992333],[-73.8915696423574,40.62106098045309],[-73.89230576209691,40.62053671469859],[-73.89146877837904,40.619880572339646],[-73.8870503548388,40.61631986092635],[-73.88445591235173,40.609440203652234],[-73.87141844069487,40.578535278416254],[-73.87923424879816,40.57467567900082],[-73.88503643111767,40.57375092244151],[-73.88508290338287,40.5737436840777],[-73.88512899981778,40.57373434684241],[-73.88519092035637,40.5737199512649],[-73.88629181110606,40.57350369269326],[-73.89051533221908,40.57270719916484],[-73.903871058556,40.57161873752356],[-73.90878996095361,40.57079936251162],[-73.91336523304517,40.57007858057342],[-73.91846539916422,40.56929127602482],[-73.92040677288209,40.56897938053704],[-73.92621455445087,40.56808167144671],[-73.92805205018712,40.567768327704826],[-73.92940250907444,40.5725945679297],[-73.9303181063671,40.57607763047279],[-73.93194663037586,40.58202234348691],[-73.93186345494266,40.583082861252464],[-73.93188128567955,40.58319736028335],[-73.9320310526543,40.584147885253934],[-73.93204244970433,40.58423396007782],[-73.93116473847753,40.584312990784206],[-73.93107641275577,40.58437967553115],[-73.93108950777186,40.584451356165],[-73.93126945000814,40.58543639392145],[-73.93128794878454,40.58552828230838],[-73.93131673923276,40.58567129710579],[-73.93132791595431,40.585737851496894],[-73.93134323734657,40.58580563367327],[-73.93137365504319,40.585953972839626],[-73.93139947576307,40.58607989549127],[-73.93145727267154,40.58610127189102],[-73.93210850533855,40.586286203235524],[-73.9324449780547,40.58636029040092],[-73.93344399361108,40.58653743785626],[-73.93444718618638,40.58665207529219],[-73.93477406260577,40.58663997001933],[-73.93541271139802,40.586586055116875],[-73.93588537594522,40.58653209023576],[-73.93633646818634,40.58648058838188],[-73.93655558815901,40.587618844776685],[-73.93691461360798,40.58950297348429],[-73.93698476311032,40.589871128230065],[-73.93737460969176,40.591995315183354],[-73.93751190960793,40.592755134647625],[-73.93777948946378,40.59412518255928],[-73.93793843146383,40.59410812942698],[-73.93871705823474,40.594024584982485],[-73.93908423706996,40.593984047981166],[-73.9394766272319,40.593940726019284],[-73.9396413359447,40.59392254107098],[-73.93974913794527,40.593909807453876],[-73.94051817562159,40.593818971489384],[-73.94061132717603,40.593807967595374],[-73.94067085232616,40.594116514221895],[-73.9406901757649,40.59421667755011],[-73.94075108359989,40.594532378503246],[-73.94077966551811,40.59468052730123],[-73.94081668328295,40.59487240071292],[-73.94085213946036,40.59505617996705],[-73.94090202206421,40.595314730073554],[-73.94091644263716,40.59538947396263],[-73.9410189706055,40.59592089505431],[-73.94105584336575,40.59611153259521],[-73.94106836893823,40.59617629057726],[-73.94120559831836,40.59688576172238],[-73.94123828174583,40.59705473065622],[-73.94127905147941,40.59726550761126],[-73.94129863491439,40.597366751837164],[-73.94136436693775,40.597706577696506],[-73.94138092322392,40.59779217447126],[-73.94148000390192,40.59830439123593],[-73.94248473340778,40.5982003651098],[-73.94341159130654,40.59809781555931],[-73.94387596479534,40.59804616334439],[-73.94433922689863,40.59799462665539],[-73.94479667452056,40.59794473278829],[-73.94526519230112,40.59789362694904],[-73.94543178268711,40.598761216245094],[-73.94561084934026,40.599705724610935],[-73.94566886811,40.60001176737227],[-73.94574628673145,40.60042079474026],[-73.94584715271228,40.60095373547455],[-73.94586617506867,40.60105421501937],[-73.94600677168542,40.60179704976838],[-73.94603166528479,40.6019285465371],[-73.94609624165321,40.602269685425426],[-73.9451687759972,40.60236940279799],[-73.9447033339862,40.60242135607388],[-73.94424205001441,40.60247284190848],[-73.94377642929054,40.60252414216865],[-73.94331542824371,40.60257493051696],[-73.94367135577383,40.60446052070794],[-73.94376581111696,40.604960904996524],[-73.94276896191614,40.605072446839614],[-73.94177070565412,40.605183015696845],[-73.94184238883975,40.60556389250944],[-73.94213412723398,40.60711377477829],[-73.94220749590285,40.60750357490088],[-73.94231698270818,40.60807519192193],[-73.94231175925276,40.60826819732621],[-73.94354698065963,40.60934655569858],[-73.94364091185481,40.60985881739124],[-73.94369953940293,40.61021403910715],[-73.94380032046105,40.61071911916256],[-73.94405560932108,40.61199284223688],[-73.94507566676161,40.61188734228748],[-73.94600103237764,40.611785779212894],[-73.94693207866172,40.6116841833344],[-73.94740123903773,40.61405620049775],[-73.94742608780803,40.61422460055375],[-73.94657366762172,40.614789131137236],[-73.94573691912022,40.615363406756686],[-73.94482770996294,40.616046209109406],[-73.9447954727964,40.61588853050792],[-73.94457366524338,40.61480377240434],[-73.94443614627764,40.614080807464184],[-73.94430888194516,40.613411738487414],[-73.94417450628622,40.61272253793516],[-73.94374792788626,40.6129482258451],[-73.94297919888844,40.61344890656734],[-73.94221470446304,40.61394556691358],[-73.94150016664022,40.61440904553425],[-73.9407875224331,40.61487183715375],[-73.94041062186241,40.61511702535263],[-73.94007303349902,40.615336639754645],[-73.93935880062168,40.61579635956121],[-73.93861941645297,40.61627479255789],[-73.9378750909965,40.61675674794439],[-73.93716300185659,40.617216455717895],[-73.93645151208946,40.61768033706295],[-73.93573462920922,40.61814075250665],[-73.93501858675279,40.61860011051681],[-73.93430992378107,40.6190690053507],[-73.93353705668335,40.61957168210259],[-73.9327057711783,40.61881261791716],[-73.9324624550205,40.61860132049609],[-73.93169293682209,40.618653025098915],[-73.9307581294262,40.618710385925965],[-73.93101636645748,40.6211159770585],[-73.93004509432247,40.621178254652726],[-73.93028165196603,40.623380342441486],[-73.92931134107155,40.62344076943042],[-73.92837632073503,40.6234993821481],[-73.92736928380526,40.62356136339471],[-73.92761336697299,40.62582358833587],[-73.92766030603777,40.626211075859416],[-73.92786501405175,40.62816689967682],[-73.9281137040925,40.6305067589422],[-73.92710673685481,40.63057097060777],[-73.92617596536229,40.63062806457406],[-73.92520537961147,40.630689014961284],[-73.92423916513911,40.63074874361078],[-73.92330514863899,40.630808270516546],[-73.92233487923625,40.630866459131944],[-73.92136605920297,40.63092726086751],[-73.9206211134486,40.63097246068539],[-73.92041799874801,40.63090438455296],[-73.92046745657997,40.631357523852444],[-73.92068281250425,40.63333050354519],[-73.92041131694663,40.63347374222526],[-73.92022182112433,40.63359705169131],[-73.92011536506322,40.633666325416286],[-73.91980939016625,40.633865428103064],[-73.9195900658599,40.634006783009085],[-73.91955599932099,40.63402874061071],[-73.91950580969709,40.63406109010846],[-73.91939492945072,40.63413255536169],[-73.91885164469268,40.63448271897984],[-73.91790929731293,40.635098267196526],[-73.91714662190425,40.63558876408805],[-73.9164308340437,40.63604662895057],[-73.91605775155246,40.6362860205787],[-73.91571451380112,40.63650627095296],[-73.91532808913557,40.63675713300103],[-73.91494383741042,40.63700659012345],[-73.91584153664579,40.63781264924503],[-73.91680994102025,40.638682164342754],[-73.91639467293835,40.63894376254043],[-73.9160322975412,40.63917204008952],[-73.9156773858991,40.63940454753818],[-73.91532186871135,40.639637438421865],[-73.91497014708705,40.6398668841097],[-73.91460905398148,40.640102444256236],[-73.91425583355327,40.64033579357055],[-73.91390350981062,40.640568549081166],[-73.91354075690428,40.64079183918574],[-73.91314642504261,40.64103456507669],[-73.91270787154198,40.641226746208574],[-73.91229029942417,40.6414097286085],[-73.91188849938095,40.64158967875598],[-73.91156661247354,40.64173383821732],[-73.91147360919331,40.64178855484215],[-73.9107641003478,40.64224565073369],[-73.91005029377641,40.642708779779895],[-73.90927970102078,40.64320402824518],[-73.90802342662649,40.644017062199055],[-73.90757967211015,40.644303954740295],[-73.90708399114816,40.64462319390558],[-73.90636885749092,40.645086470663536],[-73.90565516922403,40.64554867363763],[-73.90477576795656,40.64611617495217],[-73.9039820055305,40.64662856757716],[-73.90309943838028,40.64719961118591],[-73.90235538504653,40.64768960236309],[-73.90165833730063,40.648142212116056],[-73.90089120754443,40.64864171094027],[-73.90074707868177,40.64873544459129],[-73.90056999892225,40.648847607185225],[-73.90027087943828,40.64903777150605],[-73.90019369833337,40.64908881846658],[-73.89855399339659,40.64757243206563],[-73.89690404682224,40.64609117013307],[-73.89616287303492,40.64657125464978],[-73.89608898541205,40.64661432330208],[-73.89595222293502,40.64670286775974],[-73.8958783018198,40.646750727559045],[-73.89541805083208,40.64704870990617],[-73.89467912492356,40.647529335360474],[-73.89398610703095,40.64797402265672],[-73.89389700213155,40.64803189157853],[-73.89382347018291,40.648079647214225],[-73.89327480850156,40.648435970863424],[-73.89306830526209,40.64857138742732],[-73.89290842141995,40.64867623423898],[-73.89255142059004,40.64891033832488],[-73.89177592281283,40.649575663544226],[-73.89162731418217,40.649703158292596],[-73.89125147174484,40.65002559738403],[-73.8912185346906,40.649987698622716],[-73.89056792922584,40.649208632934446],[-73.889642640761,40.648101475599326],[-73.88864137707341,40.647079553316715],[-73.88853549293302,40.64696814869588],[-73.88848453218301,40.646957500438],[-73.88848084346203,40.64695711422621],[-73.88845986477388,40.646954914671426],[-73.88845557432902,40.64694726451193],[-73.88845315620476,40.64694294897915],[-73.88844980971982,40.646932696175355],[-73.88844964271279,40.64693221085099],[-73.88844491116595,40.646918445977455],[-73.88844607561977,40.64691169939619],[-73.88845010494433,40.64690490332492],[-73.88845814245065,40.646901851883676],[-73.88846787989212,40.64689973455385],[-73.88829183143046,40.64671871907138],[-73.88822784507548,40.64665321844529],[-73.88818911332059,40.64664978231346],[-73.88816089183864,40.64664660868786],[-73.88813886530893,40.64664448913914],[-73.88810266231458,40.64664023689375],[-73.88808138884067,40.646620569628794],[-73.88806574115179,40.64658895082727],[-73.88806004296438,40.64655387018364],[-73.88806001229491,40.646553665936636],[-73.88805686201306,40.64653427647743],[-73.88805695833854,40.6465340202527],[-73.88806361996734,40.646516345281064],[-73.88806627002673,40.64648805464971]]]]},"properties":{":id":"row-ypip-523s_xift",":version":"rv-er9e.ccbs.tjff",":created_at":"2025-11-24T21:48:59.646Z",":updated_at":"2025-11-24T21:48:59.646Z","coun_dist":"46","shape_leng":"98671.9937665","shape_area":"389959068.441"}},
{"type":"Feature","geometry":{"type":"MultiPolygon","coordinates":[[[[-73.96429790392955,40.76468198711795],[-73.9647554491405,40.764057070097145],[-73.96521328054038,40.7634313585585],[-73.9656695995005,40.76280455560935],[-73.96612747295728,40.76217929969565],[-73.96658338422283,40.761550935074006],[-73.96703649696099,40.760922996322996],[-73.96480079594998,40.75998213940584],[-73.96400432096223,40.7596492379941],[-73.96243278464179,40.7589806513506],[-73.96018161162462,40.75803666202137],[-73.95948743932189,40.757747474112875],[-73.95903681074545,40.758383782604774],[-73.95893448579797,40.758335155448705],[-73.95875669779167,40.75858870204885],[-73.95871908226965,40.75864023211102],[-73.95860704894453,40.7585938584308],[-73.9584911954165,40.75854590383049],[-73.95854329679058,40.75849562293584],[-73.9587779082273,40.75827092034619],[-73.95907003031206,40.757939098020316],[-73.95917264314933,40.75786478039427],[-73.95918103219992,40.75785611105225],[-73.95965770876627,40.757260145625835],[-73.95966400300077,40.75721141268949],[-73.96003900990587,40.75672535074147],[-73.96036455206915,40.75626941113364],[-73.96065638180474,40.75592314955021],[-73.96079709981072,40.755804772740895],[-73.96079723052026,40.755804655852245],[-73.96102790933229,40.75561058508188],[-73.96162927534888,40.75515238476172],[-73.96213559058114,40.75457323097074],[-73.96219381838414,40.75450431515328],[-73.96223125231651,40.75452213092468],[-73.96268703112625,40.75400437328687],[-73.96289729202545,40.75376551709434],[-73.96286896769232,40.75374250915693],[-73.96316074049717,40.75341220783075],[-73.96373572283169,40.75278377577703],[-73.96470952841136,40.75171941459321],[-73.96494444755467,40.751462643216996],[-73.96532405652563,40.75104771827223],[-73.96791272994395,40.747970935642165],[-73.96760634203947,40.747842789864634],[-73.96578077486896,40.74708027016002],[-73.96454518192616,40.7465641499704],[-73.96458702399427,40.74651589854462],[-73.96458318426947,40.74645440067335],[-73.96444522752678,40.74641042475806],[-73.96437765404313,40.7464950880389],[-73.96010476040178,40.74471436658877],[-73.96051732602378,40.74410534057864],[-73.96056856858465,40.744029666585426],[-73.96083283070968,40.74363938352978],[-73.96118284225585,40.74300515505922],[-73.96129088595667,40.74289388025637],[-73.96138101666223,40.742801724314354],[-73.96159887514045,40.7419240054092],[-73.96161273008988,40.741868184564744],[-73.9616838147939,40.74158179234561],[-73.96180397489094,40.74109767347221],[-73.96188806318123,40.740982169809804],[-73.96193750086432,40.74079487881593],[-73.96182638976718,40.74063163419442],[-73.96171990260376,40.740599434293756],[-73.96150536577223,40.74053026738219],[-73.96131588369362,40.74047063906246],[-73.9612610793983,40.74044679454139],[-73.9612468228547,40.74042473171844],[-73.96124698011518,40.74042359711538],[-73.9612851752419,40.74034928438402],[-73.96141027195469,40.74032362162816],[-73.96143157483469,40.74029669069466],[-73.96153655773276,40.74015982360471],[-73.96179048329138,40.740013130919664],[-73.96220916491781,40.740006175498095],[-73.96243079071367,40.73967148008298],[-73.96262015898662,40.73903266212607],[-73.96260819816908,40.7387955390568],[-73.96247584060224,40.736800798097285],[-73.96244683186843,40.73565544434488],[-73.96232850324637,40.733754341330034],[-73.96233177722982,40.733623023567716],[-73.96230837696731,40.73353232476641],[-73.9623406226022,40.73338922613055],[-73.96230391870556,40.73311366098222],[-73.96226340489365,40.73291555162374],[-73.96203458498626,40.732380370042385],[-73.96175495708391,40.73166467816533],[-73.96171289480758,40.73156611384515],[-73.9616984824577,40.731532340892244],[-73.9616744677247,40.73148125355278],[-73.96142843697963,40.73094639210766],[-73.96130143673088,40.73025294292472],[-73.96128450788372,40.73015906220423],[-73.96128262008239,40.730061024507755],[-73.9611509325364,40.72953620477069],[-73.9610168813666,40.728704440101765],[-73.96114159312467,40.72810372540458],[-73.9614182688696,40.72735617970494],[-73.96149920105312,40.726751091125294],[-73.96161717029824,40.72666142199126],[-73.96165280828099,40.72620392623112],[-73.96161518901998,40.7258655630743],[-73.96176070350812,40.725228791608195],[-73.9619023964313,40.72532050081114],[-73.96211461566836,40.72514806339893],[-73.96165984301376,40.7248604539605],[-73.96189426778245,40.72410670210133],[-73.96190256180009,40.72409829048116],[-73.96200744799044,40.72399190110524],[-73.96207271943857,40.723880300905556],[-73.96223504964354,40.72357025876266],[-73.96225346320189,40.72353229754628],[-73.96275665488727,40.72239901512633],[-73.96377702551585,40.72330513234732],[-73.96532512447881,40.723634551747004],[-73.9682901762282,40.72450268363897],[-73.9688120697104,40.7248323391568],[-73.97071049968729,40.726031438747036],[-73.97162697271706,40.72662845349946],[-73.97179602053025,40.72671367965679],[-73.97185671303774,40.726758685466294],[-73.97191244217859,40.72679100927015],[-73.97197685059938,40.72683035620166],[-73.97205015413252,40.726880946294955],[-73.97329796838167,40.72742800835737],[-73.97566782613222,40.728462532509354],[-73.97581244899428,40.728519767119934],[-73.97619632425227,40.72866197702926],[-73.97690436371693,40.72895782377545],[-73.97753843835022,40.729226248419785],[-73.97802697950837,40.72943305960998],[-73.97910803894653,40.72991055898064],[-73.9799211004235,40.730262205208824],[-73.98034007566302,40.73044246137653],[-73.98166657031148,40.73099854707874],[-73.9819091150614,40.73109512831153],[-73.98246876280103,40.73131488423066],[-73.98255629297803,40.73135013455461],[-73.98238628751812,40.73141124480832],[-73.98232282611,40.7314978898638],[-73.98196782247015,40.731982561128504],[-73.9818033932322,40.73220479790232],[-73.98149910379774,40.732618596382146],[-73.98126771302584,40.732924729760434],[-73.98105847089812,40.73321141463663],[-73.98088975729115,40.73343707042292],[-73.98064498892121,40.73377931950946],[-73.98038020182553,40.7341443703661],[-73.98020496229364,40.73438532219151],[-73.98009050543193,40.73454437069078],[-73.97978903989635,40.734961817253996],[-73.97952802612727,40.735306328179185],[-73.97946317342326,40.735391927173524],[-73.97934819550127,40.73555311212291],[-73.97890917361924,40.73616412596519],[-73.97857449755331,40.736677281906495],[-73.97854094647867,40.73688765936049],[-73.97805226497614,40.73755395365622],[-73.97760270204478,40.73817179558696],[-73.97714764811403,40.73879546035119],[-73.97670005874704,40.73940973341477],[-73.97625126826028,40.74002332662826],[-73.97689411447122,40.74028048351596],[-73.97703179300227,40.74033518763256],[-73.97731426087097,40.740448155533464],[-73.97762094722623,40.74058306133595],[-73.97787750417717,40.740695991653325],[-73.97861648181828,40.74102185903323],[-73.97816815328618,40.74164251302199],[-73.97768287362838,40.74225558704282],[-73.97720589231535,40.74285421967741],[-73.97676067900235,40.74347249781652],[-73.97706825967435,40.7436047943143],[-73.97722535338995,40.743669820649],[-73.97905849556365,40.74444355180857],[-73.98065842623875,40.745115825388645],[-73.98020971278275,40.745733361868],[-73.98176246566618,40.74638664237192],[-73.98183365081842,40.74641659105482],[-73.98227872722472,40.7457975629662],[-73.98272686543102,40.745180414380584],[-73.98278317135262,40.74520282810305],[-73.98434466733444,40.74586087075422],[-73.98594856735089,40.746535853849146],[-73.9854960226906,40.747152329446166],[-73.9881770997451,40.74828882222702],[-73.9880380997133,40.7490230000506],[-73.98797357695298,40.74949077853482],[-73.98793687537147,40.74985496658222],[-73.98777909947269,40.750660714970266],[-73.98764453787605,40.75141923139869],[-73.98749101879176,40.75215893503496],[-73.98731032054907,40.75289242302924],[-73.98708862643275,40.753606714796966],[-73.98686557841317,40.75431781872826],[-73.9866391256856,40.75503452265636],[-73.98640436709023,40.75580802928723],[-73.9861066572031,40.75656072809183],[-73.98582082455232,40.757257465973936],[-73.98553726597243,40.75797328439628],[-73.9853386867247,40.758693827071895],[-73.98504970073998,40.75857362611793],[-73.98461925228546,40.75919941116468],[-73.98417368750027,40.759841592918534],[-73.98373015419746,40.76045708831889],[-73.98326291021738,40.761093615236845],[-73.98280727801144,40.761718516145585],[-73.98235069015611,40.76234310010128],[-73.98189428279143,40.76296844798005],[-73.98143352023781,40.763594360367364],[-73.98037226096523,40.763145708384684],[-73.98029080659894,40.76311083403746],[-73.97860169447023,40.762396072352296],[-73.97813931745709,40.76302401446688],[-73.97768600593282,40.76364440252066],[-73.97719688684082,40.764323691919934],[-73.97670323582177,40.76499544998828],[-73.97623388796951,40.7656746314446],[-73.97419229021413,40.76480652833192],[-73.97363584699065,40.76456991327336],[-73.97301487242221,40.76427887944539],[-73.97255352295763,40.76489773172338],[-73.97209852444384,40.765517250724976],[-73.97164774334297,40.76614246897531],[-73.97118520979612,40.76677028966983],[-73.970727774146,40.767393722416195],[-73.97028165502248,40.7680250329323],[-73.96982455287815,40.768646008820895],[-73.96951605177428,40.769065200424514],[-73.96936484612667,40.76927065682313],[-73.96890454710315,40.76990083229372],[-73.96844155933383,40.77051632687306],[-73.96799327777036,40.77114723045012],[-73.96753398444372,40.77177618398404],[-73.96703947579951,40.772461218816446],[-73.9665361701318,40.77314036909281],[-73.96607449041005,40.77377298910019],[-73.96560968621523,40.77440720144547],[-73.96514745374753,40.77504423259238],[-73.9646873584175,40.7756770817154],[-73.96422820174071,40.776310308680024],[-73.96376123851232,40.77695096943227],[-73.9637260267417,40.777005717899925],[-73.96322991911046,40.7776770473619],[-73.96313459869704,40.77780805077588],[-73.9627671555966,40.77831304088875],[-73.96230361479846,40.77894704120485],[-73.96183836905823,40.77958419269885],[-73.9613687269495,40.78022974904762],[-73.9609101613831,40.78085703602694],[-73.96041430653959,40.78152426780491],[-73.95992094286208,40.78221294350236],[-73.95946905991548,40.7828333211619],[-73.9590117668133,40.78346128463505],[-73.95856810077684,40.7840834435374],[-73.95810353444206,40.784713004731344],[-73.95763599389798,40.78534345832385],[-73.95716243390692,40.785979637757116],[-73.95676645345696,40.785810493790734],[-73.95556988507148,40.78529743006717],[-73.95603053204493,40.784669921278244],[-73.95648701134427,40.78404455166551],[-73.95498705400064,40.78340606909169],[-73.95487698963551,40.78336293854301],[-73.95476707228185,40.78331449153132],[-73.95374775525089,40.78288714786698],[-73.95371589087715,40.7828737891701],[-73.95325927645636,40.782682351112676],[-73.95371787718483,40.78205558055956],[-73.95417676597198,40.78142905868964],[-73.95463127618544,40.78080040966056],[-73.95509307435572,40.78017205814202],[-73.95349212383219,40.77949662267626],[-73.95371393355009,40.77919227192713],[-73.953758286736,40.77913141267709],[-73.95398370221362,40.77882211062087],[-73.95448224114962,40.77813866502171],[-73.95494520074165,40.777503946664254],[-73.95540729761608,40.77686847989685],[-73.95586933682172,40.77623622584277],[-73.9563349232549,40.775600783380554],[-73.95658387364196,40.77525931675094],[-73.95679749082419,40.77496631066822],[-73.95729410043843,40.774283554572754],[-73.95779380470225,40.7735998974568],[-73.95825534937234,40.77296533658364],[-73.95857052638041,40.77253279547061],[-73.9587170744176,40.772331674653934],[-73.9591818003835,40.77169682395601],[-73.95964440773943,40.771064265852615],[-73.9601095519654,40.77043221096543],[-73.9606018063753,40.76974918670648],[-73.96110997058013,40.76906440780268],[-73.96154785584113,40.76843158184961],[-73.96201413119725,40.767812308492985],[-73.96246998994314,40.7671849332855],[-73.96292865831835,40.76655862794705],[-73.96340154149789,40.765911191035194],[-73.96384291091098,40.76530968617275],[-73.96429790392955,40.76468198711795]]]]},"properties":{":id":"row-59ky.j2ff_nmz3",":version":"rv-ev6n~tpyb~tkp6",":created_at":"2025-11-24T21:48:59.646Z",":updated_at":"2025-11-24T21:48:59.646Z","coun_dist":"4","shape_leng":"65201.2305847","shape_area":"90418077.1845"}},
{"type":"Feature","geometry":{"type":"MultiPolygon","coordinates":[[[[-73.92534081651768,40.6793928050226],[-73.92526529443799,40.679073208226],[-73.92656418171421,40.67914437504211],[-73.92735541755181,40.679182518451995],[-73.92742752912898,40.6784278970419],[-73.92753367747095,40.67732757157752],[-73.92753991307463,40.677250049346874],[-73.92754734520409,40.677169953804324],[-73.9276140391053,40.676444378337834],[-73.92768791226786,40.67566286756988],[-73.92776144621773,40.674887399197296],[-73.92784085188026,40.6739959836809],[-73.92788485920073,40.67355077838428],[-73.92792887672408,40.67310556484488],[-73.9280131765787,40.672209208674516],[-73.92524559322067,40.6720620457412],[-73.92529487759664,40.671532419236286],[-73.92530026910849,40.67147448103696],[-73.92530590514916,40.67141390912216],[-73.92531132203153,40.671355697029874],[-73.92532872177273,40.67116871653144],[-73.92541347590581,40.670278854876784],[-73.9281803582494,40.67043019976716],[-73.92892060564199,40.670470978106714],[-73.92902287293026,40.670476610375864],[-73.92912293859348,40.670482122085396],[-73.92922401433948,40.670487689781],[-73.92930771435714,40.67049229934193],[-73.92940684216325,40.67049775963479],[-73.9309511305648,40.67058280508062],[-73.93086761900626,40.67147386930766],[-73.93363490519037,40.67162643414374],[-73.93640533019064,40.671774305514774],[-73.93917604732064,40.67192600048204],[-73.94006148224454,40.67197388612732],[-73.940846629124,40.67201614883139],[-73.94194505140898,40.67207733098879],[-73.94471040099198,40.67222841265811],[-73.94748050653838,40.67237964713722],[-73.9502511329594,40.672529868268334],[-73.95301930018383,40.6726810663684],[-73.95431647139924,40.67275343273262],[-73.95399956639864,40.67363258662444],[-73.95368742666987,40.67450136949105],[-73.95336353571741,40.67538563393351],[-73.95307012816906,40.67625192687851],[-73.9526778248788,40.67702698345411],[-73.95281121195066,40.6778442288269],[-73.95297020155687,40.67863935787242],[-73.95298672714047,40.67872199549222],[-73.95300513717677,40.678815080068794],[-73.95414355182159,40.67903741745678],[-73.95432213098012,40.6790735350902],[-73.95530907548103,40.67927313504464],[-73.95529361599387,40.67920315104397],[-73.95595862437378,40.67934624715085],[-73.95829216807783,40.67983113349484],[-73.95826930372931,40.67990689512773],[-73.95824570369483,40.67998510490549],[-73.95839571582404,40.68079779276021],[-73.95858566682583,40.68174248221212],[-73.95884062019911,40.6830180535191],[-73.9589832800778,40.68374991565384],[-73.9591320677473,40.68448514870078],[-73.959275986797,40.685216705549756],[-73.95942259332388,40.68595030593009],[-73.9595677018736,40.68668255592756],[-73.95971374756459,40.68741563409094],[-73.95985939491729,40.688147451217496],[-73.96000519802605,40.68888103422083],[-73.96009714631373,40.689345210097734],[-73.96014678019974,40.68960877684167],[-73.96017256138678,40.689729861561226],[-73.96018691924301,40.68980345598882],[-73.96022304539724,40.6899886273838],[-73.96023740336433,40.69006222280786],[-73.96029281668113,40.69034624991546],[-73.96013760800457,40.690364380358886],[-73.96008336800442,40.69037071570725],[-73.95957591913164,40.69042998753883],[-73.95942791386581,40.690447274714145],[-73.95934862389824,40.69045646091085],[-73.95928133730644,40.69046425696959],[-73.9589933049186,40.69049762936288],[-73.95886713625438,40.69051224801482],[-73.95857844775936,40.69054569485762],[-73.95818048749942,40.69059073040577],[-73.95808563501855,40.69060146372557],[-73.9572724917864,40.690693478354326],[-73.95635602958276,40.69079978191736],[-73.9554105801563,40.69090829188618],[-73.95446646269275,40.69101683850659],[-73.9535661545745,40.691121289973346],[-73.95175747249858,40.69132931165999],[-73.95183001992187,40.691701740319765],[-73.95190188120658,40.692062318241064],[-73.952050777435,40.6927936595439],[-73.95207980727297,40.69294283000758],[-73.95218328057724,40.69347385469468],[-73.95219797394158,40.69354813976957],[-73.95234079123053,40.694263047616055],[-73.95248890935255,40.695003772035825],[-73.95259688933105,40.695549434768274],[-73.95262192822804,40.69567596023306],[-73.95265284432404,40.69583218484498],[-73.95269863446688,40.69606357117718],[-73.95272293331719,40.69618635793464],[-73.95274629816285,40.69630442271084],[-73.95277807831796,40.69646501238853],[-73.95292439169575,40.69720434481937],[-73.95296882221517,40.69742372644412],[-73.95299166448387,40.69753651114704],[-73.95309865152143,40.69806476388883],[-73.95313747761334,40.69825646394396],[-73.95318049579502,40.69846886318172],[-73.95320648631348,40.698597187264006],[-73.95323669033058,40.698746316254415],[-73.95329328017955,40.69902571795991],[-73.9533526361969,40.699318775562105],[-73.95337000736592,40.69940454065294],[-73.95254800177942,40.6994947766386],[-73.95195162311015,40.69956288101738],[-73.95177257901098,40.69958479492673],[-73.95153738930465,40.69961357884546],[-73.95137278648201,40.69963372409875],[-73.95101112102586,40.699677985896656],[-73.95009094715486,40.699790592735184],[-73.94979379348615,40.69982331492614],[-73.9481322539084,40.70000627331895],[-73.94724808771964,40.70010490924678],[-73.94712762146801,40.700122810381586],[-73.9463155753173,40.700214952761854],[-73.94461766111529,40.70040530041987],[-73.9443878859649,40.700424523782615],[-73.94372352822886,40.70050583573049],[-73.9419307888223,40.700725234695845],[-73.94114917214166,40.70028112749204],[-73.94046308535975,40.69989788954055],[-73.94041991450881,40.69987377527022],[-73.9396899527512,40.699455791944274],[-73.93890152808726,40.69903696998309],[-73.93856854848663,40.69884813605236],[-73.93817718618821,40.69864022329233],[-73.93777354634436,40.69840469254768],[-73.93739064765448,40.698185795399866],[-73.93675979026746,40.697831188830534],[-73.93638762625119,40.697615301507305],[-73.93600679221925,40.69740539574775],[-73.93522264436677,40.69698654513176],[-73.9347969968416,40.6967365923545],[-73.93468892659695,40.69667495388498],[-73.9346067517839,40.69662808583964],[-73.93457999442563,40.69661282447087],[-73.93448784825009,40.69656026847874],[-73.93413397294013,40.696358431403574],[-73.93382817155928,40.6961842773079],[-73.93311862859143,40.695791153846336],[-73.93236605675587,40.695358377296536],[-73.93192890062113,40.69511465702886],[-73.93177404621468,40.69502821534673],[-73.93147184545109,40.694860902425184],[-73.93121199886629,40.694712769782264],[-73.93114516482393,40.694673974863605],[-73.93051146662931,40.69431652304896],[-73.92970192402798,40.69386339710917],[-73.92882897891404,40.693350474574224],[-73.92882834234968,40.69335009925416],[-73.9286426904778,40.693241012551475],[-73.92850659671733,40.69316572686173],[-73.92804159604637,40.692905610025996],[-73.92798494549098,40.69256367836586],[-73.92783949690241,40.691831344143566],[-73.92769356647884,40.69109936887923],[-73.92754699824256,40.69036912284798],[-73.92740330457914,40.68963068292839],[-73.9272545657928,40.68890093927489],[-73.92711212714427,40.688167650447525],[-73.9269669788906,40.68743781809426],[-73.92681953298475,40.68670270707717],[-73.92667582443981,40.68597069576869],[-73.92652888379456,40.68523686949992],[-73.92638424547255,40.6845036180623],[-73.92624029842987,40.683771605851966],[-73.92609461679774,40.68303870957611],[-73.92594600253133,40.68230798282152],[-73.92578582992407,40.681570626988616],[-73.92569859774912,40.681178672992374],[-73.92568056426988,40.6810976437785],[-73.92562489984543,40.68084752714932],[-73.9255930806598,40.68068660124181],[-73.92554475183965,40.680442172681914],[-73.92547932906047,40.68011128939174],[-73.92543635754335,40.67988838920532],[-73.92539710081905,40.67968476144976],[-73.92534081651768,40.6793928050226]]]]},"properties":{":id":"row-she9-nczi.c3ke",":version":"rv-p2tv-32ja~56eq",":created_at":"2025-11-24T21:48:59.646Z",":updated_at":"2025-11-24T21:48:59.646Z","coun_dist":"36","shape_leng":"39108.3611976","shape_area":"76224395.68"}},
{"type":"Feature","geometry":{"type":"MultiPolygon","coordinates":[[[[-73.92590128981453,40.87928543917668],[-73.92490327473082,40.87888836785323],[-73.92477853394384,40.87890489363996],[-73.92472342118981,40.878929562772434],[-73.92468081882846,40.87896184372888],[-73.92465572020933,40.879015039238034],[-73.92461565451488,40.87901881332577],[-73.92458061680503,40.87900358708458],[-73.92453803158315,40.87902066414702],[-73.92453549396524,40.87905106885198],[-73.92451795851083,40.87905865905941],[-73.92449042779126,40.87904723895679],[-73.92431268603518,40.879018615033615],[-73.92417999621749,40.87900522513255],[-73.92406481567626,40.879007050788026],[-73.92405728829654,40.879020348808076],[-73.92403725620422,40.87902223549898],[-73.92398718755102,40.87901460085825],[-73.92396967812263,40.87899938547224],[-73.92394215187016,40.8789841638178],[-73.92390209942491,40.87897653574045],[-73.92382697877527,40.87898028660254],[-73.92379441301921,40.878993569584615],[-73.9237493550122,40.87898403659955],[-73.92362973950404,40.8789639432433],[-73.92359172553192,40.87895215883018],[-73.92330375396061,40.87890772274115],[-73.92326869161509,40.878915301110155],[-73.923259171572,40.8789210712961],[-73.92324363509948,40.87893048897125],[-73.92318603906148,40.87893615245198],[-73.92316350605287,40.87893423607034],[-73.92312345789972,40.87892280780942],[-73.92309319848654,40.878905555934715],[-73.92304082223721,40.87893035390745],[-73.92295065367476,40.87895499881201],[-73.92287303870977,40.878951146550506],[-73.92279794451149,40.8789320915677],[-73.92273788287523,40.87890544542793],[-73.92267879929842,40.87886681383416],[-73.92258529781739,40.87877611168337],[-73.92253523106844,40.87876657586896],[-73.92248992794192,40.878744754943014],[-73.92248829893133,40.87870664479078],[-73.92243464409843,40.8786984626185],[-73.9224079751691,40.878698333791604],[-73.92240799295806,40.87868309074972],[-73.92222979498894,40.87864549699379],[-73.92213443996653,40.8786098642879],[-73.92206723651893,40.878572414803],[-73.92182211843586,40.87835179606684],[-73.92169203715554,40.87825098420311],[-73.92164515447993,40.87819854258031],[-73.92163286210742,40.878184793689485],[-73.9216063031333,40.87815710157665],[-73.92157710424067,40.87813654211932],[-73.92025638898792,40.87695199027665],[-73.92015400826143,40.87672386629408],[-73.92011149643454,40.87668012600831],[-73.92008028430769,40.8766801043979],[-73.92007143601619,40.87668009827006],[-73.92005393038467,40.876662981237324],[-73.9200564594505,40.876656920509554],[-73.92006899608722,40.87662688315562],[-73.9200289759628,40.876592647123196],[-73.91996893813734,40.87654889530783],[-73.91994332119519,40.8765468304126],[-73.91992137179281,40.87654506189148],[-73.9198770351578,40.87650888691798],[-73.9197755678829,40.87649755387482],[-73.91978381232852,40.87642143610598],[-73.91908326290799,40.87606488182587],[-73.91832983767522,40.87583697633154],[-73.918297274697,40.87584835638854],[-73.91827973937494,40.875855945820085],[-73.91825972376206,40.87584453004671],[-73.91824974232529,40.8758179155059],[-73.91808452199032,40.87579499314215],[-73.91799187160966,40.87580442889607],[-73.91791929605574,40.87577777133689],[-73.91783922540297,40.8757378049118],[-73.91778922506697,40.875676954691535],[-73.91775669395919,40.87566362786071],[-73.91768907071932,40.87568068405728],[-73.9174736485843,40.87576225015322],[-73.9174010082158,40.87578690477541],[-73.91733338844776,40.87580205921508],[-73.91726028337288,40.87580900358064],[-73.915785155719,40.87571694506437],[-73.9157431467475,40.87576089549054],[-73.91571027699729,40.875795454550115],[-73.91484624156446,40.87666670977395],[-73.91250172915481,40.877901244354135],[-73.91205830030296,40.8781193195461],[-73.9114891319045,40.87901885880956],[-73.9103319356648,40.879038046804695],[-73.9094983211752,40.87877673167923],[-73.9090623603833,40.878486782812104],[-73.9083556968394,40.877918314438],[-73.90765281705261,40.87742802285943],[-73.90703748936711,40.87689516070815],[-73.90692586434848,40.87675454730296],[-73.90685372865121,40.87666367602953],[-73.90682822856829,40.876631551888806],[-73.90682004112354,40.87658552510476],[-73.90665099539471,40.87575250419265],[-73.90691694520305,40.87505586276138],[-73.9070879268495,40.87432598340625],[-73.90746489728103,40.8735473542359],[-73.90774270784556,40.872845952111604],[-73.90846367912545,40.87262079170464],[-73.90872046391374,40.87222866558935],[-73.90893235241582,40.872157347970656],[-73.90864943177567,40.871385783803355],[-73.90893714929886,40.8710198403089],[-73.9092746410747,40.8695541323832],[-73.90949664378591,40.8688311561384],[-73.90966694847722,40.86841704009273],[-73.90986176493799,40.86794331561695],[-73.9103178612269,40.86753612420668],[-73.911048911697,40.86630644197112],[-73.91335966741539,40.863647939271296],[-73.91422918067761,40.86248855665972],[-73.91429082589174,40.86242801704809],[-73.9146211635514,40.86209669073483],[-73.91461141304522,40.862072548958906],[-73.91461143815239,40.86205299450042],[-73.91463437531982,40.86202041933773],[-73.91467162995333,40.861981337605535],[-73.91470028509565,40.861953112543986],[-73.91474323884673,40.86193358947888],[-73.91477109675183,40.86194630764666],[-73.91481817405308,40.861899088983],[-73.91611624341968,40.860911150973244],[-73.91667915380766,40.86026920350323],[-73.91710643669239,40.85970633504568],[-73.91829123397552,40.85815501541351],[-73.91902369125211,40.85739653841376],[-73.9195662094468,40.856840183688206],[-73.92002002142898,40.856270720530624],[-73.92099167869159,40.85530453609317],[-73.92108769700252,40.855166205736545],[-73.92154971856307,40.854530299741484],[-73.92174035403008,40.854221237840555],[-73.92256179012723,40.85318891152778],[-73.92331810341263,40.852129787962085],[-73.92351769305398,40.85183582047408],[-73.92394789501428,40.85122178511915],[-73.92384778945822,40.851182608716],[-73.92408865819102,40.850737350174505],[-73.9242240509072,40.850568876551314],[-73.92445273249693,40.85009207742264],[-73.92465379930393,40.8497850430106],[-73.92521955529823,40.849082246737716],[-73.92577127033289,40.848422042832645],[-73.92586477100211,40.84836170519107],[-73.92593957895801,40.848271192857695],[-73.92597932956909,40.84816292863138],[-73.92603310172092,40.84807241529871],[-73.9261102412781,40.84802094989987],[-73.92619439250454,40.8479606115267],[-73.9263042593026,40.84787010144146],[-73.92641413270698,40.847731669964816],[-73.92645855261846,40.8476482542986],[-73.9265169973967,40.84756484084802],[-73.9265660882078,40.84750982319217],[-73.92662687440173,40.84739268650035],[-73.92669933467506,40.84735187055044],[-73.92675777037108,40.84733590112472],[-73.92677400548408,40.84732556266248],[-73.92683023216802,40.84728976018858],[-73.92685127602489,40.847224091055864],[-73.9268591233201,40.847192936477484],[-73.92688167671488,40.84710340154485],[-73.92687934762685,40.84703950657191],[-73.92693545888292,40.846924144672975],[-73.9270196138203,40.84681765779787],[-73.92715519824225,40.84665083018841],[-73.92722479545678,40.84658965730814],[-73.92727798063599,40.84654803560346],[-73.92730194498634,40.84650686737615],[-73.92734184519912,40.84646364143845],[-73.92736149128508,40.84641890356554],[-73.92736756994744,40.846405060896984],[-73.92739125951078,40.846341483681634],[-73.92742141536043,40.846255083929805],[-73.92746013101693,40.84619477632902],[-73.92754828446819,40.846087215063584],[-73.92759209751685,40.84605233651544],[-73.92763424726976,40.84601878419665],[-73.92767073346569,40.84603348248425],[-73.92786869810773,40.84559772170267],[-73.92804748401839,40.84546459595457],[-73.92808209373618,40.84539159733618],[-73.92811925349231,40.84531720381854],[-73.92827454706787,40.84497576115702],[-73.92861574822354,40.84467686503006],[-73.92918458673088,40.8432037576477],[-73.92919408007222,40.84281841523705],[-73.92938012588203,40.84246714562442],[-73.92957870884571,40.84227666909991],[-73.9296832563562,40.84228724281692],[-73.93024959390056,40.84234112290064],[-73.93097488105892,40.84240043206585],[-73.93122229886856,40.8419311978196],[-73.93135889021104,40.84168834062251],[-73.93152929686678,40.841385375040026],[-73.93183461424768,40.84083697304904],[-73.93216201657093,40.840255068553425],[-73.93279555863285,40.839123750041104],[-73.93295973312944,40.83878578135573],[-73.93309918150779,40.83854347478864],[-73.93316806379029,40.83842168184706],[-73.93326669796384,40.83825027195148],[-73.93335684427639,40.838087870180274],[-73.93341807218584,40.83797188003897],[-73.93346654180982,40.83789132502083],[-73.93353117016963,40.83776630556687],[-73.933638306285,40.83757942119849],[-73.93377517793459,40.83737128547624],[-73.9339095294257,40.83713285480049],[-73.93401498008377,40.83693436237371],[-73.93410258068444,40.836766169238885],[-73.9341982330397,40.836572793076776],[-73.93428447793893,40.83638384314642],[-73.93431245425083,40.836318503157564],[-73.93436132705646,40.83620077559352],[-73.93445239397428,40.83598095964739],[-73.93463510596277,40.8360501920772],[-73.9346739306832,40.8360649032392],[-73.93485595172761,40.83585697418197],[-73.93496274110723,40.83575993424733],[-73.93506336342627,40.83567765881004],[-73.93530788003895,40.83547772443084],[-73.93572624332153,40.835156346599796],[-73.93660364733645,40.834513016676645],[-73.93700641644854,40.834193110180394],[-73.93729533265277,40.83397591820354],[-73.93797246252791,40.8334428175657],[-73.93808182183737,40.83335749029972],[-73.93818807633615,40.83326992935347],[-73.93829114697948,40.83318019987523],[-73.93839095689786,40.83308836841285],[-73.93848743203284,40.832994503509745],[-73.93858050061846,40.83289867500355],[-73.93877360261695,40.83266321215989],[-73.9389485978902,40.83241733582581],[-73.93905770936341,40.83224050377824],[-73.93910667103938,40.83216123309385],[-73.93915027982317,40.832080179346306],[-73.93918842362666,40.83199755090588],[-73.93922856230152,40.83190780198146],[-73.93931397224797,40.83168414343834],[-73.93934990114292,40.83160394819021],[-73.93939397791532,40.83152613306363],[-73.93944593248902,40.83145117481354],[-73.93950544652633,40.83137953268979],[-73.93957215537694,40.8313116456237],[-73.93973047380591,40.831144151676675],[-73.93977940351094,40.83109716630989],[-73.93982367631723,40.83105124400858],[-73.93986433464254,40.83100343225321],[-73.93990123909788,40.830953894966534],[-73.93993407377837,40.83089511790498],[-73.93996168866119,40.830834812143834],[-73.93998396145241,40.83077324478092],[-73.93999744382988,40.830734636836176],[-73.94006947667589,40.83048997427235],[-73.9401413121009,40.83037198888075],[-73.94034643313726,40.830457842347336],[-73.94107546980683,40.83076685087095],[-73.94136799581375,40.83089083858562],[-73.94297966199173,40.83156798036211],[-73.94571933698649,40.83272141326595],[-73.94582395152769,40.832765461287366],[-73.94533433708779,40.833437161159274],[-73.94528772578066,40.83350095646849],[-73.94487941970212,40.83405978023446],[-73.94442545661013,40.83468076807351],[-73.94396782530599,40.83530891175142],[-73.94351366531907,40.83593312899373],[-73.94305234600348,40.83655691768575],[-73.94259523049044,40.83717721151301],[-73.94214146933811,40.837802855191384],[-73.94168876895576,40.838425796571975],[-73.94113608571983,40.83917889534759],[-73.94123367177679,40.83922863484446],[-73.94306494266043,40.84019341748009],[-73.94346483727395,40.83917406262814],[-73.94371317351627,40.83854823977892],[-73.94373631643596,40.83846972059869],[-73.94554302379586,40.83923228917647],[-73.94558721879723,40.83935764948844],[-73.94561409884608,40.83948691044996],[-73.94562293213359,40.839617962938604],[-73.94561357695564,40.8397486292502],[-73.94558647391882,40.83987676595406],[-73.94471084884007,40.84075439399744],[-73.94468025904324,40.84105098312979],[-73.94567448841211,40.84109688544137],[-73.94573551108942,40.84110409105045],[-73.94580880190462,40.841117597598654],[-73.9464512336718,40.84124385839724],[-73.946656327298,40.84129672759264],[-73.94755609818525,40.84152866787326],[-73.94760600335604,40.84140954768205],[-73.94770934743737,40.841263607368504],[-73.94776196087692,40.841125756833925],[-73.94786003386045,40.84089601308991],[-73.94796701014087,40.84065410769623],[-73.9480748432164,40.840466259478255],[-73.94823352555909,40.84011759626973],[-73.94827449893778,40.840063540159576],[-73.94833417989946,40.83999733538383],[-73.94842860857715,40.83986085415102],[-73.94849640289021,40.83966759367517],[-73.94856054520555,40.839564884659154],[-73.94865775093064,40.83930134471594],[-73.94875763667562,40.839020236980026],[-73.94883961981111,40.838875635844104],[-73.9489289123486,40.83864342628644],[-73.94900459767892,40.838425588533575],[-73.9491523406315,40.83793355205489],[-73.94918058964029,40.83786401012196],[-73.94954210504434,40.8368796324283],[-73.9494973993622,40.83681498148952],[-73.94944230013112,40.83679215701848],[-73.94943994696487,40.83679169981949],[-73.94937713289775,40.836780334419664],[-73.94930257599711,40.83676896164671],[-73.94929752874212,40.836766973494285],[-73.94929300561014,40.83676435697541],[-73.9492891408106,40.83676118972709],[-73.94928604901934,40.83675756572737],[-73.94928382197484,40.83675359250693],[-73.94928252575804,40.836749387958484],[-73.94928219882955,40.83674507683856],[-73.9492828508898,40.83674078706585],[-73.9492844625906,40.83673664592582],[-73.94928698610985,40.83673277629335],[-73.94929034657018,40.836729292987556],[-73.95350191238752,40.838197462836],[-73.95792526502693,40.8397458567491],[-73.95571694155379,40.844681954749014],[-73.95424154848166,40.84797935805745],[-73.95303784626469,40.85157976209198],[-73.95301217847562,40.8516565348279],[-73.95298940821142,40.85172498165137],[-73.9529668653857,40.85180712376915],[-73.95294636085494,40.85186523162584],[-73.9528733210289,40.852072226573846],[-73.94908461391333,40.858416654969545],[-73.94583152685583,40.863410429224125],[-73.93854909298427,40.87496751916845],[-73.93380972418547,40.8822642910801],[-73.92590128981453,40.87928543917668]]]]},"properties":{":id":"row-jhxt~yskc-prir",":version":"rv-gsir.hpzi_tu96",":created_at":"2025-11-24T21:48:59.646Z",":updated_at":"2025-11-24T21:48:59.646Z","coun_dist":"10","shape_leng":"58682.3566709","shape_area":"126404676.712"}},
{"type":"Feature","geometry":{"type":"MultiPolygon","coordinates":[[[[-73.91108276019041,40.67951552310873],[-73.91093863678901,40.6787831040561],[-73.91086568343762,40.6784005039168],[-73.91075317055721,40.67827699563273],[-73.91081358355416,40.67752114234114],[-73.91091823261635,40.67641897536008],[-73.91092600900664,40.6763444459074],[-73.91093397393234,40.67626103661966],[-73.9110023854281,40.675544117850116],[-73.91107588007903,40.67475706067077],[-73.9111510181156,40.67397865075356],[-73.91122305892728,40.673161605557716],[-73.91123038462591,40.673078484542835],[-73.91114683250059,40.673072341464184],[-73.91066580147402,40.673040738242754],[-73.9092400300703,40.672954276246415],[-73.90841931566192,40.6733133327236],[-73.90832954152161,40.67335530302189],[-73.90827801065363,40.67337939400867],[-73.90787711572165,40.673566809307765],[-73.90776133478013,40.67313716498284],[-73.90774729116629,40.673085048527206],[-73.90766944015111,40.672796151060524],[-73.9076558248605,40.67274562360227],[-73.90760878954286,40.672562840706874],[-73.9075950369085,40.67250939596623],[-73.90755100958567,40.67233829952427],[-73.90753530665312,40.67227727541775],[-73.90748059215986,40.67206464789017],[-73.90746456370493,40.67200236202489],[-73.90733678997114,40.67150580744155],[-73.90830768415476,40.67136416816947],[-73.90817662592343,40.67087271443315],[-73.90816143182698,40.67081573778014],[-73.90796993476515,40.670097629832746],[-73.90759738360111,40.670152676916075],[-73.90752282443815,40.67016369445803],[-73.90699844133941,40.6702411734181],[-73.90603113065366,40.67038416322809],[-73.90510914815646,40.670527867993705],[-73.90420035674025,40.67065761692242],[-73.90410107299813,40.670258406727065],[-73.90408241911842,40.670183401138246],[-73.90407006612944,40.6701337316977],[-73.90405641637376,40.67007884569357],[-73.9040376650283,40.67000344850165],[-73.90402040257347,40.66993403899244],[-73.90388454132987,40.66938735182294],[-73.90379302011452,40.66901725778092],[-73.9037725930076,40.66893456848396],[-73.90357323469476,40.6681275354748],[-73.90319077009127,40.66659158174844],[-73.90309635609398,40.666220639242184],[-73.9030795384694,40.666154564746925],[-73.90291654814558,40.665514175649285],[-73.90288935487867,40.665407336305385],[-73.90280177392154,40.665063220681525],[-73.90274880883429,40.66487108254022],[-73.90270307559436,40.664705179519444],[-73.90269065587557,40.66466012339603],[-73.90267231071724,40.664593571589],[-73.90259285490959,40.66430532990973],[-73.90256896468212,40.664218664657135],[-73.90237552215449,40.66351689804377],[-73.90197238560035,40.66198723480425],[-73.90157974208519,40.66045089698092],[-73.9011858994076,40.658914457153],[-73.90210649169042,40.65877653784271],[-73.90302753781445,40.658640673987776],[-73.90399213130947,40.65849724707209],[-73.90495922722451,40.65835329211831],[-73.90587822797447,40.65821801522786],[-73.90679490576355,40.65808364817325],[-73.9072998203412,40.65800825957824],[-73.90773679885852,40.65794301776641],[-73.90867470307406,40.65780250229431],[-73.90959512083357,40.65766585460001],[-73.91054874458773,40.657525102835876],[-73.9115037858348,40.657382181970554],[-73.91242300760148,40.65724704176989],[-73.91334330628031,40.657108599755546],[-73.91402878145264,40.65700370958756],[-73.91377943675757,40.65678367971089],[-73.91465843169381,40.65621425434569],[-73.91545094001411,40.65570002223483],[-73.91633222209137,40.65513143172739],[-73.91704018337403,40.65467551687805],[-73.91735076774776,40.654466028121654],[-73.91749359279798,40.65436968549191],[-73.91757588547209,40.65431417370007],[-73.91769986813544,40.65425013551755],[-73.917752541182,40.654214963113795],[-73.91783363669258,40.65416205283209],[-73.91847294029517,40.65374496588016],[-73.91918485747198,40.653288949949726],[-73.91996203916091,40.65278827463592],[-73.9207736661845,40.65255431458769],[-73.92178411556303,40.65249121359531],[-73.92269149826961,40.652467576360614],[-73.92284966875222,40.652463458342766],[-73.92301466387103,40.65247853621177],[-73.92366569373151,40.65253801648116],[-73.92464006141111,40.65250006353631],[-73.92509703056601,40.652474966769084],[-73.92560933680173,40.65244682549193],[-73.92654698542403,40.652391370831715],[-73.92751430507488,40.65231809719812],[-73.92847568974177,40.652175895636056],[-73.92939161329986,40.651939183921115],[-73.9303814436912,40.65173405423858],[-73.93139116688346,40.65168960812487],[-73.93232520345862,40.651647567449864],[-73.9332956080717,40.651605495223],[-73.93426812808835,40.65156235271609],[-73.93520407016817,40.65151456196038],[-73.93617544519422,40.65146836907974],[-73.9363866206994,40.65344517602154],[-73.93654899597414,40.65497630692061],[-73.93668469506126,40.656241823300924],[-73.93617927750041,40.65627397257191],[-73.93571813327273,40.656303296729746],[-73.93478437377932,40.6563603955899],[-73.93381012074782,40.656422992675026],[-73.9328465729284,40.65647848205153],[-73.93190743894837,40.656537652543],[-73.93090354932272,40.656610355984185],[-73.93108323098912,40.65829591603632],[-73.93209047896595,40.658235090754374],[-73.93399584821424,40.65811864639313],[-73.93448946593459,40.658089040726665],[-73.93496156045441,40.65806072548332],[-73.93544420495793,40.65803008290238],[-73.93590474335961,40.65799865149766],[-73.93632541133573,40.65797512076855],[-73.93686392881081,40.65794217115538],[-73.93694792734536,40.65869756943372],[-73.93703513401145,40.6595266969549],[-73.93711072459357,40.6602355882562],[-73.93715311226877,40.66062934466407],[-73.93718729654961,40.66094689540438],[-73.93726248659637,40.66167060044063],[-73.93734069186819,40.66239632387849],[-73.93739693863319,40.66292038342084],[-73.93726377502635,40.66319183379349],[-73.93722002610721,40.663424807754716],[-73.93715847223591,40.66375259953473],[-73.93707476804738,40.66464421832286],[-73.93430630517933,40.66449561689562],[-73.9315390668343,40.66434290543466],[-73.93145550047724,40.66523381808761],[-73.93138143868376,40.66612579737975],[-73.93129054897564,40.66701531822817],[-73.93121322198061,40.667824484699345],[-73.93113954589,40.668589265861286],[-73.93113207615085,40.668666781594816],[-73.93111937820822,40.66879854309441],[-73.93109989344629,40.66901090860276],[-73.93103321912675,40.669737792266815],[-73.9309511305648,40.67058280508062],[-73.92940684216325,40.67049775963479],[-73.9293077143566,40.670492299844526],[-73.92922401367942,40.670487689780614],[-73.92912293793341,40.67048212208498],[-73.92902287227018,40.67047661037545],[-73.92892060564199,40.670470978106714],[-73.92818035758934,40.670430199766734],[-73.92541347524575,40.67027885487636],[-73.92532872111265,40.671168716531],[-73.92531132203153,40.671355697029874],[-73.92530590514916,40.67141390912216],[-73.92530026910849,40.67147448103696],[-73.92529487759664,40.671532419236286],[-73.92524559322067,40.6720620457412],[-73.9280131765787,40.672209208674516],[-73.92792887672408,40.67310556484488],[-73.92788485920073,40.67355077838428],[-73.92784085188026,40.6739959836809],[-73.92776144555764,40.674887399196884],[-73.9276879116072,40.675662868072045],[-73.92761403844463,40.67644437884],[-73.92754734520409,40.677169953804324],[-73.92753991307463,40.677250049346874],[-73.9275336768108,40.67732757157712],[-73.92742752912842,40.67842789754448],[-73.92735541689166,40.67918251845156],[-73.92656418171364,40.679144375544695],[-73.92526529443744,40.67907320872859],[-73.9253408165171,40.679392805525175],[-73.9253971008185,40.67968476195234],[-73.92543635754335,40.67988838920532],[-73.92547932906047,40.68011128939174],[-73.92554475183908,40.68044217318448],[-73.9255930806598,40.68068660124181],[-73.92562489918471,40.680847527651466],[-73.92568056426988,40.6810976437785],[-73.92569859708838,40.681178673494514],[-73.92578582992351,40.6815706274912],[-73.92594600253133,40.68230798282152],[-73.92609461613755,40.683038709575676],[-73.92624029842987,40.683771605851966],[-73.92638424481234,40.68450361806187],[-73.92652888379456,40.68523686949992],[-73.92667582443926,40.685970696271276],[-73.9268195329842,40.68670270757975],[-73.9269669788906,40.68743781809426],[-73.92711212714427,40.688167650447525],[-73.92725456513254,40.68890093927447],[-73.92740330391834,40.689630683430536],[-73.92754699824202,40.69036912335056],[-73.92769356647884,40.69109936887923],[-73.92783949690241,40.691831344143566],[-73.9279849448307,40.69256367836545],[-73.92804159538606,40.69290561002559],[-73.92778194248555,40.69276117843611],[-73.92750685204842,40.692603811958435],[-73.92707069461471,40.692346224096354],[-73.92644992133326,40.692001768828696],[-73.92631612531525,40.69192845396806],[-73.92556064056207,40.691490840505196],[-73.92534903613239,40.69136694183802],[-73.92439183237579,40.690831749276576],[-73.92429213267955,40.690773357356605],[-73.92364379769539,40.690398837581306],[-73.92316966644614,40.690123406492894],[-73.92280702293432,40.68992392584676],[-73.92207133797021,40.689489841300805],[-73.92130587808545,40.68907164359788],[-73.92121369884177,40.68901947711502],[-73.9209610386619,40.688872052340095],[-73.92055013143238,40.6886409221165],[-73.91980961940617,40.68821124141199],[-73.91906109224847,40.68778436926193],[-73.91878323293736,40.6876260884438],[-73.91829345832642,40.687356667815294],[-73.91804606892461,40.687213247770494],[-73.91768113918805,40.68700409429882],[-73.91755226133515,40.686930223552416],[-73.91679832884886,40.68649719987188],[-73.91663016143289,40.68639172055141],[-73.91604599263056,40.68607206947017],[-73.91550033887921,40.685761524530015],[-73.91528963450075,40.68564553699481],[-73.91470083380548,40.68531694524048],[-73.91453972355802,40.685226918479586],[-73.91379700171056,40.68479987178354],[-73.91330728044794,40.68452085832371],[-73.91303721306318,40.68436780968218],[-73.91227301214865,40.68393496519203],[-73.91151192885334,40.68350499059049],[-73.91181302250212,40.68317968446857],[-73.9116639061653,40.6824456517249],[-73.91151806882816,40.681711692440004],[-73.91137474130431,40.68097994117499],[-73.91122493174528,40.68023987294106],[-73.91108276019041,40.67951552310873]]]]},"properties":{":id":"row-jiej_dv7q_p84f",":version":"rv-gg2c-qpnk.a3ts",":created_at":"2025-11-24T21:48:59.646Z",":updated_at":"2025-11-24T21:48:59.646Z","coun_dist":"41","shape_leng":"51093.2793481","shape_area":"79271986.6299"}},
{"type":"Feature","geometry":{"type":"MultiPolygon","coordinates":[[[[-73.899261591996,40.880386131151354],[-73.89931912632068,40.88015935441724],[-73.8993825084266,40.87993347758862],[-73.89945171388028,40.87970858752752],[-73.89952671601004,40.879484770715486],[-73.89955355317872,40.879382344075914],[-73.89960733386812,40.87910601630665],[-73.89960844093241,40.87904771619186],[-73.89957884934009,40.878831524695514],[-73.89957123033747,40.87877585680761],[-73.89945453327846,40.87877645728746],[-73.89935247820563,40.87868437491746],[-73.89925300835155,40.87864820032826],[-73.89915103773876,40.87861628820217],[-73.89904688312397,40.87858873766829],[-73.89894086840242,40.878565634320935],[-73.89883332253584,40.8785470498976],[-73.89872457959507,40.87853304212711],[-73.89859385594316,40.87853372608727],[-73.89851370625534,40.87852832515403],[-73.89843436894257,40.87851813641077],[-73.89835633967046,40.87850322351244],[-73.89828010616536,40.878483679842404],[-73.89820614444527,40.87845962730193],[-73.89813491658859,40.87843121616089],[-73.89826917699335,40.87828249970378],[-73.89879099447586,40.877486264308146],[-73.89890992525788,40.87729318668297],[-73.89890997303897,40.87729311536018],[-73.89904942861635,40.877107178126444],[-73.89904957125887,40.87710698928559],[-73.89904972557133,40.87710681871486],[-73.89920869506243,40.87692971473839],[-73.89920873044444,40.876929669203115],[-73.89920877840581,40.8769296243489],[-73.89938581059843,40.87676294542647],[-73.89938585833747,40.8767629014096],[-73.89938590540406,40.876762864260584],[-73.8995790772783,40.87660819340191],[-73.8998110895035,40.87639882457878],[-73.90010477937206,40.87571474426837],[-73.90025812306365,40.87548772052048],[-73.9003281964859,40.87537123143267],[-73.90038177940895,40.87524718954029],[-73.90041699394163,40.875117675888795],[-73.90043257971413,40.87498508330817],[-73.90042805735106,40.87485200514816],[-73.90040369627343,40.874721061695496],[-73.90036053706066,40.874594695481406],[-73.900300297327,40.87447508526308],[-73.90021720446974,40.8743896562108],[-73.90021706277649,40.874389512688765],[-73.90021690824305,40.87438939562419],[-73.90011396793237,40.87431256603752],[-73.90011386189904,40.874312484697185],[-73.90011373091205,40.8743124132191],[-73.89999339305588,40.874247905850325],[-73.89999325060784,40.8742478244783],[-73.89999309664222,40.874247770570086],[-73.89985959101635,40.87419872238278],[-73.89985944874795,40.87419866848448],[-73.89985928305967,40.87419863165318],[-73.89971795697757,40.874167019495204],[-73.89971781444893,40.87416699189756],[-73.89971768425102,40.874166983073216],[-73.8995744450428,40.874153369405484],[-73.89957419635913,40.87415334171533],[-73.89957393525991,40.87415335137196],[-73.89943414637503,40.87415688448467],[-73.89929321120118,40.87415719412591],[-73.89929293864068,40.87415719388806],[-73.89929270143304,40.874157166374836],[-73.89914853859494,40.87414275915677],[-73.89914821819734,40.8741427231944],[-73.89914790953915,40.874142659265985],[-73.89900422096424,40.87411261050708],[-73.89900399614137,40.8741125662518],[-73.89900378217732,40.87411249252202],[-73.89886492236151,40.87406677069283],[-73.89886469625722,40.874066698459856],[-73.8988644721925,40.87406659121636],[-73.89873474570659,40.874006054645236],[-73.8987346625885,40.8740059991222],[-73.89861805379958,40.87393248001961],[-73.89861789924218,40.87393238121285],[-73.89861776919567,40.87393227338141],[-73.89851755837223,40.87384849406954],[-73.89851734523509,40.873848313292484],[-73.89851715598753,40.87384809685402],[-73.8984350009905,40.873756795990005],[-73.89837163156538,40.873661036405444],[-73.89823344091056,40.87338880506731],[-73.89823334628856,40.87338862439423],[-73.89823326359566,40.87338843602566],[-73.89811299518645,40.873110358204535],[-73.89801117034987,40.87282728090998],[-73.89792833315052,40.872540464443375],[-73.89786483616405,40.872251108621406],[-73.897864812482,40.872251009259365],[-73.89786480115798,40.87225091041085],[-73.89782078599896,40.87196004917442],[-73.89779625106713,40.87166870259149],[-73.89778962270472,40.870856643398554],[-73.89891854298261,40.86965857448673],[-73.89656060597459,40.8685652000844],[-73.89603719196252,40.86922983957945],[-73.89521030470381,40.87030825674353],[-73.89444825262913,40.87072346107361],[-73.89383848152842,40.87100589856212],[-73.89347879945971,40.87118842090869],[-73.89307121088274,40.87139526412736],[-73.89241936355883,40.87170622680328],[-73.89222334806287,40.8717547161778],[-73.8920206391324,40.87179048279354],[-73.891813384212,40.87181282855045],[-73.89160396933815,40.8718213207757],[-73.89139476674826,40.87181587441079],[-73.89118817246184,40.87179670681544],[-73.89098647561684,40.871764341497176],[-73.89083878596115,40.871763850588],[-73.89083845338327,40.8717638502734],[-73.89083814525573,40.87176387795825],[-73.89068612323956,40.87177869920924],[-73.89068600471352,40.871778708980784],[-73.89068587446265,40.87177873582862],[-73.89053341011878,40.871810044903654],[-73.8905332321846,40.87181008041726],[-73.8905330780688,40.8718101258373],[-73.89038492776066,40.87185821555954],[-73.89038479681786,40.87185826049879],[-73.89038466650817,40.87185832286107],[-73.89024543412185,40.87192254830673],[-73.8901196415423,40.87200115901114],[-73.89011953505127,40.87200123077713],[-73.89011944024114,40.87200131193547],[-73.8900107817966,40.87209163461428],[-73.89001067461284,40.872091724639404],[-73.89001056739879,40.87209183309206],[-73.88992139748879,40.8721907651693],[-73.88992130264819,40.872190864419906],[-73.8899212307603,40.87219096318987],[-73.88985265699752,40.87229509366063],[-73.88985257424957,40.872295220228956],[-73.88985250316954,40.87229536406329],[-73.88980437737895,40.872401467504],[-73.88937163753188,40.87338229790129],[-73.88855699854237,40.875197313932],[-73.88760491009877,40.87495540095041],[-73.88753168444299,40.87493773502136],[-73.8866833086682,40.8747330242708],[-73.88649939910154,40.87468737884281],[-73.88631519259047,40.874641812904486],[-73.88487701822196,40.87429479823484],[-73.88477517954259,40.8742702205014],[-73.88505545433256,40.87359381965327],[-73.88533093914651,40.87293948242046],[-73.88561376684834,40.87226938481392],[-73.88691658745107,40.87134327410068],[-73.88778676972909,40.870740849763564],[-73.88854757142359,40.871379717863135],[-73.88863784256527,40.87145292593082],[-73.88868449911638,40.87149511301808],[-73.88884301619316,40.87139806733251],[-73.88950049155218,40.87102055659574],[-73.8899174447572,40.870780632196094],[-73.89042763916436,40.87048705432576],[-73.89098696993578,40.87016071543083],[-73.89119350421433,40.870010033300105],[-73.89138947034827,40.86985099418492],[-73.89157400109438,40.8696842528409],[-73.89174633546482,40.869510548054954],[-73.89191718327008,40.86930211007612],[-73.8922125885006,40.86891549954498],[-73.89243509112475,40.86862059828922],[-73.89300270014456,40.867881068892956],[-73.89368435627676,40.866980821119746],[-73.89376139036872,40.86687505819983],[-73.89397201751015,40.86660230441126],[-73.89408697050875,40.86645343271275],[-73.89431825320104,40.866153926874425],[-73.89436438771081,40.86609167213988],[-73.89438130324754,40.86606885121173],[-73.89439598377295,40.86604898150012],[-73.89443408225208,40.865997410538],[-73.89493225983736,40.865353338693915],[-73.8950421210246,40.86520349795247],[-73.89530216668751,40.864846780627],[-73.89579308299218,40.8642155671534],[-73.89714379809807,40.86244506515256],[-73.89773815441899,40.86135113702805],[-73.89802453087175,40.860820461120554],[-73.89822728963486,40.86044886435278],[-73.89828973363085,40.86033442146167],[-73.89859097184357,40.85976678326745],[-73.89880457684517,40.85936427099419],[-73.8988381457143,40.859307308341485],[-73.8992136293738,40.85867913982175],[-73.89942546343605,40.858320880922],[-73.89958465320512,40.85805165231058],[-73.89976003201444,40.85775504210982],[-73.8999567001834,40.85742242151724],[-73.90003125151824,40.85729670258073],[-73.90027829519657,40.85688010036742],[-73.90051657952324,40.85648149629328],[-73.90067256053578,40.856220560599226],[-73.90077922747531,40.856047109729076],[-73.90085477201173,40.85593744032906],[-73.90116590959857,40.85549567456134],[-73.90130126628577,40.855303490503246],[-73.90153703392714,40.85499464328684],[-73.90185996119229,40.854586149763094],[-73.90241501219853,40.85391050392626],[-73.90272379631992,40.853523517688856],[-73.90305163324443,40.85310509123785],[-73.90334780323349,40.85274293775114],[-73.90357030745943,40.852473236603906],[-73.90361873123958,40.852414241797376],[-73.90364249548415,40.852382969268675],[-73.90366377453611,40.85235599900788],[-73.90370891540695,40.85229598522348],[-73.9037461827705,40.85225061176477],[-73.90415116691062,40.85175753113898],[-73.90422919145304,40.85166253255407],[-73.90433691540983,40.85151711135758],[-73.90454100208925,40.85126765498135],[-73.9046738968907,40.85110082367408],[-73.90513490051569,40.85053030062521],[-73.90523443879081,40.850400689572794],[-73.90552282297028,40.85004701337809],[-73.90562192826565,40.84992546956092],[-73.90595241013315,40.84951499852218],[-73.9059766338059,40.84948401351106],[-73.90600085768732,40.84945302078884],[-73.90602289530428,40.84942511424214],[-73.90608376923521,40.84934739737073],[-73.90594828637519,40.84921918390058],[-73.90576106987626,40.84918781946014],[-73.90580316152918,40.84909215851343],[-73.90604399753589,40.848397121349734],[-73.90620686404672,40.84791865556166],[-73.90623080872125,40.84784831075935],[-73.90632225941502,40.847579645197605],[-73.90552163693533,40.84748823247794],[-73.90462131846552,40.84739206594208],[-73.9037398471411,40.84732760591972],[-73.903804042524,40.84660178157414],[-73.90387266138661,40.84583380865191],[-73.90391784431915,40.845002114684036],[-73.90482948056693,40.84503019237652],[-73.90483483708911,40.844924477788496],[-73.90483250080668,40.84484207145941],[-73.90483122036325,40.84480034209356],[-73.90483494132486,40.844752618500216],[-73.90520079553481,40.84477946220758],[-73.90550671715675,40.844801906423676],[-73.90612283571846,40.844840599366904],[-73.90664871901546,40.84487758669237],[-73.90711424880955,40.844899973436135],[-73.90754894969565,40.84492087664269],[-73.90845470148813,40.844967305017],[-73.90902749095159,40.84499666103645],[-73.90936312538993,40.84501386122366],[-73.91028358304837,40.845059553370085],[-73.91085064341603,40.84508769975965],[-73.91094062234758,40.84509104753588],[-73.91107727386061,40.84509613193117],[-73.91130608737966,40.84510344041447],[-73.91142731660145,40.84510897138302],[-73.91198318342099,40.84510882108973],[-73.91260075843272,40.8451251072481],[-73.9128602844142,40.845131950765825],[-73.9132457545788,40.8451421134879],[-73.9133763088464,40.84514339180683],[-73.91351002435474,40.845139898761396],[-73.91379648653204,40.84513292810457],[-73.91418502288866,40.84513494648618],[-73.91477948012205,40.84512060139297],[-73.9147991102173,40.84512012789742],[-73.91559683702724,40.84510087285616],[-73.91669597988694,40.84507433184193],[-73.91684309508845,40.84507077877236],[-73.9173249487654,40.84505748334954],[-73.91839212440955,40.84500461829274],[-73.9186112132762,40.84499043707992],[-73.91876603525361,40.8449804158915],[-73.91934990636385,40.844945502897176],[-73.9194087244718,40.84494226623823],[-73.91970416695105,40.84492482985541],[-73.92047180879078,40.84488633249861],[-73.92052439035038,40.84488279562676],[-73.92154038872722,40.84481443925447],[-73.92243398575472,40.84475431208928],[-73.92249820530013,40.84474999059363],[-73.92265185422391,40.84474515931582],[-73.9226280853107,40.84480091082953],[-73.92259626405297,40.84486744428567],[-73.92268545732578,40.8448585958646],[-73.92360955153364,40.844792739664435],[-73.92392588069143,40.84478678083281],[-73.92400395071299,40.84478846213167],[-73.9243135740072,40.84479512558454],[-73.92474577693679,40.84480442750092],[-73.92511333121817,40.84484121752062],[-73.92514404021895,40.844843983668355],[-73.9252512754439,40.84485091497716],[-73.9256420569784,40.84490094669844],[-73.9259285864131,40.844948957541924],[-73.92569963169572,40.84539637216003],[-73.92566485990774,40.845463410139885],[-73.92563727227366,40.845511414851536],[-73.92558342028617,40.84561254513255],[-73.92556059049245,40.845655417624734],[-73.92553784599905,40.84569813185724],[-73.92550798126307,40.845746595086176],[-73.92547956040697,40.84579735213568],[-73.92532529678299,40.84607285939234],[-73.92525399014889,40.846213218773975],[-73.9244242407449,40.84772789236373],[-73.92348914798073,40.84898378906044],[-73.92242015153052,40.850123274541446],[-73.92212733164581,40.850484634511155],[-73.92196661574833,40.85039173129331],[-73.9216785671073,40.85026704736324],[-73.92177407842884,40.85012826851991],[-73.92139050545298,40.85004900184957],[-73.92125977310675,40.850021984961224],[-73.91909637313015,40.852674615235266],[-73.91883794698381,40.852770777783356],[-73.91861505547512,40.85284441650605],[-73.91833041120003,40.85298149276193],[-73.91825427600364,40.85302744831125],[-73.91819736078648,40.85308403725278],[-73.91799170068656,40.852872469968986],[-73.91800373060263,40.852940339657266],[-73.91801140497563,40.853008572901345],[-73.91801470567738,40.853077008641705],[-73.9180136248669,40.85314548533863],[-73.91800816512915,40.85321384135775],[-73.91799833933773,40.85328191534923],[-73.91791169081212,40.853467355090245],[-73.91786844549328,40.85356468991683],[-73.91781854097528,40.853660169988046],[-73.91776211440828,40.853753532845474],[-73.91769932087328,40.85384452184938],[-73.91763033295486,40.85393288688437],[-73.91755534038043,40.854018385037435],[-73.91747454915976,40.85410078129908],[-73.91738818135794,40.85417984917142],[-73.91729647437153,40.854255371305364],[-73.91719968027648,40.85432714009778],[-73.91678982858636,40.85487287546188],[-73.91698519926467,40.85498288490782],[-73.91674450436308,40.85543886519618],[-73.91673326129884,40.85546771481616],[-73.9167271163992,40.85549743695843],[-73.91672617656054,40.85552751461042],[-73.91673045813833,40.855557424575004],[-73.91673988678589,40.85558664661292],[-73.91675429838345,40.855614672354925],[-73.9167734422481,40.85564101429459],[-73.91679698537827,40.855665214214405],[-73.91718821116112,40.855918821325844],[-73.91720801139326,40.856838299914045],[-73.91714745481771,40.85700306455512],[-73.91708116008562,40.857166550896295],[-73.91700917386031,40.85732864375964],[-73.91693154681553,40.85748922894831],[-73.91684833378702,40.857648193249574],[-73.91675959317722,40.857805424749934],[-73.91666538746742,40.85796081267517],[-73.91656578299106,40.85811424754889],[-73.91681688391094,40.85817975054614],[-73.91678779015258,40.85822655098274],[-73.91652237937406,40.85865349284036],[-73.91625421802146,40.858990631052166],[-73.91585322415985,40.859377677007465],[-73.91571961176402,40.85948956106648],[-73.9154570999566,40.85970937996008],[-73.91504631333794,40.860021053390206],[-73.9143358393146,40.86056127963178],[-73.91299697250878,40.86157928408159],[-73.91293900935652,40.86162335524523],[-73.91271614719565,40.86179280275038],[-73.91266095161309,40.86185163532883],[-73.91273784304094,40.861863886012],[-73.91278962862312,40.86187247052317],[-73.91287006999265,40.86189215043887],[-73.91295585421882,40.86191313581676],[-73.91329746917198,40.8620896285804],[-73.91335994663298,40.86211267342798],[-73.91343151747087,40.86213906681676],[-73.91422918067761,40.86248855665972],[-73.91335966741539,40.863647939271296],[-73.911048911697,40.86630644197112],[-73.91031786188825,40.86753612470975],[-73.90986176493799,40.86794331561695],[-73.90966694847722,40.86841704009273],[-73.90949664378591,40.8688311561384],[-73.90927464107402,40.869554132885725],[-73.90893714929886,40.8710198403089],[-73.90864943177567,40.871385783803355],[-73.90893235241582,40.872157347970656],[-73.90872046391374,40.87222866558935],[-73.90846367912545,40.87262079170464],[-73.90774270784556,40.872845952111604],[-73.90746489794311,40.87354735423643],[-73.9070879268495,40.87432598340625],[-73.90691694520305,40.87505586276138],[-73.90665099539471,40.87575250419265],[-73.90682004112283,40.876585525607325],[-73.90682822856829,40.876631551888806],[-73.90685372865121,40.87666367602953],[-73.90692586434848,40.87675454730296],[-73.90703748936642,40.87689516121069],[-73.90765281705261,40.87742802285943],[-73.90835569750124,40.87791831468982],[-73.90802213216357,40.87828797780911],[-73.90719434905334,40.87745752506162],[-73.90693951199479,40.877022708772365],[-73.90685716017943,40.87692851415992],[-73.90682616977078,40.87689329161127],[-73.90679168720037,40.87685999145877],[-73.90675391856023,40.87682881272263],[-73.9067104644004,40.87679823169178],[-73.90666385182963,40.87677045925637],[-73.90649600993173,40.876877227524794],[-73.90643683714492,40.87691498978422],[-73.90637976065294,40.87695456647721],[-73.90630176045369,40.87696720994265],[-73.90620060088666,40.87706039035451],[-73.90615158765068,40.877104815061635],[-73.90506895098228,40.87669085653602],[-73.90486034596927,40.876611092516924],[-73.90474796514651,40.87657531881074],[-73.90470764814712,40.87656248427634],[-73.90454092655882,40.876498169027236],[-73.90448464902627,40.87647697790849],[-73.90442604187271,40.87645525562841],[-73.90436613541124,40.8766281419175],[-73.90417165611711,40.87718939152135],[-73.90393940992804,40.87785962153808],[-73.9038484497138,40.87807324848313],[-73.90384135472699,40.87808991175133],[-73.90374147471456,40.87828526148054],[-73.9036249575033,40.87847470712684],[-73.90357476291707,40.87856325572411],[-73.90330991882497,40.87890961446184],[-73.903280130343,40.8789408537571],[-73.90298060260068,40.87925501611491],[-73.90287804831813,40.87936258377992],[-73.90219424905786,40.88007979417979],[-73.90173667877652,40.88058983125317],[-73.90144122826187,40.88091915464008],[-73.9006956399538,40.88051136047823],[-73.90050104046104,40.88040121576874],[-73.90022995375217,40.880630398973956],[-73.89932487614821,40.88138009764302],[-73.89904031923147,40.881543513309275],[-73.89909034139833,40.88130048726856],[-73.89912428559815,40.88107098626182],[-73.89916415273805,40.88084203458243],[-73.89920992742549,40.88061372027832],[-73.899261591996,40.880386131151354]]]]},"properties":{":id":"row-srnj~67vh.29n6",":version":"rv-wyhk.h7nb.2hkw",":created_at":"2025-11-24T21:48:59.646Z",":updated_at":"2025-11-24T21:48:59.646Z","coun_dist":"14","shape_leng":"50109.7735104","shape_area":"52810651.9793"}},
{"type":"Feature","geometry":{"type":"MultiPolygon","coordinates":[[[[-74.00687573255429,40.68348768539355],[-74.006795931253,40.68335890815668],[-74.00672517003923,40.683251445708024],[-74.00645819271602,40.68284601271682],[-74.0064117432581,40.68277564031855],[-74.00635210360261,40.682685284094134],[-74.00582096824198,40.681880578381225],[-74.00580802587378,40.68186097478524],[-74.0054540254335,40.68134001787215],[-74.00535329142326,40.681204098720684],[-74.00515638191418,40.68095076286774],[-74.00510060923806,40.680879007233145],[-74.00504095185785,40.68080225439151],[-74.0047552172587,40.68044351095321],[-74.00465189997603,40.680323933099785],[-74.00454676445044,40.68020320079065],[-74.00445706737511,40.680100991822584],[-74.00440073332446,40.68003683860341],[-74.00417383393305,40.67978867191246],[-74.00407944440684,40.67968543453019],[-74.00401833463141,40.679618184205765],[-74.00394192499935,40.679533602295734],[-74.00381787011096,40.67939317004141],[-74.00374374252827,40.679309255519534],[-74.00359543948622,40.679140963284915],[-74.00351558208352,40.679052381471166],[-74.00338485087516,40.67890736589076],[-74.00319411462176,40.678695788734736],[-74.00301660321229,40.67849854642329],[-74.00294835460167,40.678422271493616],[-74.00242456429932,40.67770613061152],[-74.00233213348979,40.677575693604716],[-74.0021657804283,40.67733166995808],[-74.00166154434359,40.67659123060172],[-74.00135378434672,40.67610262089499],[-74.00129702509295,40.676012507706474],[-74.00123567217459,40.67590920826215],[-74.00119794934224,40.675840756154265],[-74.00112481730602,40.67569755434143],[-74.00102399932594,40.6756699495578],[-74.00096041051934,40.6755720318113],[-74.00077979381057,40.675293900751576],[-74.00045011468973,40.67476942502323],[-74.00035615498572,40.67474573340799],[-73.9999906137395,40.67418940923541],[-73.9998952192577,40.674044223749696],[-73.99981448449219,40.67391293664703],[-73.99976336972766,40.67382981663715],[-73.99922834674494,40.672973814269945],[-73.99917708751342,40.67289367028822],[-73.99906065566577,40.67271162547219],[-73.9989477252599,40.672535054705236],[-73.99888182894544,40.67243331360471],[-73.99874427186708,40.67222241175192],[-73.99860480587697,40.67200858232499],[-73.99855090587793,40.67192594185834],[-73.99847134124688,40.6720591009894],[-73.99812844659408,40.67244074975709],[-73.9980574165226,40.672469545103226],[-73.99745115715263,40.67319456848807],[-73.99717696106482,40.6735282933719],[-73.99696673342599,40.67378415974907],[-73.99666043540708,40.674142780841365],[-73.99631939526641,40.67403403669759],[-73.99628368526835,40.6740166721326],[-73.99337906109197,40.67260415431959],[-73.99102303826234,40.67145846732878],[-73.98877003724341,40.67038404473313],[-73.98871322583393,40.67035690652932],[-73.98864720123544,40.670324688446456],[-73.98630429200733,40.66917266537465],[-73.98679977144553,40.668578355455956],[-73.98730086023174,40.66797541780232],[-73.98780391547002,40.66737358649717],[-73.98830660707078,40.66676994093128],[-73.98880924128984,40.66616951853648],[-73.98931273086802,40.665566337813466],[-73.98981472099938,40.66496334351603],[-73.9905450274587,40.664165161205496],[-73.99058419389551,40.66412533832625],[-73.99065052866543,40.664057891778015],[-73.99071343767042,40.664002993095494],[-73.99073747123356,40.66397655526424],[-73.99081670378847,40.66388939663877],[-73.99108906811847,40.66358978487064],[-73.99167274856696,40.663028680009035],[-73.99225494068332,40.66246874407543],[-73.9928383061919,40.6619084808981],[-73.99342089317346,40.66134895281027],[-73.99400419125496,40.660789835902314],[-73.99458790590316,40.66022793371428],[-73.99516890198151,40.659669522044105],[-73.99296402041986,40.658337409459996],[-73.99238339483462,40.65889901642447],[-73.99018841567013,40.657600818831305],[-73.9895923812105,40.65813406083362],[-73.98901286624817,40.65869079560107],[-73.9884313525216,40.65925121115527],[-73.98622761311839,40.65792048276327],[-73.98402397206463,40.65659116961081],[-73.98179568718419,40.65524609715823],[-73.98145293838228,40.65341633637395],[-73.98129697444928,40.65263750669722],[-73.98110911943493,40.65159173203387],[-73.98071174701887,40.6495240870795],[-73.98036334722298,40.64769374410164],[-73.98136132975007,40.647318350748705],[-73.98180533857222,40.64712779875973],[-73.98230939759495,40.646927403808405],[-73.98307340139965,40.64662513470503],[-73.98528412809576,40.645767938226996],[-73.9883498673701,40.644562243887364],[-73.98905872459589,40.644119241039284],[-73.98977890274075,40.64364488673098],[-73.99049634082614,40.643164441188446],[-73.99121277446031,40.64268589050539],[-73.99192812375553,40.642204904086135],[-73.9926445605762,40.64172829094649],[-73.99336253671026,40.64124779897804],[-73.99407692009133,40.64077040176039],[-73.99433124126968,40.640600287952935],[-73.99479539539372,40.64028848738442],[-73.99551033762245,40.63980966713009],[-73.99622742149047,40.639331193113264],[-73.99694186991746,40.63885246323715],[-73.99765783408338,40.63837414171827],[-73.99872187473305,40.6390160931975],[-73.99930444893414,40.63845587698614],[-73.9998892120681,40.63789602752643],[-74.00046944902431,40.6373363169739],[-74.00267214342664,40.63866701047],[-74.00236943480249,40.63895767781398],[-74.0020907543513,40.639225254308236],[-74.00150771254626,40.63978496207334],[-74.00092541773434,40.640345902028784],[-74.00034122066634,40.64090531617321],[-74.00254486979036,40.64223575962075],[-74.00474646711004,40.64356697977728],[-74.0069507885861,40.644897238534455],[-74.00753265882123,40.64433680966355],[-74.00811636364485,40.64377628755318],[-74.00869904268725,40.64321665410811],[-74.00928151062453,40.64265634138009],[-74.00986340104595,40.64209686402791],[-74.01044697221042,40.641535456631345],[-74.01102885538931,40.64097590194431],[-74.01161110634612,40.64041592860223],[-74.01219490810287,40.639854781925834],[-74.0127753791903,40.63929563274217],[-74.01335669051934,40.63873530913628],[-74.01396088612057,40.63815326741949],[-74.01456685527909,40.6375709083166],[-74.01514575030541,40.63701460961415],[-74.01294381978255,40.63568596520199],[-74.01236365254208,40.63624213509547],[-74.0101605734606,40.63491233825133],[-74.01027592444937,40.63480035561336],[-74.01050383686189,40.63457909683201],[-74.01060157107142,40.63448522815452],[-74.0106969924474,40.634397915335114],[-74.01074220090473,40.634356548825586],[-74.00853704110038,40.63302816138387],[-74.00702302486354,40.63210999547639],[-74.00633870652992,40.63169362668363],[-74.0069209158721,40.63113383031544],[-74.00750218251044,40.630576542447834],[-74.0081285855864,40.62997381064244],[-74.00875385418286,40.62937122591171],[-74.00933768963604,40.62881224647408],[-74.00991975501019,40.62825238969077],[-74.01001403651098,40.62816137526154],[-74.01050029743425,40.62769279961914],[-74.00829968834398,40.626361498484144],[-74.00790301334142,40.6261223964876],[-74.00650686195256,40.62528081544511],[-74.00609560930938,40.625032909904824],[-74.00592903548791,40.624932269879224],[-74.00389217413397,40.62370158684755],[-74.00345080881532,40.62343474073386],[-74.00210159152826,40.62261898957691],[-74.00169380156665,40.62237242731967],[-73.99949149949177,40.621043370129584],[-73.99887237220591,40.62066910407643],[-73.9985954333006,40.62050169068115],[-73.99769272581295,40.61995732127817],[-73.99728485251016,40.61971135211083],[-73.99787125261821,40.619154158120686],[-73.9984567094823,40.61859534963484],[-73.9990269709493,40.61802902735487],[-73.99927191284505,40.61817725499145],[-73.99942566586972,40.61762759593364],[-73.99948826532751,40.61740451046839],[-73.99970876023524,40.6166202838969],[-73.99774601427242,40.61543577092392],[-73.99837308446251,40.61483178426838],[-73.99899969373016,40.61422828149239],[-73.99957943717793,40.613669412173905],[-74.00015898164123,40.61311037739683],[-74.00073817547593,40.612554726767975],[-74.00091116934763,40.61238795801778],[-74.00107298910451,40.61183051682479],[-73.99888399679637,40.61051761883796],[-73.99692222496103,40.6093346949911],[-73.99471921926434,40.60800468815754],[-73.99530287947384,40.60744494982059],[-73.99588192163932,40.60688666632845],[-73.99646484131415,40.606327497464704],[-73.99704340379166,40.605769163481824],[-73.99762947031648,40.6052098991024],[-73.99825418891972,40.60460856005419],[-74.00002266096661,40.60290731572659],[-74.00032353886834,40.602620291869925],[-74.00154542211209,40.60144199379731],[-74.00231503445558,40.60186564959204],[-74.00306728787257,40.602260196519836],[-74.00385345873858,40.602667919570685],[-74.00463512734444,40.60307864673423],[-74.00558707890458,40.60357161266762],[-74.00617188296305,40.603886558018694],[-74.00691045885694,40.60433829078655],[-74.00762562364537,40.604768298023885],[-74.00836913329022,40.6052175974094],[-74.00713430500016,40.60640408299717],[-74.00662477201024,40.60689503184459],[-74.00485480279139,40.608594080323975],[-74.00422733044661,40.6091953919524],[-74.00342538921281,40.60996909393533],[-74.00601438422672,40.61132508144163],[-74.00710425967638,40.6118913295636],[-74.00790037114429,40.6123234333997],[-74.00830383413297,40.612568000548116],[-74.0079727458036,40.612887123870614],[-74.00772262515183,40.61312820082229],[-74.00743564969683,40.61340366207503],[-74.00714249336504,40.61368504882018],[-74.00655990589483,40.614245432711],[-74.00848958746204,40.61541210254613],[-74.00876039994887,40.615575823945754],[-74.01096176065924,40.61690634418091],[-74.01316381314875,40.61823617266472],[-74.01536728802049,40.619563617723486],[-74.01716386615648,40.620652173062446],[-74.01756994176814,40.62089820698315],[-74.01815162013119,40.6203364438377],[-74.01999892578114,40.62145136823833],[-74.0206233103417,40.62180625156354],[-74.0206082815107,40.6219261742004],[-74.02042409907732,40.62216331036637],[-74.02035701583003,40.62212299691824],[-74.02013741252969,40.62234354114194],[-74.02008667268495,40.62242095215935],[-74.02058200561427,40.62234301443306],[-74.02067901763262,40.62232595080475],[-74.0209746153214,40.62227607101653],[-74.02109701194306,40.62225541711808],[-74.02112945930728,40.62225212960559],[-74.02120064391093,40.62224491628144],[-74.0211113073394,40.62235153613185],[-74.02101725483436,40.62246446791731],[-74.02074777209656,40.62278804153473],[-74.02065203744975,40.62290299086834],[-74.02022400332828,40.62339898371941],[-74.02019817886723,40.62343347723421],[-74.02001497722152,40.62367818969121],[-74.01980099503005,40.62396401602608],[-74.01977646873439,40.623997943140864],[-74.01958196495558,40.62426700596431],[-74.01919007816649,40.62496219243585],[-74.01898345862676,40.62541158682278],[-74.01877560794574,40.62586363685011],[-74.01868219687412,40.626098894858316],[-74.01858782341631,40.626324736655114],[-74.01834900131375,40.62689625305969],[-74.01807992334412,40.62750315323694],[-74.0180139188142,40.62768595613762],[-74.01799364721106,40.627742102356166],[-74.01794642928571,40.627872882611584],[-74.01782202063349,40.62821780276498],[-74.01772147041574,40.628496573088476],[-74.01752337759615,40.62904448813252],[-74.01751444055509,40.62907053600985],[-74.0172329556587,40.62989087412505],[-74.0170384945062,40.630457586762596],[-74.01699572995919,40.630582212938094],[-74.01667381154517,40.63141642940028],[-74.01658124076424,40.631670596568355],[-74.0165202760718,40.631837979140506],[-74.01650462837523,40.63188094225209],[-74.016385640441,40.632245613218146],[-74.01635195598307,40.63234884728364],[-74.0162509912821,40.6326983620649],[-74.01621596169306,40.632819639438026],[-74.01615691028293,40.633124771055115],[-74.0161346617863,40.63323971887968],[-74.01612995805846,40.63326402123337],[-74.01610144300595,40.633488524729486],[-74.0161064248953,40.63370824209322],[-74.01613406683865,40.63392868485583],[-74.01618453437295,40.634147809966976],[-74.01625757850873,40.634363564704664],[-74.01635252561574,40.63457394799351],[-74.01636457541497,40.63459509927053],[-74.0163886525924,40.63463734637184],[-74.01646828710129,40.63477707155388],[-74.01659111132112,40.63495354537795],[-74.01660342120829,40.6349712217147],[-74.01669425526975,40.63508183720258],[-74.01675094045287,40.635150862608405],[-74.01697745739544,40.63523508166236],[-74.01690570806392,40.63530223482034],[-74.01712675950336,40.635487646973196],[-74.01735959970904,40.63566468049224],[-74.01741200863258,40.635700817014175],[-74.01750950259769,40.63576806373811],[-74.0176043718909,40.63583349929488],[-74.01805283070652,40.63610125291063],[-74.01898634189004,40.636658614489875],[-74.0190540606447,40.63669904500447],[-74.01954557800228,40.63698831739982],[-74.01968076242356,40.63706742257483],[-74.0198284563523,40.63715424347166],[-74.02000806065679,40.63725981629297],[-74.02030818957937,40.63746686508154],[-74.02038935884737,40.63752613151142],[-74.02044843607148,40.63756954792341],[-74.02060615279484,40.63768954443352],[-74.02075982407821,40.6378125494925],[-74.02093642340041,40.63796198477538],[-74.02110705254509,40.63811539268595],[-74.0211388253862,40.63814525617207],[-74.02117203876202,40.638183606376806],[-74.02120916297793,40.638230339310574],[-74.02129278289127,40.63831381745622],[-74.02137043966896,40.638400574029944],[-74.02144191225707,40.63849036210115],[-74.02150699720087,40.63858292610977],[-74.02156550922419,40.63867800259373],[-74.02161728179045,40.638775320801464],[-74.02166216749393,40.638874603872964],[-74.02170003854548,40.63897556921889],[-74.02173078712018,40.63907792946031],[-74.02175432566469,40.63918139324664],[-74.021784762374,40.639285613690426],[-74.02180957947604,40.63939069501983],[-74.02182873543467,40.63949646147411],[-74.02184219831521,40.63960273589993],[-74.0218499454649,40.639709340788514],[-74.02185196389816,40.63981609782908],[-74.0218004705806,40.64010506652912],[-74.02179520508906,40.64013034589396],[-74.02177423115359,40.64023109996425],[-74.02172500211859,40.64040032422306],[-74.02167977993658,40.64053053937639],[-74.02165149085296,40.6406036938192],[-74.02152938816474,40.6408702606767],[-74.02134518789724,40.641182189553994],[-74.02155043464536,40.64103730770548],[-74.02163305222066,40.64097898811248],[-74.0217394167653,40.640922695422574],[-74.0218062696482,40.64088413514361],[-74.02218636940215,40.640664899399134],[-74.02224931714643,40.640623453602416],[-74.02243069905718,40.6405241906033],[-74.02259016761815,40.64043910603735],[-74.02283854823398,40.64032634786293],[-74.02309676772151,40.64022667097844],[-74.02325020671704,40.64017716639562],[-74.02336300700999,40.64014077126576],[-74.02338006681678,40.640136226269924],[-74.02365700473062,40.64006243918943],[-74.023958254087,40.63999987966354],[-74.02426453248916,40.63995361863723],[-74.02457354910433,40.63992393499244],[-74.02484592386232,40.6399121792931],[-74.02511929670592,40.639913740572055],[-74.0252124638178,40.6399188401871],[-74.02539197793435,40.63992866543321],[-74.02566227601659,40.639956818560904],[-74.02572341932347,40.63999407796886],[-74.0257860913095,40.640040259901475],[-74.02601346927251,40.640077516939186],[-74.02623698651324,40.64012649118005],[-74.02660595631964,40.640236106709104],[-74.02672639818762,40.64027188346084],[-74.02700380819039,40.64046213397578],[-74.0283477874152,40.64138381965716],[-74.02905539908791,40.641725343057175],[-74.02983102898706,40.642319357022615],[-74.0322971142236,40.64358131301481],[-74.03264129026307,40.643787313444115],[-74.03287507230115,40.643583315387055],[-74.03407329294261,40.64431393296395],[-74.03453829739405,40.64387638151007],[-74.03445193181362,40.643826786682354],[-74.0367030793512,40.64168561987382],[-74.03673986629596,40.64147636596135],[-74.03635055368838,40.641154384112],[-74.03598039447236,40.64094594906848],[-74.03571276150703,40.64064015354395],[-74.03584162407405,40.640486098450786],[-74.0359659274958,40.640329884843204],[-74.03608560951979,40.64017159099503],[-74.03620061021041,40.64001129622198],[-74.03634418485505,40.639798258853084],[-74.03647949174376,40.63958210422021],[-74.03660641444468,40.63936301845385],[-74.03672484374883,40.63914119020673],[-74.03680662048852,40.638984221545535],[-74.03716802527984,40.6382850970721],[-74.03745424937442,40.637696515307255],[-74.03783376084655,40.63691608282807],[-74.03816058598164,40.63624398008183],[-74.0384323056841,40.63568518863956],[-74.05177123643857,40.63838325263329],[-74.05273230521983,40.638577579862556],[-74.05364411316111,40.63876193768575],[-74.05448380785174,40.63893170761743],[-74.05529122447936,40.639094945121116],[-74.0557857330501,40.63919491830787],[-74.05619414135846,40.63927748304838],[-74.05581438861887,40.64970879790647],[-74.0557974835737,40.65191856079847],[-74.05284316056739,40.65542515561443],[-74.05173215319634,40.65731586365035],[-74.0509058104452,40.658766632221585],[-74.05031238017737,40.65957244517358],[-74.0496287978732,40.66050064804619],[-74.04878221701114,40.661640857407995],[-74.04829345624162,40.66243265309574],[-74.04190650558232,40.67277782348599],[-74.03626480650222,40.68191290967391],[-74.03457281029688,40.68486581453442],[-74.03391745407401,40.68464225689013],[-74.03337675353427,40.68445780713902],[-74.03268472018742,40.68422172756262],[-74.03139726637878,40.683782511414414],[-74.03034663905476,40.68342407465277],[-74.02832661932929,40.682734876153134],[-74.02111521215461,40.68027405299684],[-74.02039016995113,40.68002660401381],[-74.01984812278376,40.67984160501244],[-74.01955939822047,40.67974306274601],[-74.0194177599097,40.67969472116222],[-74.01928128102017,40.679648140092816],[-74.0190683342972,40.679760747976516],[-74.01892813988314,40.67984430511109],[-74.01899105471408,40.679904993201234],[-74.01772532572437,40.68066190267361],[-74.01764735085476,40.680601890841665],[-74.01757049494164,40.68065064812428],[-74.01746928903134,40.680614731700835],[-74.01684837002347,40.68098575898761],[-74.01678834016225,40.681021965794926],[-74.01520082279144,40.681979419930684],[-74.01532059864759,40.68211072878057],[-74.01508295187081,40.68225409932059],[-74.01486782800727,40.68238321354473],[-74.01282000398867,40.6836224164973],[-74.01262428290774,40.68346869588915],[-74.01193259977079,40.683887749154934],[-74.01092841268031,40.68449147254299],[-74.00860072436832,40.685909564654835],[-74.00731714368649,40.68426944824912],[-74.00713597574207,40.68403795578186],[-74.00694908106118,40.68378445460003],[-74.00671295147946,40.68361546025575],[-74.00687573255429,40.68348768539355]]]]},"properties":{":id":"row-gtij_9guw~xbcd",":version":"rv-xrjm~eq8j~dt6h",":created_at":"2025-11-24T21:48:59.646Z",":updated_at":"2025-11-24T21:48:59.646Z","coun_dist":"38","shape_leng":"116482.012933","shape_area":"286282706.807"}},
{"type":"Feature","geometry":{"type":"MultiPolygon","coordinates":[[[[-74.03407329294261,40.64431393296395],[-74.03287507230115,40.643583315387055],[-74.03264129026283,40.643787312941534],[-74.0322971142236,40.64358131301481],[-74.02983102898685,40.64231935652003],[-74.02905539908791,40.641725343057175],[-74.0283477874152,40.64138381965716],[-74.02700380819039,40.64046213397578],[-74.02672639818762,40.64027188346084],[-74.02660595631964,40.640236106709104],[-74.02623698651324,40.64012649118005],[-74.02601346927251,40.640077516939186],[-74.0257860913095,40.640040259901475],[-74.02572341932347,40.63999407796886],[-74.02566227601659,40.639956818560904],[-74.02539197793435,40.63992866543321],[-74.0252124638178,40.6399188401871],[-74.02511929670592,40.639913740572055],[-74.02484592386232,40.6399121792931],[-74.02457354910433,40.63992393499244],[-74.02426453248916,40.63995361863723],[-74.023958254087,40.63999987966354],[-74.02365700473062,40.64006243918943],[-74.02338006681678,40.640136226269924],[-74.02336300700999,40.64014077126576],[-74.02325020671704,40.64017716639562],[-74.02309676772151,40.64022667097844],[-74.02283854823398,40.64032634786293],[-74.02259016761815,40.64043910603735],[-74.02243069905718,40.6405241906033],[-74.02224931714643,40.640623453602416],[-74.02218636940215,40.640664899399134],[-74.0218062696482,40.64088413514361],[-74.0217394167653,40.640922695422574],[-74.02163305222066,40.64097898811248],[-74.02155043464536,40.64103730770548],[-74.02134518789724,40.641182189553994],[-74.02152938816474,40.6408702606767],[-74.02165149085296,40.6406036938192],[-74.02167977993658,40.64053053937639],[-74.02172500211859,40.64040032422306],[-74.02177423115359,40.64023109996425],[-74.02179520508906,40.64013034589396],[-74.0218004705806,40.64010506652912],[-74.02185196389833,40.63981609833166],[-74.021849945474,40.63970934112361],[-74.02184219832426,40.63960273606741],[-74.02182873543467,40.63949646147411],[-74.02180957947604,40.63939069501983],[-74.021784762374,40.639285613690426],[-74.02175432566469,40.63918139324664],[-74.02173078712018,40.63907792946031],[-74.02170003854548,40.63897556921889],[-74.02166216749393,40.638874603872964],[-74.02161728179045,40.638775320801464],[-74.02156550922419,40.63867800259373],[-74.02150699720087,40.63858292610977],[-74.02144191225707,40.63849036210115],[-74.02137043966896,40.638400574029944],[-74.02129278289127,40.63831381745622],[-74.02120916297793,40.638230339310574],[-74.02117203876202,40.638183606376806],[-74.0211388253862,40.63814525617207],[-74.02110705254509,40.63811539268595],[-74.02093642340041,40.63796198477538],[-74.02075982407821,40.6378125494925],[-74.02060615279484,40.63768954443352],[-74.02044843607148,40.63756954792341],[-74.02038935884737,40.63752613151142],[-74.02030818957937,40.63746686508154],[-74.02000806065679,40.63725981629297],[-74.0198284563523,40.63715424347166],[-74.01968076242356,40.63706742257483],[-74.01954557800228,40.63698831739982],[-74.0190540606447,40.63669904500447],[-74.01898634189004,40.636658614489875],[-74.01805283070652,40.63610125291063],[-74.0176043718909,40.63583349929488],[-74.01750950259769,40.63576806373811],[-74.01741200863258,40.635700817014175],[-74.01735959970904,40.63566468049224],[-74.01712675950336,40.635487646973196],[-74.01690570806392,40.63530223482034],[-74.01697745739544,40.63523508166236],[-74.01675094045298,40.635150863111015],[-74.01669425526975,40.63508183720258],[-74.01660342120829,40.6349712217147],[-74.01659111132112,40.63495354537795],[-74.01646828710129,40.63477707155388],[-74.0163886525924,40.63463734637184],[-74.01636457541497,40.63459509927053],[-74.01635252561574,40.63457394799351],[-74.01625757850873,40.634363564704664],[-74.01618453437295,40.634147809966976],[-74.01613406683865,40.63392868485583],[-74.0161064248953,40.63370824209322],[-74.01610144300595,40.633488524729486],[-74.01612995805846,40.63326402123337],[-74.0161346617863,40.63323971887968],[-74.01615691028293,40.633124771055115],[-74.01621596169306,40.632819639438026],[-74.0162509912821,40.6326983620649],[-74.01635195598307,40.63234884728364],[-74.016385640441,40.632245613218146],[-74.01650462837523,40.63188094225209],[-74.0165202760718,40.631837979140506],[-74.01658124076424,40.631670596568355],[-74.01667381154517,40.63141642940028],[-74.01699572995919,40.630582212938094],[-74.0170384945062,40.630457586762596],[-74.0172329556587,40.62989087412505],[-74.01751444055509,40.62907053600985],[-74.01752337825582,40.6290444881324],[-74.01772147041574,40.628496573088476],[-74.01782202063349,40.62821780276498],[-74.01794642928571,40.627872882611584],[-74.01799364721106,40.627742102356166],[-74.0180139188142,40.62768595613762],[-74.01807992334412,40.62750315323694],[-74.01834900131375,40.62689625305969],[-74.01858782341631,40.626324736655114],[-74.01868219687412,40.626098894858316],[-74.01877560794574,40.62586363685011],[-74.01898345862676,40.62541158682278],[-74.01919007816649,40.62496219243585],[-74.01958196495558,40.62426700596431],[-74.01977646873439,40.623997943140864],[-74.01980099503005,40.62396401602608],[-74.02001497722152,40.62367818969121],[-74.02019817886723,40.62343347723421],[-74.02022400332828,40.62339898371941],[-74.02065203744975,40.62290299086834],[-74.02074777209656,40.62278804153473],[-74.02101725483436,40.62246446791731],[-74.0211113073394,40.62235153613185],[-74.02120064391093,40.62224491628144],[-74.02112945930728,40.62225212960559],[-74.02109701194306,40.62225541711808],[-74.02097461532125,40.62227607051394],[-74.02067901763262,40.62232595080475],[-74.02058200561427,40.62234301443306],[-74.02008667268495,40.62242095215935],[-74.02013741252969,40.62234354114194],[-74.02035701583003,40.62212299691824],[-74.02042409907732,40.62216331036637],[-74.0206082815107,40.6219261742004],[-74.0206233103417,40.62180625156354],[-74.01999892578114,40.62145136823833],[-74.01815162013119,40.6203364438377],[-74.01756994176814,40.62089820698315],[-74.01716386615648,40.620652173062446],[-74.01536728802049,40.619563617723486],[-74.01316381314865,40.61823617216214],[-74.01096176065924,40.61690634418091],[-74.00876039994887,40.615575823945754],[-74.00848958746204,40.61541210254613],[-74.00655990589483,40.614245432711],[-74.00714249336504,40.61368504882018],[-74.00743564969683,40.61340366207503],[-74.00772262515183,40.61312820082229],[-74.0079727458036,40.612887123870614],[-74.00830383413297,40.612568000548116],[-74.00790037114429,40.6123234333997],[-74.00710425967638,40.6118913295636],[-74.00601438422677,40.61132508194422],[-74.00342538921281,40.60996909393533],[-74.00422733044661,40.6091953919524],[-74.00485480279139,40.608594080323975],[-74.00662477201024,40.60689503184459],[-74.00713430500016,40.60640408299717],[-74.00836913329022,40.6052175974094],[-74.00762562364537,40.604768298023885],[-74.00691045885694,40.60433829078655],[-74.00617188296305,40.603886558018694],[-74.00558707890458,40.60357161266762],[-74.00463512734444,40.60307864673423],[-74.00385345873858,40.602667919570685],[-74.00306728787257,40.602260196519836],[-74.00231503445558,40.60186564959204],[-74.00154542211209,40.60144199379731],[-74.00083835303036,40.60095736770751],[-74.00016287532758,40.60049194425116],[-73.99945533028676,40.600005769680145],[-73.99874980419459,40.599520013092764],[-73.99807105897182,40.599055477876966],[-73.99733919609977,40.598551612288695],[-73.99660830132244,40.598045608224176],[-73.99593213777905,40.5975791693149],[-73.99522558779391,40.597093328785874],[-73.9945230177277,40.59660773554051],[-73.99384532404682,40.59614063537289],[-73.99313419709107,40.59566104089721],[-73.99238931277299,40.59521084868346],[-73.9916767351121,40.59477982852278],[-73.99093182342955,40.594332788264],[-73.99256528977988,40.5927618984135],[-73.99182154056336,40.59231268502412],[-73.99110649228922,40.59188087548434],[-73.99036425110995,40.591431931676375],[-73.98962150098922,40.59098199324496],[-73.98798856406897,40.592552777913305],[-73.98601936824294,40.5944460489591],[-73.98467794058092,40.59365864984103],[-73.98463965435978,40.593552176042564],[-73.98412888501569,40.59361066748516],[-73.9840704035915,40.593617364918636],[-73.9836676641563,40.593663481955936],[-73.98354622426918,40.59367651063642],[-73.98344124422076,40.59368777295537],[-73.98303296905159,40.59373029346799],[-73.98273908911408,40.593763101011966],[-73.98179117900911,40.59387063095434],[-73.9811089684763,40.59394677628461],[-73.9807101319401,40.59399722863558],[-73.97995443517667,40.59407381160415],[-73.97902760794658,40.59417198300423],[-73.97851483477453,40.59423101989778],[-73.97841213617859,40.59424306845146],[-73.97810488317306,40.594277325332904],[-73.97764577590502,40.59432826048103],[-73.97710469944808,40.594388327604264],[-73.97610702564643,40.594499518873526],[-73.97589704122277,40.59338612192136],[-73.97550443595252,40.59342734591838],[-73.97569271476878,40.59210026717864],[-73.97491274708094,40.592191376860384],[-73.97389008165705,40.592304416920136],[-73.97419290266315,40.59010618999119],[-73.97398832314185,40.59013518439678],[-73.97297571022096,40.590240494838355],[-73.97207740535839,40.590340219999725],[-73.9711510183131,40.590442444533274],[-73.97022337736277,40.59054017584359],[-73.96929959284104,40.59064758941718],[-73.96837100027115,40.59074946610874],[-73.96787702167636,40.59080375666454],[-73.96744527544199,40.590851209791346],[-73.96651951178761,40.59095287346441],[-73.96542523857673,40.59107142837322],[-73.96528827873111,40.591086610301126],[-73.96514385192519,40.5911019156155],[-73.96530164444341,40.59035823011319],[-73.96546500652602,40.58964333626497],[-73.96564091958845,40.588887174538215],[-73.96581402658354,40.58813321835088],[-73.96597498444326,40.58743213587769],[-73.9661502283122,40.58666882387064],[-73.96633012774562,40.585898751421546],[-73.96636486779813,40.58575124444172],[-73.96643740845936,40.58541469427097],[-73.96649796238596,40.585142492943106],[-73.96653588853447,40.58495780686531],[-73.96660079839903,40.58464174151395],[-73.96661531603343,40.58457084645538],[-73.96670866289827,40.584239302035655],[-73.96674664164026,40.584055352012484],[-73.96676128932924,40.58398439213544],[-73.96677678374094,40.58391498951922],[-73.96681375454494,40.58375771471717],[-73.96691975150385,40.583352473042055],[-73.966936621364,40.58327775508794],[-73.96701115990263,40.582947623608625],[-73.96707277553038,40.58266981283369],[-73.9670895605446,40.58259579376094],[-73.96733404016216,40.581517522296004],[-73.96751548657973,40.58154401273555],[-73.96759899321236,40.58155620297412],[-73.96838768870549,40.581659420795155],[-73.97033591010323,40.581914368790365],[-73.97113424654115,40.58201882620848],[-73.97181558024711,40.57986141157407],[-73.97183330799615,40.57980527713271],[-73.9725500223223,40.579848549910956],[-73.9746524198116,40.579972622661316],[-73.97477476991872,40.579961315886706],[-73.97486591996778,40.579952892713806],[-73.97613566920947,40.57983523044317],[-73.97621147435825,40.57982711428402],[-73.97627721560545,40.57982043725324],[-73.97710904181393,40.57971288388608],[-73.9778469576346,40.579636609976916],[-73.97875740867916,40.57953694474986],[-73.97961058513863,40.57944363112479],[-73.97961624771783,40.578405877996325],[-73.97961051649636,40.57758843291628],[-73.97963446398286,40.57597616098495],[-73.9796385035356,40.575536730754344],[-73.97877963922902,40.57549604289011],[-73.97786798901821,40.5754304648356],[-73.97668422819254,40.57531216843452],[-73.97659181784714,40.57530307858806],[-73.97652549469879,40.575296554522176],[-73.97602252513107,40.575227234515886],[-73.97552081768946,40.57515278856953],[-73.97502046225387,40.57507323002052],[-73.9745215485244,40.57498857291305],[-73.97402416581917,40.57489883262305],[-73.97352840324041,40.574804025227806],[-73.97336342996154,40.57477366592307],[-73.97328127412834,40.57475798651813],[-73.9729416837291,40.57468682977771],[-73.97259632459698,40.57462946453702],[-73.97224664972913,40.57458629031824],[-73.97189416974085,40.574557532946486],[-73.97154043240226,40.57454333383947],[-73.97118697257777,40.574543687004535],[-73.97083532518815,40.574558456967495],[-73.97056299852073,40.57458806871849],[-73.97029293201501,40.574631386335625],[-73.97002691137124,40.57468823087649],[-73.9697666468097,40.574758232578866],[-73.96951380514955,40.57484084242707],[-73.96941842745512,40.57489139173284],[-73.96932305049616,40.57494193878154],[-73.96914386412776,40.575055167735144],[-73.96897818197834,40.57517933219572],[-73.96888995877943,40.57526123899415],[-73.96883249994856,40.57524150100494],[-73.96853345861894,40.57513876039901],[-73.96840165964288,40.57508536757202],[-73.96825878883482,40.575045488991044],[-73.96810857702945,40.575020898950875],[-73.96795533435319,40.57501255371107],[-73.96780353615704,40.57502045417892],[-73.96765743523478,40.57504368249044],[-73.9675670729142,40.57488152694914],[-73.96675354107164,40.57483291789092],[-73.96641923660034,40.57481347177078],[-73.96608438861864,40.57480056201599],[-73.96574921686327,40.57479419709836],[-73.96541394143904,40.57479438072733],[-73.9650787821913,40.57480111324344],[-73.96474395906061,40.5748143902286],[-73.96286117998778,40.57498014075899],[-73.9610334283569,40.5750763238591],[-73.95941778288545,40.57517798313923],[-73.95939182247403,40.57391210975241],[-73.95934696691893,40.569517039140926],[-73.95928127021135,40.563078887340815],[-73.99708582402207,40.55725868966409],[-74.02366022634378,40.55305588300083],[-74.02501649923337,40.55282663016387],[-74.03637295003907,40.551012050671375],[-74.03586487080985,40.558970460928535],[-74.03505240985253,40.57287190723241],[-74.0345417390644,40.576293536519415],[-74.03732162923123,40.58694697348232],[-74.03787623561931,40.589201152798935],[-74.03602335411951,40.58890246937841],[-74.03465591604562,40.58868201793392],[-74.02188352015347,40.60058373448393],[-74.01694659620378,40.59976050843789],[-74.01472837011984,40.60206591134261],[-74.0146573302403,40.602135937371045],[-74.01446024571244,40.60237624195669],[-74.0144704603579,40.60243381439141],[-74.01447353866564,40.60247044005293],[-74.01452089665703,40.60281266301776],[-74.01356337940096,40.602584876276985],[-74.01336275759337,40.60279636974378],[-74.01323305637847,40.602933093180326],[-74.01149995018046,40.60476006025161],[-74.01000020395938,40.6062041596873],[-74.00825259705552,40.60788106107438],[-74.00648905850503,40.60958106086126],[-74.00731150475744,40.61007747840623],[-74.00805105376958,40.6105239521446],[-74.00876602097959,40.61095619508346],[-74.00951152113721,40.611406153084],[-74.01025069850942,40.611853369705884],[-74.01096993657895,40.61228740948692],[-74.01171201555734,40.61273502918756],[-74.01108648104108,40.61333904369968],[-74.01050403587416,40.61389661199509],[-74.00992371993073,40.61445664314814],[-74.00934164498157,40.61501509553728],[-74.01154347199531,40.61634493773822],[-74.01374808840544,40.61767659532029],[-74.01594933984538,40.619004873406894],[-74.01652978734889,40.61844703585425],[-74.0171110276122,40.61788752093588],[-74.01769159650473,40.61732594840684],[-74.01832578970323,40.616726052033144],[-74.01984163966107,40.61764397525457],[-74.02052608694457,40.61805784497674],[-74.02121548264651,40.618471985279264],[-74.02200366499811,40.61893867579001],[-74.02287598743487,40.61946614790884],[-74.02293270340299,40.619504625180724],[-74.02318505145092,40.61967585283677],[-74.02351750285276,40.61927778224579],[-74.02367769684693,40.61908596521868],[-74.0240039230228,40.618716153742604],[-74.02411845764121,40.61858631536641],[-74.02429696747419,40.618383952535915],[-74.0244850334826,40.61815798123545],[-74.02449182643193,40.61815021683713],[-74.02498256212598,40.61758693304525],[-74.02499393805607,40.61757189184285],[-74.02524348876071,40.61727645044509],[-74.02558801479394,40.61683092191097],[-74.0260920540643,40.61622816958434],[-74.02614701568133,40.61616680383486],[-74.02627656245346,40.61602216203119],[-74.02642558072407,40.615847300431405],[-74.02661661008065,40.61564322662088],[-74.02665112392948,40.61545531554836],[-74.0268512511768,40.61516719249887],[-74.02699350116102,40.614981570509094],[-74.02723320357539,40.61470098398644],[-74.02762741250123,40.614255979222975],[-74.02771873782864,40.61414941588845],[-74.02785946934772,40.61398886420931],[-74.02808880407459,40.61371805972782],[-74.02818379972132,40.613603399620786],[-74.02868311238768,40.612953380320775],[-74.02874956791189,40.61286536177703],[-74.02892473285023,40.61247770295533],[-74.0289466782121,40.61244980855367],[-74.02913136584412,40.61221505468857],[-74.02923379526021,40.612095674399335],[-74.02934310495417,40.61197989205135],[-74.02945907854053,40.61186793820215],[-74.02958148454013,40.61176003498124],[-74.02971500131751,40.611651168085544],[-74.02985450831312,40.61154675485917],[-74.02999974995534,40.61144698656285],[-74.0301504601716,40.61135204594797],[-74.03018109309704,40.61133477036398],[-74.03037187116927,40.61122729358565],[-74.03056756588916,40.611125080025765],[-74.03076792735979,40.611028260197],[-74.03097269972886,40.610936957724434],[-74.03118162151529,40.61085128918771],[-74.03139442594292,40.61077136397241],[-74.03161084128112,40.61069728413038],[-74.03168478453624,40.61067684567535],[-74.03218042435367,40.610513614505194],[-74.03268156207943,40.61036045683424],[-74.03281702885396,40.61032280412861],[-74.03295222200916,40.61028113349412],[-74.0331456392176,40.61022748804167],[-74.03354242742105,40.6101009228989],[-74.03444464220135,40.60981313328035],[-74.03483935626696,40.60968273003926],[-74.03498838208205,40.60963566859859],[-74.03504956717764,40.60961546036859],[-74.03509032550592,40.60960201261023],[-74.03525978733708,40.609546109767514],[-74.0357344518362,40.60938952460268],[-74.0359960990539,40.60930907042157],[-74.0360397771197,40.609295639002106],[-74.03608058166905,40.60934688638749],[-74.03611335567324,40.60939472840673],[-74.0406421709763,40.60796282710185],[-74.04106749795694,40.607828336739296],[-74.04147795141404,40.60769854718019],[-74.04195984919421,40.607528735217585],[-74.04227841352811,40.6074270731007],[-74.04252272446857,40.60734910643188],[-74.04326342510694,40.607112723799204],[-74.04388942485573,40.60691293977066],[-74.04644311547098,40.61075134623526],[-74.0474892630543,40.61233098164059],[-74.0480655585538,40.61324022375554],[-74.04906155737615,40.61482391629057],[-74.04996267761109,40.61625667425286],[-74.05235184918668,40.620133622308884],[-74.05352244692254,40.62209079628903],[-74.05534110428691,40.62513123369629],[-74.05661769631611,40.62728407105266],[-74.05646822584012,40.6317466905475],[-74.05630148788677,40.637058572747726],[-74.05623556634045,40.63813939564073],[-74.05619414135846,40.63927748304838],[-74.0557857330501,40.63919491830787],[-74.05529122447936,40.639094945121116],[-74.05448380785174,40.63893170761743],[-74.05364411316111,40.63876193768575],[-74.05273230521983,40.638577579862556],[-74.05177123643935,40.63838325363846],[-74.0384323056841,40.63568518863956],[-74.03816058598164,40.63624398008183],[-74.03783376084655,40.63691608282807],[-74.03745424937442,40.637696515307255],[-74.03716802527984,40.6382850970721],[-74.03680662048852,40.638984221545535],[-74.03672484374883,40.63914119020673],[-74.036606414452,40.63936301857943],[-74.03647949175358,40.63958210447148],[-74.03634418486253,40.639798259230076],[-74.0362006102107,40.64001129672458],[-74.03608560952007,40.64017159149762],[-74.03596592749608,40.640329885345785],[-74.03584162407432,40.64048609895337],[-74.0357127615073,40.64064015404653],[-74.03598039381285,40.64094594957128],[-74.03635055368811,40.64115438360942],[-74.03673986629568,40.64147636545876],[-74.03670307935091,40.641685619371216],[-74.03445193181336,40.64382678617976],[-74.03453829739405,40.64387638151007],[-74.03407329294261,40.64431393296395]]]]},"properties":{":id":"row-pih7.r2ts_htjr",":version":"rv-euhq.vjmy-47pw",":created_at":"2025-11-24T21:48:59.646Z",":updated_at":"2025-11-24T21:48:59.646Z","coun_dist":"47","shape_leng":"144933.046886","shape_area":"384222552.354"}},
{"type":"Feature","geometry":{"type":"MultiPolygon","coordinates":[[[[-74.00052510817879,40.636455672700556],[-74.00124054682556,40.63597757300837],[-74.00196019018837,40.63549941499149],[-74.00267254139081,40.63501877520344],[-74.00338868207218,40.634538356526235],[-74.00117792985864,40.633210287175835],[-74.00176327019531,40.63264510463957],[-74.00234722884555,40.63208450303418],[-74.00295138904639,40.63150351018483],[-74.00355410834968,40.63092293801621],[-74.0013491339104,40.62959800572493],[-73.99914908239039,40.62826312502759],[-73.99695300598273,40.62693130980318],[-73.99678847531307,40.62682605141277],[-73.99507814869848,40.62580673783715],[-73.99464972974172,40.62569717922159],[-73.9947348567926,40.625614741106034],[-73.99489280561376,40.62546179419174],[-73.99432497413301,40.62534290879746],[-73.99398197149371,40.625141399050584],[-73.99254973616581,40.62427426877925],[-73.99009356051286,40.622788953343075],[-73.9878509553418,40.621435032440665],[-73.98569357824172,40.62013151495022],[-73.98348872630562,40.61880002426247],[-73.98273635866909,40.61834597947208],[-73.9812863830633,40.617470905421015],[-73.97905795856794,40.616125836595245],[-73.97963821772845,40.61556454722809],[-73.9774081645899,40.614218112990315],[-73.9779915521972,40.613657381935916],[-73.97857353449402,40.61309940230658],[-73.97920804549962,40.61249723256921],[-73.97954398743842,40.61270748419052],[-73.97918101337851,40.61073872640797],[-73.97869929621817,40.60818766743928],[-73.97829241610313,40.60604350377292],[-73.97808021193832,40.60491846872815],[-73.97782838533224,40.603585477542616],[-73.9774582045232,40.60163437873259],[-73.97738772569075,40.6012628730879],[-73.9769349750798,40.59886941908221],[-73.97650934506564,40.59661610946469],[-73.97641278790137,40.59612051368048],[-73.97622032648569,40.5951013884442],[-73.97610702564643,40.594499518873526],[-73.97710469944808,40.594388327604264],[-73.97764577590502,40.59432826048103],[-73.97810488251358,40.59427732583537],[-73.97841213551928,40.594243068451355],[-73.97851483477453,40.59423101989778],[-73.9790276079464,40.59417198350684],[-73.9799544345172,40.594073812106615],[-73.98071013128079,40.59399722863546],[-73.98110896781698,40.59394677628448],[-73.98179117900911,40.59387063095434],[-73.98273908911408,40.593763101011966],[-73.98303296905146,40.59373029397058],[-73.98344124422063,40.593687773457965],[-73.98354622426918,40.59367651063642],[-73.9836676641563,40.593663481955936],[-73.9840704029322,40.593617364918536],[-73.98412888501569,40.59361066748516],[-73.98463965435978,40.593552176042564],[-73.98467793992161,40.59365864984095],[-73.98601936824284,40.59444604946169],[-73.98798856340966,40.59255277791324],[-73.98962150098922,40.59098199324496],[-73.99036425110995,40.591431931676375],[-73.99110649228922,40.59188087548434],[-73.99182154056336,40.59231268502412],[-73.99256528977982,40.59276189891611],[-73.99093182342955,40.594332788264],[-73.99167673445277,40.594779828522746],[-73.99238931277299,40.59521084868346],[-73.99313419709107,40.59566104089721],[-73.99384532338748,40.596140635372855],[-73.9945230177277,40.59660773554051],[-73.99522558779391,40.597093328785874],[-73.9959321371197,40.597579169314876],[-73.99660830066308,40.598045608224155],[-73.99733919609977,40.598551612288695],[-73.99807105897182,40.599055477876966],[-73.99874980419459,40.599520013092764],[-73.99945533028676,40.600005769680145],[-74.00016287532758,40.600491944753756],[-74.00083835237098,40.60095736770752],[-74.00154542211209,40.60144199379731],[-74.00032353820895,40.602620292372514],[-74.00002266096661,40.60290731622918],[-73.99825418891972,40.60460856005419],[-73.99762947031648,40.6052098991024],[-73.99704340379166,40.605769163481824],[-73.99646484131412,40.60632749796727],[-73.99588192163932,40.60688666632845],[-73.99530287947384,40.60744494982059],[-73.99471921926434,40.60800468815754],[-73.99692222496103,40.6093346949911],[-73.99888399613688,40.61051761883796],[-74.00107298910451,40.61183051682479],[-74.00091116934765,40.61238795852036],[-74.00073817547593,40.612554726767975],[-74.00015898164123,40.61311037739683],[-73.99957943717793,40.613669412173905],[-73.99899969373016,40.61422828149239],[-73.9983730844625,40.61483178477098],[-73.99774601427242,40.61543577092392],[-73.99970876023524,40.61662028439948],[-73.99948826532751,40.61740451097099],[-73.99942566586972,40.61762759593364],[-73.99927191284505,40.61817725499145],[-73.99902697028975,40.61802902785747],[-73.9984567094823,40.61859534963484],[-73.99787125261821,40.619154158120686],[-73.99728485251016,40.61971135211083],[-73.99769272515339,40.61995732127816],[-73.99859543264101,40.620501690681145],[-73.99887237154634,40.62066910407643],[-73.99949149883219,40.621043370129584],[-74.00169380090706,40.62237242731967],[-74.00210159152826,40.62261898957691],[-74.00345080881532,40.62343474073386],[-74.003892174134,40.62370158735015],[-74.00592903614748,40.62493226937658],[-74.00609560930938,40.625032909904824],[-74.00650686195256,40.62528081544511],[-74.00790301400099,40.62612239598497],[-74.00829968834398,40.626361498484144],[-74.0105002967746,40.627692799619204],[-74.01001403651098,40.62816137526154],[-74.00991975501019,40.62825238969077],[-74.00933768963604,40.62881224647408],[-74.00875385418286,40.62937122591171],[-74.00812858492674,40.62997381064249],[-74.00750218185077,40.630576542447876],[-74.0069209158721,40.63113383031544],[-74.00633870652992,40.63169362668363],[-74.00702302486354,40.63210999547639],[-74.00853704044069,40.63302816138392],[-74.01074220090473,40.634356548825586],[-74.01069699178768,40.63439791533518],[-74.01060157041171,40.634485228154574],[-74.01050383686189,40.63457909683201],[-74.01027592444945,40.63480035611593],[-74.01016057280088,40.6349123382514],[-74.01236365188245,40.63624213559813],[-74.01294381978263,40.63568596570456],[-74.01514575030541,40.63701460961415],[-74.01456685461935,40.63757090831669],[-74.01396088612057,40.63815326741949],[-74.01335669051934,40.63873530913628],[-74.0127753791903,40.63929563274217],[-74.01219490810297,40.63985478242843],[-74.01161110634612,40.64041592860223],[-74.01102885538931,40.64097590194431],[-74.01044697221042,40.641535456631345],[-74.00986340038615,40.64209686402796],[-74.00928151062453,40.64265634138009],[-74.00869904268725,40.64321665410811],[-74.00811636298505,40.64377628755322],[-74.00753265816148,40.64433681016618],[-74.00695078858615,40.64489723903702],[-74.00474646711004,40.64356697977728],[-74.00254486979036,40.64223575962075],[-74.00034122132611,40.64090531617321],[-74.00092541773434,40.640345902028784],[-74.00150771254626,40.63978496207334],[-74.0020907543513,40.639225254308236],[-74.00236943480249,40.63895767781398],[-74.00267214342665,40.638667010972604],[-74.00046944836457,40.637336317476475],[-73.999807422987,40.63693549714179],[-74.00052510817879,40.636455672700556]]]]},"properties":{":id":"row-ufm2.fpfb-v3jd",":version":"rv-ehuq_8pvq~ih4m",":created_at":"2025-11-24T21:48:59.646Z",":updated_at":"2025-11-24T21:48:59.646Z","coun_dist":"43","shape_leng":"58169.1085083","shape_area":"75477510.833"}},
{"type":"Feature","geometry":{"type":"MultiPolygon","coordinates":[[[[-73.98803983879293,40.638946822975974],[-73.98583675412759,40.637615426996526],[-73.98363416999221,40.63628460903255],[-73.98143157832752,40.634955117211675],[-73.97897292672504,40.633476644436584],[-73.97870463020467,40.63332433555015],[-73.97865137446766,40.63304465096831],[-73.97761642237326,40.63315364240383],[-73.97716511994669,40.63074665412938],[-73.97707099023503,40.63025228089265],[-73.97699848928177,40.629871496628006],[-73.9768496430902,40.629088581478435],[-73.97669604371897,40.62835456471139],[-73.97657775689153,40.62757318681899],[-73.97653344961586,40.627377605481776],[-73.97651462034216,40.62729449049379],[-73.97650131886694,40.627235842687455],[-73.97644970441577,40.62700825547303],[-73.97623453682755,40.62597635073027],[-73.97563580928465,40.62603520874363],[-73.97507611264214,40.62611376711569],[-73.97414911512986,40.62621489784491],[-73.97322001001015,40.62631854258537],[-73.97229894843689,40.62643116816193],[-73.97119209843841,40.62654269641986],[-73.97108160338057,40.62655370831829],[-73.97092126268777,40.62656998550554],[-73.97066323798003,40.62659864693747],[-73.96955129451278,40.62672213422195],[-73.96847713511666,40.6268409921324],[-73.96755228056041,40.626943222686116],[-73.96662280196047,40.62704412181841],[-73.96562565071174,40.62715522202192],[-73.96462713619655,40.62726545725326],[-73.96370020198677,40.627366657540335],[-73.96277422261093,40.62746892100388],[-73.96184657346146,40.62757081760884],[-73.96146409808065,40.62761361793187],[-73.96128516569638,40.62763363931383],[-73.96114276877218,40.6276494857268],[-73.96091777241755,40.627674514976945],[-73.9599556505587,40.62777867254041],[-73.95899416231248,40.62788559454292],[-73.95805293080656,40.62797111863177],[-73.95684697346559,40.62811987905431],[-73.95639327405581,40.62572997232119],[-73.95594076577467,40.62334016063696],[-73.95549070038507,40.62095009671464],[-73.95503698181047,40.618557804042624],[-73.95400311147512,40.618672670773414],[-73.9530769645883,40.61877421783305],[-73.95214849968484,40.6188753507115],[-73.95122150866621,40.61897775579928],[-73.95025641221052,40.61908280147577],[-73.94929579163282,40.619187770829846],[-73.9483691217041,40.61929125975406],[-73.9479171940691,40.61689975948348],[-73.94884639320354,40.616799066180434],[-73.9498115901566,40.61669279768627],[-73.9507716894711,40.61658753664308],[-73.95169932148822,40.616486189532154],[-73.95262787234404,40.616383501784355],[-73.95355393995223,40.61628096032945],[-73.95458660176615,40.616169392607766],[-73.95578652571822,40.61603654626587],[-73.95672887967943,40.61593240067306],[-73.95769451141982,40.61582820935121],[-73.95865526099095,40.61572147797296],[-73.95902706972818,40.61567716953963],[-73.9595835066942,40.61561981532857],[-73.96051086374662,40.615517910007625],[-73.96143603235551,40.6154143853456],[-73.9623639738088,40.61531358235325],[-73.96336094023259,40.615204428336206],[-73.96285974027433,40.612549485964685],[-73.96238548448231,40.60998599335277],[-73.96234308963031,40.609797971405456],[-73.96196552534877,40.60784311379084],[-73.96188567970039,40.6073363003089],[-73.96173196732155,40.60535796505376],[-73.961822550375,40.60534790925882],[-73.9625492531915,40.605269433480515],[-73.96341287927277,40.60517471646935],[-73.96434217794676,40.605071160288794],[-73.96433343551477,40.60502349254104],[-73.96391167572855,40.60274959664694],[-73.96498563342679,40.60263003447707],[-73.96608312805056,40.60249904876046],[-73.96636900534706,40.602467632943295],[-73.96590395464413,40.60008474503945],[-73.96548618245185,40.597833094005374],[-73.96506098465007,40.5957071733944],[-73.9648346902077,40.59443469305995],[-73.96463908033704,40.59332315402809],[-73.96479382480837,40.59258070195755],[-73.96495691609134,40.591861917861635],[-73.96514385192519,40.5911019156155],[-73.96528827873111,40.591086610301126],[-73.96542523857673,40.59107142837322],[-73.96651951178761,40.59095287346441],[-73.96744527544173,40.590851210293934],[-73.96787702167636,40.59080375666454],[-73.96837100027115,40.59074946610874],[-73.96929959284081,40.59064758991978],[-73.97022337736277,40.59054017584359],[-73.9711510183131,40.590442444533274],[-73.97207740535818,40.59034022050231],[-73.97297571022096,40.590240494838355],[-73.97398832314185,40.59013518439678],[-73.97419290200388,40.590106189991054],[-73.97389008165705,40.592304416920136],[-73.97491274708074,40.59219137736298],[-73.97569271476878,40.59210026717864],[-73.97550443595252,40.59342734591838],[-73.97589704122277,40.59338612192136],[-73.97610702564643,40.594499518873526],[-73.97622032648569,40.5951013884442],[-73.97641278790137,40.59612051368048],[-73.97650934506564,40.59661610946469],[-73.9769349750798,40.59886941908221],[-73.97738772569092,40.60126287258533],[-73.97745820452337,40.60163437822999],[-73.97782838533242,40.60358547704002],[-73.97808021193832,40.60491846872815],[-73.97829241610313,40.60604350377292],[-73.97869929621817,40.60818766743928],[-73.97918101337851,40.61073872640797],[-73.97954398743842,40.61270748419052],[-73.97920804549962,40.61249723256921],[-73.97857353449402,40.61309940230658],[-73.9779915521972,40.613657381935916],[-73.9774081645899,40.614218112990315],[-73.97963821772845,40.61556454722809],[-73.97905795856794,40.616125836595245],[-73.9812863830633,40.617470905421015],[-73.98273635866909,40.61834597947208],[-73.98348872630562,40.61880002426247],[-73.98569357824172,40.62013151495022],[-73.9878509553418,40.621435032440665],[-73.99009356051286,40.622788953343075],[-73.99254973616581,40.62427426877925],[-73.99398197149371,40.625141399050584],[-73.99432497413301,40.62534290879746],[-73.99489280561376,40.62546179419174],[-73.9947348567926,40.625614741106034],[-73.99464972974172,40.62569717922159],[-73.99507814869848,40.62580673783715],[-73.99678847531307,40.62682605141277],[-73.99695300598273,40.62693130980318],[-73.99914908239039,40.62826312502759],[-74.0013491339104,40.62959800572493],[-74.00355410834968,40.63092293801621],[-74.00295138904639,40.63150351018483],[-74.00234722884555,40.63208450303418],[-74.00176327019531,40.63264510463957],[-74.00117792985864,40.633210287175835],[-74.00338868207218,40.634538356526235],[-74.00267254139081,40.63501877520344],[-74.00196019018837,40.63549941499149],[-74.00124054682556,40.63597757300837],[-74.00052510817879,40.636455672700556],[-73.999807422987,40.63693549714179],[-74.00046944836457,40.637336317476475],[-73.9998892120681,40.63789602752643],[-73.99930444893414,40.63845587698614],[-73.99872187473305,40.6390160931975],[-73.99765783408338,40.63837414171827],[-73.99694186991746,40.63885246323715],[-73.99622742149047,40.639331193113264],[-73.9955103369627,40.63980966713007],[-73.99479539473393,40.64028848788699],[-73.99433124126968,40.640600287952935],[-73.99407692009133,40.64077040176039],[-73.9933625360505,40.641247798978],[-73.9926445605762,40.64172829094649],[-73.99024413605389,40.64027520619963],[-73.98803983879293,40.638946822975974]]]]},"properties":{":id":"row-nf8r-vj2h~7qhz",":version":"rv-uiwy-8hp7~dj8r",":created_at":"2025-11-24T21:48:59.646Z",":updated_at":"2025-11-24T21:48:59.646Z","coun_dist":"44","shape_leng":"62842.4834609","shape_area":"99194857.7239"}},
{"type":"Feature","geometry":{"type":"MultiPolygon","coordinates":[[[[-73.83896625945873,40.89559320646656],[-73.83839199189745,40.894067008049056],[-73.83804277286059,40.89414233088523],[-73.83737956188598,40.8939247411071],[-73.83630541825231,40.893599165381126],[-73.83525790570019,40.89339164405576],[-73.83356849769021,40.89280642584278],[-73.83267808677589,40.892601826335856],[-73.83184501062838,40.892354279018186],[-73.83095773979018,40.892030158900155],[-73.83007965312716,40.891788232825604],[-73.82890564227353,40.89143945033783],[-73.82866341151,40.89136748488821],[-73.82796933607834,40.891145275105785],[-73.82722429784302,40.890910233551836],[-73.82520822808502,40.8903443503525],[-73.82391571094583,40.889974625442946],[-73.82461901678178,40.888649387781825],[-73.82392307250211,40.88782267102161],[-73.82387140581655,40.88778362843758],[-73.82385099061801,40.88776831553325],[-73.82382288878189,40.887747237327815],[-73.8239553421027,40.88767200531032],[-73.82385074939832,40.88752303955611],[-73.82380283694087,40.88743160292112],[-73.82365050919688,40.88737046173265],[-73.82356245262665,40.88728505662111],[-73.82330587172049,40.88719329994662],[-73.823073352239,40.88710767238333],[-73.82276853725591,40.8870462961864],[-73.82264423789613,40.887060250875244],[-73.82244741085519,40.88708234756139],[-73.82222287007637,40.88701500292232],[-73.82187799257017,40.88692919916566],[-73.82161365169073,40.886739974272636],[-73.82148558445353,40.88661186868047],[-73.8213882479088,40.88647418816451],[-73.82098951843312,40.88604465152665],[-73.82067835092167,40.885520711774646],[-73.82065579453334,40.88545047465302],[-73.82064930918293,40.88538245972766],[-73.82023958394329,40.88549105134818],[-73.8200544557937,40.88211412906858],[-73.82110268632299,40.87896924536169],[-73.82329599430467,40.87309741817934],[-73.82126543825758,40.869074543491976],[-73.8211161526477,40.869008137974596],[-73.8210388110453,40.86897607974808],[-73.8209760118178,40.86894978689589],[-73.82091617219076,40.868916934372045],[-73.81940759158937,40.86799927054235],[-73.81938761441864,40.86798690235929],[-73.81578764066082,40.86575806143871],[-73.81641455929812,40.86515149760706],[-73.81704573105215,40.86491245772105],[-73.81785033195848,40.86418592670899],[-73.81761651294961,40.8636263431461],[-73.81895425595273,40.862474562193775],[-73.81898208527578,40.86236979398177],[-73.81893959187086,40.86230800647891],[-73.81896237394997,40.8622394246256],[-73.81940016762073,40.861889398033604],[-73.82017222790468,40.86140456276315],[-73.82100426220582,40.861018930120046],[-73.82450575184276,40.859764021968985],[-73.8244401207449,40.859501384488],[-73.82632571111324,40.859297997396794],[-73.82682968435856,40.85914007080006],[-73.82699653234849,40.859087785903185],[-73.82708980801657,40.859058552327085],[-73.82716222926729,40.85904429737506],[-73.82716619809686,40.85905591068914],[-73.82721769473343,40.85920657704238],[-73.82728623200035,40.85939999758899],[-73.827391077723,40.859665835188316],[-73.82749933622455,40.859951227938524],[-73.82759107994585,40.860078551403966],[-73.82802070058545,40.86064153970754],[-73.82826796632443,40.86083733366478],[-73.82834347497577,40.86089202667585],[-73.82840758975843,40.860948301200956],[-73.82954731157693,40.862164087768136],[-73.83081688208388,40.86242982661702],[-73.83159620031942,40.86264470442442],[-73.83578436723768,40.86501601200059],[-73.83600943383057,40.865132615874806],[-73.83618601376541,40.86522409938253],[-73.83678824263295,40.86554590663199],[-73.83697021129962,40.865643136401836],[-73.837843801693,40.86609918752067],[-73.8387522352112,40.866572776962464],[-73.83922085407514,40.86682084024309],[-73.83954475735611,40.86698673838348],[-73.83974233401746,40.86708793061997],[-73.84064364768109,40.86755417556981],[-73.84122362597833,40.867858151352465],[-73.84160124332217,40.8677831373079],[-73.84281070872048,40.867542405771125],[-73.84321346439113,40.86744456600575],[-73.84429247401457,40.867465991478134],[-73.8452335493112,40.867484493153036],[-73.84617439882452,40.867503418390875],[-73.84719833787422,40.86755482791104],[-73.84809531091354,40.86651439789256],[-73.84854507914466,40.86652325454756],[-73.84878722520028,40.86623157112898],[-73.84896329095636,40.86632992760867],[-73.84906988628794,40.866385213047465],[-73.84913717015355,40.866420114704695],[-73.84934396617882,40.866531216570074],[-73.84905105892867,40.86682010746852],[-73.84903154016716,40.86755399933384],[-73.85000282489655,40.86757493339511],[-73.85094298285955,40.8675911351278],[-73.85188315592112,40.867606007126376],[-73.85281837468493,40.8676244114427],[-73.85375608708664,40.867641938040705],[-73.85469652954102,40.86765924518834],[-73.85570738059482,40.86767827999131],[-73.85672029651138,40.867697472172225],[-73.85766170193594,40.86771416951349],[-73.85860157215193,40.867733452728494],[-73.85954603102662,40.86774257459982],[-73.86047954252933,40.86776278932403],[-73.86149826078223,40.86778221561742],[-73.8616932366559,40.86779377789602],[-73.86203049133643,40.867798303206875],[-73.86250362888659,40.86780465102075],[-73.8634449648352,40.86782165339411],[-73.8643847483308,40.86783855747583],[-73.86532462338698,40.86785733412179],[-73.86581341653257,40.86786635946582],[-73.86626413354513,40.86787467103623],[-73.86634232799064,40.86544947240564],[-73.86736051017337,40.86542917989668],[-73.86836897947354,40.86540798414172],[-73.86912606288215,40.86539361830764],[-73.87039445592173,40.86536175407602],[-73.87042127567348,40.86536107993024],[-73.87045509057094,40.86663286876311],[-73.87049186989518,40.86795083049056],[-73.87049783458576,40.868176654964486],[-73.87049958091374,40.86824277610987],[-73.87051057057941,40.868658834864505],[-73.87051473333074,40.86881643284634],[-73.87051629780373,40.868875665733725],[-73.87052621665914,40.86925117679464],[-73.87052897324646,40.869355532847145],[-73.87053320083079,40.86951558023575],[-73.87053494722683,40.86958170253734],[-73.87053738652396,40.86967403141299],[-73.87056192524565,40.87151077895633],[-73.87037667181734,40.8732843726646],[-73.87031310874129,40.875340621459145],[-73.87031508399559,40.87561752273297],[-73.87023106150767,40.87571767061419],[-73.87022368675778,40.875867486391606],[-73.87020055747489,40.87601709397251],[-73.87019106946319,40.87605325684542],[-73.87009233236388,40.87634114365293],[-73.87006973962478,40.87638728181885],[-73.87003878097237,40.8764505060977],[-73.87002612362143,40.87647926238341],[-73.8699509922208,40.87664995538253],[-73.86941751353626,40.877972822266074],[-73.86936148795124,40.87811174531962],[-73.86943447786639,40.878129091979794],[-73.86940537917393,40.87818941792904],[-73.8693725094742,40.878248617548714],[-73.8693359442063,40.878306554862505],[-73.86929576710598,40.87836309731701],[-73.86926732188155,40.87839440291567],[-73.86923698739872,40.87842466940052],[-73.86918623422282,40.87846614899053],[-73.86912851813874,40.87851887015219],[-73.86907407564989,40.87857916753053],[-73.86894382691673,40.87859185277934],[-73.86874366857339,40.87882319221159],[-73.86812877191859,40.88006655291985],[-73.8670525835034,40.88225521575131],[-73.8660523132928,40.88428704415193],[-73.86603813220455,40.884359022545866],[-73.86603809566077,40.88435919320901],[-73.86603810764092,40.88435938218841],[-73.8660406520361,40.884432981844085],[-73.86604066388631,40.88443323531955],[-73.86604073425413,40.88443347696881],[-73.86606024936965,40.88450565595909],[-73.86606028461776,40.88450579973439],[-73.86606034351716,40.884505927119925],[-73.86609568402102,40.884573621459175],[-73.86616465843805,40.88467792296509],[-73.86616476518262,40.88467807720965],[-73.86616484807128,40.884678239802696],[-73.86621798004747,40.88479001468139],[-73.86625345816195,40.88490730017107],[-73.8662700059359,40.885027300196946],[-73.86627001745478,40.88502738966737],[-73.8662700172745,40.88502747929174],[-73.86626727212004,40.88514769132445],[-73.8662457491909,40.88526544983784],[-73.86624572511339,40.88526556824841],[-73.86624567696245,40.885265693331974],[-73.86620661508445,40.88537861456535],[-73.86538049290164,40.88688347522355],[-73.86460021982448,40.888299711888095],[-73.8638085739438,40.88971589937296],[-73.86303842471291,40.89111254785966],[-73.86216599752085,40.89084011036719],[-73.86029797659751,40.890243544169145],[-73.85930109753703,40.88992422732762],[-73.85641353059529,40.88900815377143],[-73.85602979255434,40.88971351368153],[-73.85315308394975,40.88879989371763],[-73.85276559622832,40.88950643519075],[-73.85237322003998,40.890214212380684],[-73.85198097982828,40.890921411381306],[-73.84909728844899,40.89000101770923],[-73.84874153379043,40.89064771486613],[-73.84863394443056,40.890897610660524],[-73.84895037903597,40.89173853035031],[-73.84983901281885,40.89154366253959],[-73.85063761828057,40.89364333670598],[-73.84978973102625,40.89392825699855],[-73.85029785841648,40.895258186738815],[-73.85039937570029,40.89552387153272],[-73.84951432296752,40.8957182168666],[-73.84862930927535,40.89591378843],[-73.84960675624617,40.8984712561428],[-73.84872176850936,40.89866553177304],[-73.84785519050206,40.89885645718326],[-73.8469674856631,40.89905123895572],[-73.84607999548841,40.89924821978561],[-73.84514401365742,40.89945371025],[-73.84434683273759,40.89962780007012],[-73.84345709815045,40.89982407388415],[-73.84256592867675,40.90001794314931],[-73.84169359448896,40.90020878798886],[-73.84080915459364,40.900402922463854],[-73.84004474701781,40.90057495718932],[-73.83924604741745,40.89950115455175],[-73.8392182951769,40.89941841710743],[-73.83919720533173,40.899334555134544],[-73.83918285545727,40.89924987720561],[-73.83917529832826,40.899164694894324],[-73.83917456172503,40.89907932162906],[-73.83918064850396,40.89899407165234],[-73.83919353606173,40.898909258534516],[-73.83921317695322,40.898825194341995],[-73.83923949888536,40.89874218838432],[-73.83927240498365,40.89866054607622],[-73.83966433211717,40.897885515608294],[-73.83964812813,40.89733053534067],[-73.83896625945873,40.89559320646656]]]]},"properties":{":id":"row-43u5-kmbw.uwpz",":version":"rv-t6q9.gsae-fzik",":created_at":"2025-11-24T21:48:59.646Z",":updated_at":"2025-11-24T21:48:59.646Z","coun_dist":"12","shape_leng":"58158.1786928","shape_area":"131040795.381"}},
{"type":"Feature","geometry":{"type":"MultiPolygon","coordinates":[[[[-73.81940651728573,40.89026043427469],[-73.81827738033917,40.88984713103001],[-73.81760626847567,40.88967702429627],[-73.81661400947539,40.889433427505395],[-73.81601699492089,40.88932383384307],[-73.81574261438452,40.8891973369043],[-73.81533047562158,40.88908250573221],[-73.81524197077452,40.88906014858979],[-73.81516854859295,40.88903776225947],[-73.81365108430211,40.888678450074465],[-73.812281112953,40.88834348731613],[-73.81126834832965,40.88809890647547],[-73.80989822384728,40.887740542509654],[-73.80943273248698,40.887638406430675],[-73.80872106080291,40.887480598376946],[-73.8075594419275,40.88710889160099],[-73.80637968629027,40.88682937968494],[-73.80483870701917,40.886473964600576],[-73.80452614949355,40.886409248342375],[-73.80423761725199,40.88634168188357],[-73.80290946421053,40.886030680838196],[-73.80192449949922,40.88571296802439],[-73.7993020621208,40.8850690548576],[-73.79772783081258,40.88464813006708],[-73.79732759318267,40.88454106116803],[-73.79628181481759,40.88429088302023],[-73.79486901056426,40.88391531733421],[-73.79405517396096,40.883699966781066],[-73.79385527209226,40.883643310830955],[-73.79300652649343,40.883358736880425],[-73.78139937765508,40.88009378849662],[-73.77787855819426,40.87912280409819],[-73.74516110193736,40.871450708804396],[-73.75439238504612,40.85655287023918],[-73.76472195128663,40.84373200053849],[-73.7680468318398,40.839603964328354],[-73.77472390465974,40.831312138133875],[-73.77511500101939,40.8308687220091],[-73.77527155569165,40.830088487394946],[-73.7789575135439,40.81171319271116],[-73.77955573722917,40.81124714052422],[-73.78267619678364,40.805385770851984],[-73.78474510346612,40.802591615851206],[-73.78620708672425,40.80160298625512],[-73.78731570934897,40.80085327679295],[-73.78791783864507,40.80036209981097],[-73.7900200244682,40.800230396388095],[-73.79354649369876,40.80039477730559],[-73.79362906934006,40.800396297536665],[-73.79370965873807,40.80037532756918],[-73.79974532310318,40.8021988982638],[-73.80454265107596,40.80355381441378],[-73.81129983735434,40.80539727924102],[-73.81741799087855,40.80579036399558],[-73.82324381300123,40.80482456537745],[-73.82754132452317,40.80386435919867],[-73.83040449166704,40.803199190766136],[-73.8304762111241,40.803180466272224],[-73.83054793122331,40.803161733525876],[-73.83060205642522,40.80314153450026],[-73.83081953028085,40.80306037604237],[-73.8354068951616,40.802199000969956],[-73.84409447984181,40.8010620371218],[-73.8453276391617,40.803574414010605],[-73.84455437845598,40.806502200677535],[-73.84368551054294,40.81012932579703],[-73.84313484196615,40.81160252400264],[-73.84244845947414,40.8134386781267],[-73.84210531841241,40.81444393038876],[-73.83924411716184,40.82113687236537],[-73.84223293567119,40.82777331396031],[-73.84229805061267,40.82783503305488],[-73.84236255761421,40.82794302753641],[-73.84265027487221,40.8279089853403],[-73.84266998836102,40.828040052794535],[-73.84272187785834,40.8282756209145],[-73.84276131500401,40.828327724001504],[-73.84287450878664,40.82852757180959],[-73.84289527507829,40.828569176121796],[-73.84291548074067,40.82862246917874],[-73.84264592576073,40.82865532980714],[-73.84229237322884,40.82869980753216],[-73.84230753757485,40.82879946872154],[-73.84231435750092,40.82892298099688],[-73.84233077477266,40.82907396245374],[-73.84259210997124,40.82901865983685],[-73.8425311177635,40.83112048770672],[-73.84234527426415,40.83130044852194],[-73.84221334730867,40.83155050727814],[-73.841817259121,40.83172619365472],[-73.84112675262304,40.8322869822366],[-73.84074229191083,40.83260077901713],[-73.84018151698999,40.83304342547376],[-73.83992048478794,40.83332079429695],[-73.83978358725672,40.83366724309537],[-73.83975991178247,40.833717896993264],[-73.83959108452412,40.83404168758804],[-73.83956886221513,40.834230491945874],[-73.83953085168062,40.83436891823584],[-73.83958027782917,40.8344917235808],[-73.83959266821208,40.8345604756465],[-73.83948374126221,40.83457420079348],[-73.83948681004372,40.83459072881094],[-73.83941220244711,40.834600065106514],[-73.83941519123555,40.83464963665403],[-73.83944316595748,40.83464731518614],[-73.83946474201342,40.83472051491842],[-73.83959530972268,40.83470181460235],[-73.83960456408784,40.83473015128618],[-73.83946467367059,40.834748838636436],[-73.83947085592611,40.834763009566885],[-73.83960141714708,40.83474666847778],[-73.8396137738246,40.83477736989056],[-73.83947386622334,40.83480313931208],[-73.83947693983029,40.834817305077635],[-73.839619931812,40.8348009819384],[-73.83961986353515,40.8348293056561],[-73.83946132735403,40.834847967742405],[-73.83947681454364,40.83486923220019],[-73.83954830808219,40.83486225144349],[-73.83955130704707,40.83490710149836],[-73.8394829098491,40.834918808067336],[-73.8394828813757,40.83493060976967],[-73.83955747137699,40.83492835364503],[-73.83956666906313,40.83498029273054],[-73.83950138460912,40.83498964305746],[-73.83950134475016,40.835006165742136],[-73.83945783797712,40.83500610518945],[-73.8394577753272,40.835032068331124],[-73.83949818638108,40.835027404247555],[-73.83949815221601,40.83504156635716],[-73.83957586742348,40.83503223265339],[-73.83959437645453,40.83508890719302],[-73.83950733344719,40.83510058834486],[-73.83951040641531,40.835114753270226],[-73.83958501369477,40.835105416240665],[-73.83960353413691,40.83515736929323],[-73.83951337186464,40.835173765936936],[-73.8395195589816,40.83518557628764],[-73.83960659574576,40.83517625553326],[-73.8396189076475,40.83522584003565],[-73.83953185811168,40.835239881109565],[-73.83953492605772,40.83525640744741],[-73.83960332928416,40.83524234044088],[-73.83961561274545,40.83530372664476],[-73.8395441244311,40.83530834753793],[-73.83954719238312,40.83532487387526],[-73.83963111649646,40.83531791035982],[-73.83963722400132,40.83536276422865],[-73.8395563898934,40.83537681396291],[-73.83956877446343,40.83539571384242],[-73.83965271705529,40.835381668421235],[-73.83966499992795,40.83544305394736],[-73.83957796718978,40.835450014838806],[-73.83957792735119,40.835466536852174],[-73.83966494873128,40.835464297947894],[-73.83966798827993,40.83549262598291],[-73.83959649407598,40.83549960698062],[-73.83959955635808,40.83551849422583],[-73.83968659420826,40.83550917341252],[-73.83969886642244,40.835575279916576],[-73.83961491856873,40.83559168527647],[-73.83961487304619,40.83561056886928],[-73.83967394092714,40.83560120916669],[-73.83979488496,40.83561920749196],[-73.83962599543068,40.83569971237056],[-73.83961672495181,40.83566775262644],[-73.83960098545313,40.83567071920119],[-73.83960850400308,40.835708050684566],[-73.83911300794156,40.83591795497405],[-73.83920869969349,40.83656934665784],[-73.83923392305773,40.83674104025827],[-73.83918642065261,40.83710741542255],[-73.83926310319262,40.837204885477654],[-73.83922069456403,40.837392472617495],[-73.83924584969824,40.83759254534578],[-73.83928722778322,40.83783158683314],[-73.83928671889551,40.8380422446326],[-73.83921295751166,40.8382477121222],[-73.83920223936276,40.83827756956893],[-73.83915984293945,40.838459845655095],[-73.83919255235578,40.838713628560384],[-73.83936180403167,40.838801784715926],[-73.83958953765703,40.838798485825706],[-73.83972014515646,40.83956540548362],[-73.83956700333053,40.84054722788744],[-73.83936794316948,40.84088297298017],[-73.84124053003816,40.8406014538193],[-73.84127127840246,40.84065091186194],[-73.84141667855194,40.840884776496104],[-73.84146101971366,40.84095609511719],[-73.84187977539389,40.84152808883919],[-73.84239308939206,40.84226986154604],[-73.84283668294134,40.84290554047992],[-73.8432765592655,40.843541805946025],[-73.84377570733761,40.84411862820671],[-73.8442915296691,40.84468254862708],[-73.84491034255318,40.845427460749],[-73.84554187387896,40.84498023191828],[-73.84623480005452,40.84449021730167],[-73.84749010563506,40.84356161020688],[-73.84781023397413,40.84329054800188],[-73.8480185603992,40.8431141511437],[-73.84806345327976,40.84306799865123],[-73.84854530560472,40.843007224451],[-73.84939158423303,40.842918571057986],[-73.84999194342608,40.84285162816342],[-73.85052278082863,40.84278948929904],[-73.85088863318855,40.842753006383255],[-73.85120896760849,40.84271512190177],[-73.85179886625357,40.842647632933726],[-73.85231153208414,40.842586993994026],[-73.85333525008224,40.84247015515566],[-73.85349746634688,40.84245166764586],[-73.85420745831784,40.842370739177824],[-73.85519675397511,40.842257993058745],[-73.8555357982912,40.84221949049566],[-73.85618402154984,40.842145917750315],[-73.8571924801878,40.8420276484458],[-73.85752599521253,40.841985051803555],[-73.85835669163116,40.841899286114405],[-73.85919593618476,40.84180403398031],[-73.85972452366204,40.84174401946641],[-73.8601849194842,40.84168909068507],[-73.86045627359958,40.841661665435716],[-73.86162833369181,40.841527859684454],[-73.86176166571622,40.84151272010246],[-73.86347232379057,40.84130593270729],[-73.86358014047153,40.841277957135325],[-73.86363938157444,40.841265275266515],[-73.86436922143815,40.84110901762618],[-73.86448011717874,40.841087796884345],[-73.86546450190856,40.84085689196471],[-73.86636130790096,40.84059268502299],[-73.86724818955723,40.84034380386849],[-73.86740207044747,40.840290276055796],[-73.86782258115176,40.84016649901614],[-73.86830846924914,40.83999521345356],[-73.86874073484722,40.83982457613828],[-73.86920766882301,40.83960004620928],[-73.86941903191978,40.83949741376905],[-73.86963802439115,40.83940384724785],[-73.8698636245251,40.83931981568956],[-73.87009473182158,40.83924570496409],[-73.87024562351752,40.83920874765299],[-73.8703917761365,40.83915783560325],[-73.87052989308391,40.8390936146225],[-73.87065692214708,40.839017322501476],[-73.87077026411491,40.838930704979035],[-73.87086800703791,40.83883590241838],[-73.87172097872984,40.83819619772986],[-73.87252481842746,40.8378875626266],[-73.87315177845542,40.83770663240796],[-73.87312217155838,40.838185375972635],[-73.87310177115475,40.83826970184344],[-73.87308025779357,40.83835349576889],[-73.87301930563066,40.838599633106604],[-73.87293057551366,40.838950791051026],[-73.87284652558976,40.83928062492003],[-73.87272718491754,40.83974894480081],[-73.87263499501029,40.840129336917286],[-73.87249576631731,40.84070381318481],[-73.87248765140475,40.840737296930435],[-73.87235013730978,40.8413336863133],[-73.87231849994177,40.8414765151514],[-73.8722992108916,40.84157999573902],[-73.87227028758372,40.84168655512847],[-73.87216751535158,40.84213004528776],[-73.87206898743713,40.842555209739714],[-73.87189112415251,40.84326904111067],[-73.87186779445938,40.84345093249296],[-73.87184473109996,40.843555770579385],[-73.87179038552344,40.843802813833975],[-73.8716135938042,40.8445908022347],[-73.8714687034637,40.8445906908004],[-73.87142966915681,40.84459374464442],[-73.87139171564064,40.84460131508171],[-73.87135574357202,40.84461322246204],[-73.87132260658746,40.84462918421721],[-73.87129309104753,40.84464882156617],[-73.87126789737573,40.84467166850402],[-73.87124762343676,40.84469718285983],[-73.87120508186699,40.84473587285126],[-73.87116887471632,40.84477811721372],[-73.87113951181668,40.84482332112001],[-73.87111740663157,40.844870848069284],[-73.87110287043275,40.844920028849366],[-73.87105824693015,40.84528117546655],[-73.87105693024905,40.845337983506234],[-73.8710629533971,40.845394615935774],[-73.87107625836911,40.84545052718557],[-73.87109671700877,40.84550517863226],[-73.87104371061467,40.84582057046525],[-73.87103180676576,40.84586241262376],[-73.87101291426536,40.84590274440001],[-73.87098734699985,40.8459408956828],[-73.87095552975822,40.845976232588654],[-73.87091799117499,40.846008167993965],[-73.87087535494811,40.84603617129047],[-73.87082832947551,40.846059777201326],[-73.87076074418557,40.84609016191709],[-73.87069748086924,40.846125508106724],[-73.87063916887358,40.84616546414831],[-73.87058638829271,40.84620963256091],[-73.87053966419806,40.84625757395838],[-73.87049946141411,40.84630881141994],[-73.8704661798945,40.84636283523436],[-73.87044015074184,40.84641910797071],[-73.8704165399432,40.846459585169946],[-73.87039379118553,40.846471510138755],[-73.8703740805233,40.846486227198874],[-73.87035799478102,40.84650329819684],[-73.87034601286376,40.84652221489755],[-73.87033849149891,40.84654241411558],[-73.8703356546159,40.84656329448227],[-73.87033758667859,40.84658423434902],[-73.87034423017022,40.8466046102954],[-73.87035538730511,40.846623815689384],[-73.87018601453089,40.84657883991782],[-73.87014706302472,40.846566377644734],[-73.87010599309595,40.84655879127022],[-73.8700638556721,40.846556274919855],[-73.87002172899578,40.84655889298395],[-73.86998069113099,40.84656657836453],[-73.86994179206879,40.84657913449699],[-73.86990602718954,40.846596240085425],[-73.86987431167569,40.846617457418695],[-73.86946246858408,40.84737948434437],[-73.86942321437792,40.84751234518367],[-73.86889243340883,40.848112321623965],[-73.86956259014318,40.848018713238595],[-73.86952362951682,40.84868697758788],[-73.86920944636157,40.84923837237072],[-73.86832194849491,40.85076371964661],[-73.86825077740562,40.850959586732024],[-73.86854755448219,40.851785611555066],[-73.86846906797379,40.85197065424512],[-73.86853163753224,40.85203859597313],[-73.86858653557137,40.852110259462464],[-73.86863338040921,40.852185146501995],[-73.86867184650283,40.85226273644004],[-73.86870166624936,40.85234248989839],[-73.86872263230556,40.852423852418035],[-73.86916668734335,40.853686045525045],[-73.8693767539612,40.85426572311239],[-73.86981576253321,40.855483774351846],[-73.86985960420999,40.8555767281425],[-73.86988939612935,40.8556738616958],[-73.86990421502472,40.85577329269304],[-73.86990379512369,40.855873021615196],[-73.86988842286948,40.85597106715036],[-73.86939125611215,40.85655189467361],[-73.86927391310687,40.85668898256566],[-73.86907624640502,40.85694556061955],[-73.86887858965135,40.85720213833621],[-73.8687675292114,40.857340780421424],[-73.86841539696019,40.85778035764119],[-73.86818830625032,40.85806383380911],[-73.86782066476637,40.85850315021278],[-73.86779245977512,40.85856337840319],[-73.86763464418489,40.85890975189759],[-73.8675941740422,40.85898823690019],[-73.86753716849184,40.85943663503482],[-73.86752374991848,40.859940456998245],[-73.86751299918475,40.86034407739595],[-73.86750873541064,40.86050418845094],[-73.86748632610083,40.86134554521677],[-73.86742213658779,40.863212701651214],[-73.86736051017337,40.86542917989671],[-73.8663423273287,40.865449472404926],[-73.86626413354517,40.86787467103628],[-73.86581341653262,40.86786635946586],[-73.86532462338698,40.86785733412183],[-73.86438474766874,40.86783855747511],[-73.86344496417323,40.86782165339333],[-73.86250362888653,40.86780465102073],[-73.86203049133627,40.867798303206875],[-73.8616932366559,40.86779377789602],[-73.86149826078102,40.867782216120034],[-73.86047954252933,40.86776278932403],[-73.85954603102658,40.86774257459982],[-73.85860157148979,40.86773345272769],[-73.85766170193588,40.86771416951349],[-73.85672029651128,40.867697472172225],[-73.85570737993268,40.86767827999048],[-73.85469652954096,40.86765924518834],[-73.85375608642462,40.867641938039895],[-73.85281837402292,40.86762441144184],[-73.85188315592112,40.86760600712642],[-73.85094298219741,40.86759113512695],[-73.85000282489648,40.86757493339511],[-73.84903153950496,40.867553999333026],[-73.84905105892867,40.86682010746857],[-73.84934396551675,40.86653121656921],[-73.84913717015348,40.866420114704695],[-73.8490698856258,40.86638521304664],[-73.84896329095636,40.86632992760867],[-73.84878722453828,40.866231571128104],[-73.84854507848269,40.866523254546685],[-73.84809531025147,40.866514397891684],[-73.84719833787422,40.86755482791108],[-73.84617439882457,40.867503418390875],[-73.84523354864912,40.86748449315213],[-73.84429247401457,40.867465991478134],[-73.84321346439101,40.86744456600579],[-73.84281070872036,40.86754240577116],[-73.8416012433221,40.8677831373079],[-73.8412236253163,40.86785815135156],[-73.84064364768105,40.86755417556981],[-73.83974233401746,40.86708793061997],[-73.83954475735605,40.86698673838352],[-73.83922085407514,40.86682084024309],[-73.83875223454908,40.866572776961604],[-73.83784380103098,40.86609918751973],[-73.83697021129967,40.865643136401836],[-73.83678824263289,40.86554590663204],[-73.83618601376536,40.86522409938253],[-73.8360094338305,40.865132615874856],[-73.83578436657562,40.865016011999636],[-73.83159620031925,40.862644704424454],[-73.83081688208388,40.86242982661702],[-73.82954731157693,40.862164087768136],[-73.82840758975831,40.860948301201006],[-73.82834347431375,40.860892026674904],[-73.82826796566238,40.860837333663795],[-73.82802070058536,40.860641539707586],[-73.82759107994585,40.86007855140402],[-73.82749933622449,40.859951227938566],[-73.82739107772294,40.859665835188316],[-73.82728623200035,40.85939999758903],[-73.82721769473343,40.85920657704238],[-73.8271661980968,40.85905591068918],[-73.82716222926723,40.85904429737506],[-73.82708980735451,40.85905855232609],[-73.82699653234842,40.859087785903185],[-73.82682968502044,40.85914007080109],[-73.82632571111318,40.859297997396844],[-73.8244401207449,40.859501384488034],[-73.82450575118077,40.85976402196798],[-73.82100426154375,40.861018930119066],[-73.82017222790458,40.86140456276315],[-73.8194001669587,40.86188939803261],[-73.8189623739498,40.862239424625656],[-73.81893959187086,40.86230800647891],[-73.81898208527566,40.86236979398177],[-73.81895425529066,40.86247456219278],[-73.81761651294956,40.8636263431461],[-73.81785033195848,40.86418592670904],[-73.81704573039015,40.86491245771999],[-73.8164145586362,40.865151497606035],[-73.81578764066222,40.86575806093614],[-73.81938761441864,40.86798690235929],[-73.81940759158921,40.86799927054235],[-73.82091617219076,40.86891693437209],[-73.8209760118178,40.86894978689589],[-73.82103881104524,40.86897607974808],[-73.8211161526476,40.869008137974646],[-73.82126543825758,40.869074543491976],[-73.82329599430467,40.87309741817934],[-73.82110268632292,40.87896924536172],[-73.8200544557936,40.88211412906862],[-73.8202395832811,40.88549105134717],[-73.82064930918283,40.88538245972766],[-73.8206557938712,40.885450474652025],[-73.82067835092155,40.88552071177469],[-73.82098951843312,40.88604465152672],[-73.82138824724659,40.88647418816352],[-73.82148558445347,40.88661186868047],[-73.82161365102856,40.88673997427162],[-73.82187799190795,40.88692919916467],[-73.82222287007622,40.88701500292235],[-73.82244741085519,40.88708234756139],[-73.82264423789606,40.88706025087528],[-73.82276853659364,40.88704629618542],[-73.82307335157684,40.88710767238233],[-73.82330587172049,40.88719329994662],[-73.82356245262653,40.88728505662111],[-73.82365050919682,40.88737046173269],[-73.82380283694071,40.88743160292112],[-73.82385074939822,40.88752303955611],[-73.82395534210261,40.88767200531032],[-73.82382288878183,40.887747237327815],[-73.8238509906179,40.887768315533286],[-73.8238714058165,40.88778362843758],[-73.82392307250205,40.88782267102161],[-73.82461901678167,40.88864938778188],[-73.82391571094577,40.889974625442946],[-73.82366848120537,40.889903740797926],[-73.82252377666882,40.88942882391671],[-73.82241805998686,40.88951443289548],[-73.82241902333328,40.88951476322445],[-73.82241674149896,40.88952086272966],[-73.82240605490028,40.88956629014325],[-73.82240593162281,40.88961243472273],[-73.82241637543333,40.88965789464494],[-73.82242662500185,40.88967938814974],[-73.82243706731893,40.88970128433938],[-73.8224673768218,40.88974128761108],[-73.82249136709044,40.88976305972466],[-73.82250638447297,40.889776687159625],[-73.82255290044833,40.889806404647224],[-73.82259512351358,40.88982496940264],[-73.82260551457979,40.88982953712863],[-73.82265872630185,40.88984456592872],[-73.82271444346304,40.88985284169635],[-73.8227469288695,40.889854032246724],[-73.82274972438839,40.88985413470772],[-73.82282383980083,40.88984813224407],[-73.82284325790307,40.8898444507525],[-73.82292483598883,40.88982898660999],[-73.82295307614677,40.889823632685896],[-73.82303888604496,40.88979643882361],[-73.82306059122062,40.88978623646705],[-73.82308940590492,40.889772691200704],[-73.82313461243871,40.8897663971314],[-73.82316908441936,40.88977187013901],[-73.82317142491918,40.88977224110148],[-73.82317337170073,40.88977290713823],[-73.82319636787295,40.88977620201841],[-73.82325967746529,40.88979860276243],[-73.82330017793383,40.88981951563406],[-73.82333372806055,40.889846602285274],[-73.82335542698966,40.88987329838821],[-73.82337030037769,40.8899025625503],[-73.82337318141462,40.88992082792548],[-73.82337443102399,40.88992176243575],[-73.82337430680505,40.88992796979494],[-73.82338180299735,40.88997550490847],[-73.82337200909463,40.89004325917161],[-73.8233706894801,40.89010946341509],[-73.823355798533,40.890150008732626],[-73.82333799466596,40.89021750413948],[-73.82331070450368,40.89029008114283],[-73.82329745511043,40.890365167846284],[-73.82329471538065,40.890388747814406],[-73.8232946538122,40.890392310757655],[-73.82330626122014,40.89043214244199],[-73.82330693717743,40.89043446165395],[-73.82332733125303,40.89046504345777],[-73.8233326232064,40.89047298040035],[-73.82333413364638,40.890474287545295],[-73.82337010375157,40.89050545421237],[-73.82341703210095,40.89052985397354],[-73.82343611676124,40.890545089481286],[-73.82345198603022,40.8905623186772],[-73.8234642833278,40.89058115442631],[-73.82347273233398,40.89060117349472],[-73.82347714319805,40.89062192605916],[-73.82347741680566,40.89064294581458],[-73.82347354700444,40.890663760451744],[-73.82337003996082,40.89096729587836],[-73.82285335006459,40.891206829095225],[-73.82061223547115,40.89061328839475],[-73.81957464110047,40.89031509646073],[-73.81948724444082,40.89028998036033],[-73.81940651728573,40.89026043427469]]]]},"properties":{":id":"row-f6r7.u8zg_ndj9",":version":"rv-23zt-nxci.esk7",":created_at":"2025-11-24T21:48:59.646Z",":updated_at":"2025-11-24T21:48:59.646Z","coun_dist":"13","shape_leng":"137015.635404","shape_area":"638581965.711"}},
{"type":"Feature","geometry":{"type":"MultiPolygon","coordinates":[[[[-73.84127127840377,40.84065091135938],[-73.84124053003816,40.8406014538193],[-73.83936794316948,40.84088297298017],[-73.83956700333053,40.84054722788744],[-73.83972014515658,40.83956540548358],[-73.83958953765577,40.83879848632829],[-73.83936180403173,40.838801784715926],[-73.8391925523559,40.838713628560384],[-73.83915984293945,40.838459845655095],[-73.8392022393628,40.83827756956893],[-73.83921295751172,40.83824771212215],[-73.83928671889561,40.83804224463256],[-73.83928722778333,40.83783158683314],[-73.83924584969834,40.83759254534578],[-73.83922069456403,40.837392472617466],[-73.83926310319262,40.837204885477625],[-73.83918642065265,40.83710741542251],[-73.83923392305779,40.83674104025827],[-73.8392086996936,40.83656934665784],[-73.83911300794168,40.83591795497405],[-73.83960850400187,40.83570805118712],[-73.83960098545313,40.83567071920114],[-73.83961672495191,40.83566775262641],[-73.83962599476902,40.835699712369646],[-73.83979488496121,40.83561920698938],[-73.83967394092726,40.83560120916669],[-73.83961487304629,40.83561056886928],[-73.83961491856884,40.83559168527647],[-73.83969886642254,40.835575279916576],[-73.83968659420832,40.83550917341248],[-73.83959955635686,40.83551849472837],[-73.83959649407603,40.835499606980584],[-73.83966798827993,40.83549262598287],[-73.83966494873134,40.835464297947894],[-73.83957792735124,40.83546653685211],[-73.83957796718862,40.83545001534138],[-73.8396649999268,40.83544305444989],[-73.8396527170554,40.8353816684212],[-73.83956877446354,40.83539571384238],[-73.83955638989335,40.83537681396291],[-73.8396372240014,40.83536276422865],[-73.83963111649639,40.83531791035982],[-73.83954719238324,40.835324873875216],[-73.83954412443104,40.8353083475379],[-73.83961561274434,40.83530372714726],[-73.83960332928416,40.83524234044088],[-73.83953492605772,40.83525640744741],[-73.83953185811174,40.835239881109565],[-73.83961890764634,40.835225840538214],[-73.83960659574592,40.83517625553326],[-73.83951955898172,40.83518557628764],[-73.83951337186464,40.835173765936936],[-73.8396035341357,40.83515736979575],[-73.83958501369492,40.83510541624064],[-73.83951040641537,40.835114753270226],[-73.8395073334473,40.835100588344815],[-73.83959437645343,40.835088907695585],[-73.83957586742359,40.83503223265339],[-73.83949815221597,40.83504156635716],[-73.83949818638102,40.835027404247555],[-73.83945777532715,40.835032068331124],[-73.83945783797706,40.83500610518941],[-73.83950134475027,40.83500616574209],[-73.83950138460924,40.83498964305743],[-73.83956666906325,40.83498029273051],[-73.83955747137695,40.83492835364498],[-73.83948288137582,40.83493060976967],[-73.83948290984922,40.8349188080673],[-73.83955130704713,40.83490710149832],[-73.83954830808108,40.83486225194602],[-73.83947681454364,40.83486923220019],[-73.83946132735414,40.83484796774237],[-73.83961986353519,40.8348293056561],[-73.83961993181205,40.834800981938365],[-73.83947693983029,40.83481730507759],[-73.83947386622341,40.834803139312044],[-73.83961377382477,40.83477736989052],[-73.83960141714587,40.834746668980316],[-73.83947085592617,40.8347630095669],[-73.83946467367065,40.834748838636436],[-73.83960456408784,40.834730151286145],[-73.8395953097228,40.83470181460235],[-73.83946474201348,40.83472051491839],[-73.83944316595637,40.834647315688706],[-73.83941519123566,40.83464963665403],[-73.83941220244705,40.834600065106514],[-73.83948681004387,40.83459072881094],[-73.83948374126233,40.83457420079348],[-73.83959266821329,40.834560475143924],[-73.839580277828,40.83449172408333],[-73.83953085168073,40.834368918235796],[-73.83956886221506,40.834230491945874],[-73.83959108452412,40.83404168758804],[-73.83975991178251,40.833717896993264],[-73.83978358725672,40.83366724309537],[-73.83992048478798,40.83332079429692],[-73.8401815169901,40.83304342547376],[-73.84074229191089,40.83260077901713],[-73.84112675262297,40.83228698223657],[-73.84181725912111,40.83172619365467],[-73.8422133473086,40.831550507278095],[-73.84234527426432,40.831300448521894],[-73.84253111776354,40.831120487706684],[-73.84259210997133,40.829018659836805],[-73.84233077477157,40.82907396295631],[-73.84231435750104,40.82892298099688],[-73.84230753757367,40.828799469224094],[-73.84229237322894,40.82869980753216],[-73.84264592576085,40.828655329807106],[-73.84291548074067,40.82862246917874],[-73.84289527507835,40.828569176121796],[-73.8428745087867,40.828527571809545],[-73.84276131500395,40.82832772400147],[-73.84272187785834,40.8282756209145],[-73.84266998836102,40.82804005279449],[-73.84265027487221,40.8279089853403],[-73.84236255761427,40.82794302753638],[-73.84229805061278,40.827835033054846],[-73.84223293567119,40.82777331396027],[-73.83924411716184,40.821136872365344],[-73.84210531841245,40.81444393038872],[-73.84244845947426,40.8134386781267],[-73.84313484196609,40.811602524002595],[-73.8436855105429,40.81012932579703],[-73.84455437845604,40.806502200677485],[-73.84532763916069,40.80357441451318],[-73.84409447984069,40.80106203762437],[-73.85307212690249,40.80011348135236],[-73.85463199172558,40.79972430139418],[-73.86296518139766,40.79767016410337],[-73.87066275627943,40.80298839947355],[-73.8697896801756,40.804125105863825],[-73.86846346959145,40.80593654893907],[-73.86811219206221,40.80675183283262],[-73.87055342191732,40.81124338022039],[-73.87047093231367,40.81145829549501],[-73.87056806861786,40.812087317621696],[-73.87095753617953,40.81214618060875],[-73.87165777683398,40.81325426197602],[-73.87180463640202,40.813314890539246],[-73.8720803871888,40.81358405461876],[-73.87212931147361,40.81362116869263],[-73.87203687473688,40.81368551387455],[-73.87209716960908,40.813738022023614],[-73.87218961011949,40.813673671269754],[-73.87243667235077,40.81385093400163],[-73.87250110952121,40.81388812823483],[-73.87446381927738,40.81464523186166],[-73.87520539158537,40.81487874500357],[-73.8767318557306,40.81538649598473],[-73.87663459963709,40.81571150809919],[-73.87806283262127,40.81618263244409],[-73.88098029593267,40.81823562312727],[-73.88244779619134,40.81926832200965],[-73.88265922924117,40.81968883211696],[-73.88378786126569,40.82193341326873],[-73.88424971750176,40.822642209082595],[-73.88429488211297,40.82271820476546],[-73.88433212381806,40.822810142477195],[-73.8843612859193,40.822873801331944],[-73.884385041061,40.82295136949845],[-73.88421301260611,40.82297949879016],[-73.88403648875699,40.82301219336906],[-73.88276030417353,40.82324854827876],[-73.88178621769764,40.82340170049738],[-73.8799300227661,40.823641062131514],[-73.87898855614516,40.82371109055368],[-73.87806435774705,40.82383439458985],[-73.87857785769474,40.82602976150973],[-73.87917067097911,40.828582182949276],[-73.87870283575053,40.82862110591514],[-73.87823501079608,40.82866001895314],[-73.87729930449194,40.828742774372536],[-73.87640134545651,40.82897729420336],[-73.87550702477627,40.82923413457346],[-73.87460867878897,40.82950290542322],[-73.87372870189911,40.829752886469116],[-73.87332596918947,40.82987665913729],[-73.87327288487577,40.82989371961134],[-73.87322660117368,40.8299061665495],[-73.87342080445761,40.83070836839429],[-73.87368784180082,40.83181140133512],[-73.873705298335,40.831883369893156],[-73.87372276727402,40.831955330085],[-73.87375661153052,40.832088667096514],[-73.87376211193832,40.83213532272478],[-73.87379338969843,40.832400647997844],[-73.87381968846798,40.832530077431585],[-73.87385243015336,40.83276371105535],[-73.87389040667131,40.833156161727814],[-73.87390088283263,40.8334653938529],[-73.8739023445113,40.833576990619626],[-73.87390281985337,40.83361328406068],[-73.87393090840163,40.834243769530374],[-73.87393385801312,40.83440207964923],[-73.87393598846653,40.83451661617096],[-73.87390846621385,40.835024889586464],[-73.87390705365429,40.83505098309568],[-73.87388897720783,40.83529898670051],[-73.87386298957924,40.83557997633639],[-73.87380595000562,40.83592299326705],[-73.87379858494921,40.83595578071627],[-73.87379506542305,40.835985718936215],[-73.87309268126242,40.83591789705875],[-73.87278549124879,40.8358985262316],[-73.87212461807209,40.83585814262257],[-73.87115576442436,40.8357610898328],[-73.87072020347387,40.835719122137576],[-73.86999425051773,40.83565041231414],[-73.86903216174906,40.83548641473149],[-73.86810134659913,40.83521259516967],[-73.86680619993447,40.8348370224686],[-73.86672962255827,40.83487210752882],[-73.86651918392884,40.83496852271126],[-73.86644845511267,40.835000930449894],[-73.86637314021218,40.835033107846805],[-73.86605057075892,40.83517357265415],[-73.86597814863525,40.83520499577602],[-73.86638500153985,40.83758666396952],[-73.86667370016646,40.83924274704374],[-73.86724818955723,40.84034380386849],[-73.86636130790102,40.840592685022955],[-73.86546450190856,40.84085689196471],[-73.86448011717889,40.841087796884295],[-73.86436922143821,40.841109017626145],[-73.8636393815745,40.84126527526649],[-73.86358014047163,40.841277957135276],[-73.86347232379067,40.84130593270726],[-73.86176166571632,40.841512720102415],[-73.86162833369181,40.84152785968442],[-73.86045627359952,40.841661665435716],[-73.86018491948425,40.84168909068504],[-73.8597245236621,40.84174401946638],[-73.85919593618577,40.84180403347774],[-73.85835669163122,40.84189928611437],[-73.85752599521263,40.84198505180352],[-73.8571924801879,40.842027648445764],[-73.85618402154988,40.84214591775027],[-73.8555357982913,40.84221949049566],[-73.8551967539752,40.84225799305872],[-73.8542074583179,40.842370739177824],[-73.853497466347,40.84245166764586],[-73.85333525008224,40.84247015515566],[-73.85231153208304,40.84258699449653],[-73.85179886625357,40.842647632933726],[-73.8512089676086,40.84271512190173],[-73.85088863318849,40.842753006383255],[-73.85052278082863,40.842789489299015],[-73.84999194342619,40.84285162816339],[-73.84939158423315,40.84291857105793],[-73.84854530560483,40.843007224451],[-73.84806345327982,40.84306799865123],[-73.84801856039931,40.84311415114367],[-73.84781023397423,40.84329054800188],[-73.84749010563506,40.84356161020683],[-73.84623480005452,40.84449021730163],[-73.84554187387901,40.84498023191828],[-73.84491034255328,40.84542746074896],[-73.84429152966905,40.84468254862703],[-73.84377570733761,40.844118628206665],[-73.84327655926562,40.843541805946025],[-73.8428366829414,40.84290554047992],[-73.84239308939206,40.84226986154604],[-73.84187977539399,40.841528088839155],[-73.84146101971362,40.84095609511719],[-73.84141667921375,40.840884776496964],[-73.84127127840377,40.84065091135938]]]]},"properties":{":id":"row-ad73~ream~xw8k",":version":"rv-8p4s.r7p8.j4wu",":created_at":"2025-11-24T21:48:59.646Z",":updated_at":"2025-11-24T21:48:59.646Z","coun_dist":"18","shape_leng":"55331.6092732","shape_area":"135913820.45"}},
{"type":"Feature","geometry":{"type":"MultiPolygon","coordinates":[[[[-73.98278317135262,40.74520282810305],[-73.98272686543102,40.745180414380584],[-73.98227872722472,40.7457975629662],[-73.98183365081856,40.746416590552236],[-73.98176246566618,40.74638664237192],[-73.98020971278275,40.745733361868],[-73.98065842623875,40.745115825388645],[-73.97905849556365,40.74444355180857],[-73.97722535338995,40.743669820649],[-73.97706825967435,40.7436047943143],[-73.97676067900235,40.74347249781652],[-73.97720589231535,40.74285421967741],[-73.97768287362838,40.74225558704282],[-73.97816815328618,40.74164251302199],[-73.97861648181828,40.74102185903323],[-73.97787750417717,40.740695991653325],[-73.97762094722623,40.74058306133595],[-73.97731426087097,40.740448155533464],[-73.97703179300227,40.74033518763256],[-73.97689411447122,40.74028048351596],[-73.97625126826028,40.74002332662826],[-73.97670005874704,40.73940973341477],[-73.97714764811403,40.73879546035119],[-73.97760270204478,40.73817179558696],[-73.97805226497614,40.73755395365622],[-73.97854094647867,40.73688765936049],[-73.97857449755331,40.736677281906495],[-73.97890917361924,40.73616412596519],[-73.97934819550127,40.73555311212291],[-73.97946317342326,40.735391927173524],[-73.97952802612727,40.735306328179185],[-73.97978903989635,40.734961817253996],[-73.98009050543193,40.73454437069078],[-73.98020496229364,40.73438532219151],[-73.98038020182553,40.7341443703661],[-73.98064498892121,40.73377931950946],[-73.98088975729115,40.73343707042292],[-73.98105847089812,40.73321141463663],[-73.98126771302584,40.732924729760434],[-73.98149910379774,40.732618596382146],[-73.98180339323206,40.732204798404894],[-73.98196782247015,40.731982561128504],[-73.98232282611,40.7314978898638],[-73.98238628751812,40.73141124480832],[-73.98255629297803,40.73135013455461],[-73.98246876280103,40.73131488423066],[-73.9819091150614,40.73109512831153],[-73.98166657031148,40.73099854707874],[-73.98034007566302,40.73044246137653],[-73.9799211004235,40.730262205208824],[-73.97910803894653,40.72991055898064],[-73.97802697950821,40.729433060112555],[-73.97753843835022,40.729226248419785],[-73.97690436371693,40.72895782377545],[-73.97619632425227,40.72866197702926],[-73.97581244899428,40.728519767119934],[-73.97566782613222,40.728462532509354],[-73.97329796838167,40.72742800835737],[-73.97205015413252,40.726880946294955],[-73.97197685059938,40.72683035620166],[-73.97191244217859,40.72679100927015],[-73.97185671303774,40.726758685466294],[-73.97179602053025,40.72671367965679],[-73.97162697271706,40.72662845349946],[-73.97071049968729,40.726031438747036],[-73.9688120697104,40.7248323391568],[-73.9682901762282,40.72450268363897],[-73.96532512447881,40.723634551747004],[-73.96377702551558,40.7233051328499],[-73.96275665488727,40.72239901512633],[-73.96296566403045,40.72203447662035],[-73.96341522820944,40.72158162744532],[-73.96343759552926,40.721559095162355],[-73.96353855414516,40.72157337851438],[-73.96355958424277,40.72153948696586],[-73.9639979372449,40.72093843757019],[-73.96402617524582,40.72088089306878],[-73.96406591310317,40.72079991096264],[-73.96420193098578,40.72065389425702],[-73.96424069706543,40.72061222999144],[-73.96427462497299,40.72057576709135],[-73.96436107956328,40.720477239877184],[-73.96439735661679,40.72044183392397],[-73.96433475464138,40.72038653840869],[-73.96444754919679,40.720276973403486],[-73.964333597368,40.7202083191779],[-73.96438190889278,40.72013942466047],[-73.96447946289182,40.72003618775322],[-73.96503278394155,40.72037706947516],[-73.96511736823715,40.720316338856335],[-73.96517766196057,40.72025364544215],[-73.96523116078511,40.72018747859769],[-73.96527752084597,40.72011826363718],[-73.96531644416858,40.72004644546656],[-73.96534768058338,40.71997248572338],[-73.96537102933335,40.71989685980948],[-73.96538634036392,40.71982005383489],[-73.96540028050552,40.719760959236545],[-73.96540628108174,40.719701094216774],[-73.96540428038085,40.7196410746592],[-73.96539429900726,40.719581518035596],[-73.96537643966869,40.719523037053584],[-73.96535088611866,40.71946623335316],[-73.96531790126528,40.719411691317354],[-73.96527782446579,40.719359972060275],[-73.96523106803473,40.719311607654795],[-73.96517811300168,40.719267095658964],[-73.96511950416225,40.719226893997416],[-73.96552429693033,40.718919342001],[-73.96574267142833,40.71870687727458],[-73.96575996533477,40.718689034779324],[-73.96614194192269,40.71830361821181],[-73.9661983394035,40.71825471174946],[-73.96621630102892,40.71826437243174],[-73.96631330191009,40.718316541409955],[-73.96651263089429,40.71805161328845],[-73.96652746661586,40.71803189768126],[-73.9665366620753,40.718034359648655],[-73.96655195195842,40.71803845258476],[-73.96656241897496,40.71801586680628],[-73.96659690332694,40.717967980887686],[-73.96674727829412,40.71773776595086],[-73.96725113740355,40.716986666609124],[-73.96710504006269,40.71690839325445],[-73.96725983466467,40.716670975055784],[-73.96724034462171,40.716587886058655],[-73.96736391699473,40.716483679055266],[-73.96765448249167,40.71586910872024],[-73.96800830687327,40.71512072380608],[-73.96839125213918,40.71426191817146],[-73.96884924904168,40.71321254596052],[-73.96850672619549,40.71310547138688],[-73.96855971786024,40.71298731017069],[-73.96844232000483,40.71293843489035],[-73.96847298005662,40.71285342770895],[-73.96846973347043,40.71282470934617],[-73.96849847554336,40.71280690373671],[-73.96854388242609,40.71282070144498],[-73.96866605800044,40.71285719298915],[-73.96871698783333,40.71274694477481],[-73.96872243615427,40.71273764582773],[-73.96873194822179,40.71274056991463],[-73.96878386342081,40.71275652670831],[-73.9688069333312,40.71270862091711],[-73.97071016870612,40.71328443178214],[-73.97248959333785,40.713822746875216],[-73.97304724154345,40.713991439539576],[-73.97512899530255,40.714621156699295],[-73.9762087012245,40.71494394810381],[-73.97631389442623,40.71497534473914],[-73.97633756569108,40.71492965965483],[-73.97639230521322,40.71494566133759],[-73.97644703354673,40.71496287019096],[-73.97654793216462,40.71498952254396],[-73.97660735618715,40.71500784716914],[-73.9773667047657,40.71523904471341],[-73.97799855995409,40.71543957864063],[-73.97817919295119,40.715492001196914],[-73.97830358112942,40.7155310167616],[-73.9784173167427,40.715596298748956],[-73.97846935053914,40.71560950743438],[-73.97853102011769,40.71562565045206],[-73.97900588793695,40.715773750894876],[-73.97923250422559,40.7158442873171],[-73.97962564746332,40.71596021062406],[-73.97975091235698,40.716002760600034],[-73.97986076133233,40.7160350428683],[-73.98027895995101,40.71615976750367],[-73.98038110049453,40.71619204795395],[-73.98068296824937,40.7162841463151],[-73.98152950058801,40.71654093726973],[-73.9823745079156,40.716797687245915],[-73.98316925550532,40.717033147425774],[-73.98404890496391,40.71730434571081],[-73.98403299215583,40.717337092326545],[-73.98399541546712,40.71741442404254],[-73.98339510382881,40.71857020627153],[-73.98280360135966,40.71972299749716],[-73.98330545543932,40.71987591545126],[-73.98339463391206,40.719903088296455],[-73.98364190576886,40.719978432187254],[-73.98447731775138,40.72023423864935],[-73.9853193878966,40.720489633636646],[-73.98615766471448,40.72074493321035],[-73.98555708587355,40.72190738099531],[-73.98551686242642,40.72198522495779],[-73.98585984198284,40.72209973225854],[-73.98628574022075,40.72224192000881],[-73.98713584896305,40.72246981162331],[-73.98786491520963,40.722697088701935],[-73.98854361419585,40.72290361785348],[-73.98863862848776,40.72293371976114],[-73.98875683260616,40.722970366111184],[-73.98939218169832,40.72317405849508],[-73.99027361647936,40.723426017790615],[-73.99102410461458,40.72364943274046],[-73.99127307162452,40.72372981344205],[-73.99135472800877,40.72375461958743],[-73.99219861266042,40.724012608678905],[-73.99253198926885,40.72411456659967],[-73.99260322264499,40.724136449683456],[-73.99267182446474,40.72416025442208],[-73.9934576909809,40.724432895683314],[-73.99417930485528,40.72469240731423],[-73.99490827388995,40.72495122921943],[-73.99532907937453,40.72508374023139],[-73.9958457755858,40.72520835348178],[-73.99677175777505,40.72543194350269],[-73.99761019591818,40.72579713809988],[-73.99836119306708,40.72616746776049],[-73.99911824717665,40.726542313089816],[-73.9999157921724,40.72693471343448],[-74.00063239190521,40.72728661215823],[-74.0013903353643,40.72766000159027],[-74.00214891520805,40.72803536650201],[-74.0024226474445,40.72817553796019],[-74.00262399616723,40.728278642493635],[-74.00272009727809,40.728322815021095],[-74.00281726639142,40.72836312880152],[-74.00278351081941,40.728435470293455],[-74.00252603088524,40.72900791932437],[-74.00220337253589,40.72965325629826],[-74.0021565929282,40.72975679045361],[-74.00168465547009,40.73058156228718],[-74.00141242474726,40.73106525649149],[-74.00095442254056,40.73170609830175],[-74.00051066350595,40.732315223223274],[-74.00006842805219,40.73292466133238],[-73.99976346995442,40.73335923256059],[-73.99956212536296,40.73361239381968],[-73.99918595445678,40.734138582410715],[-73.99871443827661,40.73478386092805],[-73.99853021644101,40.73503789182794],[-73.99827418986168,40.73539113958076],[-73.99780751008134,40.736035906572354],[-73.99734132833476,40.73666788885816],[-73.99683993926492,40.73736088889567],[-73.99634236965909,40.738045231554025],[-73.99581457625747,40.73782005811364],[-73.9952953837317,40.73760648095393],[-73.99311953429248,40.73669104591347],[-73.99265431029018,40.73733046783797],[-73.99222484880735,40.73791698491],[-73.99033070278527,40.737131860317064],[-73.9901221833309,40.7377956606267],[-73.9899564561958,40.73847714346371],[-73.9898844202126,40.738735902083405],[-73.98976487476611,40.739177089965985],[-73.98958258715672,40.73986497921359],[-73.98938896190396,40.74059178878958],[-73.98912579799277,40.74135773427896],[-73.98832033313317,40.7410158685587],[-73.98798240033717,40.74087265440662],[-73.98780814688833,40.74112745769567],[-73.98752936222994,40.74152844361936],[-73.98705619358711,40.7421423307391],[-73.98659724531731,40.74277168689492],[-73.98614708712785,40.7433889314159],[-73.98569571344615,40.74400764116844],[-73.98729805474689,40.74468149827795],[-73.98684539299384,40.74530072708856],[-73.98639326620423,40.74592119432631],[-73.98594856735089,40.746535853849146],[-73.98434466733444,40.74586087075422],[-73.98278317135262,40.74520282810305]]]]},"properties":{":id":"row-swdn-wr77~tu9a",":version":"rv-njk2_dupw.dzci",":created_at":"2025-11-24T21:48:59.646Z",":updated_at":"2025-11-24T21:48:59.646Z","coun_dist":"2","shape_leng":"43018.8140654","shape_area":"57068955.1003"}},
{"type":"Feature","geometry":{"type":"MultiPolygon","coordinates":[[[[-73.99522727379215,40.769392385004],[-73.99528368384802,40.76932270169108],[-73.99505523426038,40.769344178615455],[-73.99493743254556,40.76929458306526],[-73.99484913485439,40.76925680329461],[-73.99280590385855,40.768382439322714],[-73.99136744453452,40.76777764291461],[-73.9912390959659,40.76772367756408],[-73.99111685916482,40.76767228288789],[-73.9899638269705,40.76718747461629],[-73.9895049823654,40.76781538262201],[-73.98665975649972,40.76661598570965],[-73.98594867645379,40.766315941049555],[-73.98473510236694,40.765803850687114],[-73.98382185703375,40.765418474697505],[-73.98428230146742,40.7647918151018],[-73.98246970821263,40.76403346366599],[-73.98143352023781,40.763594360367364],[-73.98189428279143,40.76296844798005],[-73.98235069015611,40.76234310010128],[-73.98280727801144,40.761718516145585],[-73.98326291021738,40.761093615236845],[-73.98373015419746,40.76045708831889],[-73.98417368750027,40.759841592918534],[-73.98461925228546,40.75919941116468],[-73.98504970073998,40.75857362611793],[-73.9853386867247,40.758693827071895],[-73.98553726597243,40.75797328439628],[-73.98582082455232,40.757257465973936],[-73.9861066572031,40.75656072809183],[-73.98640436709023,40.75580802928723],[-73.9866391256856,40.75503452265636],[-73.98686557841317,40.75431781872826],[-73.98708862643275,40.753606714796966],[-73.98731032054907,40.75289242302924],[-73.98749101879176,40.75215893503496],[-73.98764453787605,40.75141923139869],[-73.98777909947269,40.750660714970266],[-73.98793687537147,40.74985496658222],[-73.98797357695298,40.74949077853482],[-73.9880380997133,40.7490230000506],[-73.9881770997451,40.74828882222702],[-73.9854960226906,40.747152329446166],[-73.98594856735089,40.746535853849146],[-73.98639326620423,40.74592119432631],[-73.98684539299384,40.74530072708856],[-73.98729805474689,40.74468149827795],[-73.98569571344615,40.74400764116844],[-73.98614708712785,40.7433889314159],[-73.98659724531731,40.74277168689492],[-73.98705619358711,40.7421423307391],[-73.98752936222994,40.74152844361936],[-73.98780814688833,40.74112745769567],[-73.98798240033717,40.74087265440662],[-73.98832033313317,40.7410158685587],[-73.98912579799277,40.74135773427896],[-73.98938896190396,40.74059178878958],[-73.98958258715672,40.73986497921359],[-73.98976487476618,40.73917708946341],[-73.9898844202126,40.738735902083405],[-73.9899564561958,40.73847714346371],[-73.9901221833309,40.7377956606267],[-73.99033070278527,40.737131860317064],[-73.99222484880735,40.73791698491],[-73.99265431029018,40.73733046783797],[-73.99311953429248,40.73669104591347],[-73.9952953837317,40.73760648095393],[-73.99581457625747,40.73782005811364],[-73.99634236965909,40.738045231554025],[-73.99683993926492,40.73736088889567],[-73.99734132833476,40.73666788885816],[-73.99780751008134,40.736035906572354],[-73.99827418986168,40.73539113958076],[-73.99853021644101,40.73503789182794],[-73.99871443827661,40.73478386092805],[-73.99918595445678,40.734138582410715],[-73.99956212536296,40.73361239381968],[-73.99976346995442,40.73335923256059],[-74.00006842805219,40.73292466133238],[-74.00051066350595,40.732315223223274],[-74.00095442254056,40.73170609830175],[-74.00141242474726,40.73106525649149],[-74.00168465547009,40.73058156228718],[-74.0021565929282,40.72975679045361],[-74.00220337253589,40.72965325629826],[-74.00252603088524,40.72900791932437],[-74.00278351081941,40.728435470293455],[-74.00281726639142,40.72836312880152],[-74.00304102354131,40.72792082871749],[-74.00317136489282,40.727665119765014],[-74.00333124212378,40.7272506598904],[-74.00336224347836,40.72716610511207],[-74.0034449141662,40.72695881592392],[-74.0037301751627,40.72625005856308],[-74.00403067928829,40.72551249602763],[-74.00455193477922,40.725558816322064],[-74.00578122230039,40.725673504704915],[-74.0064866482789,40.72573972660444],[-74.00755734184445,40.72584022974618],[-74.00757059064222,40.72576375831148],[-74.00836102239059,40.72584146163445],[-74.00885838546756,40.72588991704921],[-74.00910673607578,40.72591405820337],[-74.0099220396653,40.7259869053081],[-74.01086996865864,40.72608471409624],[-74.01097293876414,40.72609537594547],[-74.01108885963123,40.72611360815875],[-74.0112689315631,40.72613415658441],[-74.01158194063746,40.72617103483202],[-74.01157430636667,40.726224741129634],[-74.01174477677962,40.72626993495781],[-74.01514325523303,40.72671052627938],[-74.01718937999252,40.72701112842258],[-74.01762505472136,40.72707512860069],[-74.01924291489152,40.72731277836338],[-74.01954263506836,40.72735680263537],[-74.01981716241625,40.72739712460885],[-74.02030871576648,40.72746932201358],[-74.02076738495731,40.727536687096084],[-74.02102306501536,40.727574238365875],[-74.02130056649008,40.72761499367073],[-74.02148716897018,40.72764239885765],[-74.0211181763124,40.72907239558516],[-74.02077081744076,40.730425073770604],[-74.02057585389427,40.73115673478809],[-74.02023820309327,40.732410276928356],[-74.02020276566326,40.732541839215244],[-74.02014145673434,40.73276944511513],[-74.01917689316653,40.73637182564045],[-74.01804704992676,40.74071038158581],[-74.01733942104566,40.7441887960373],[-74.01725752096381,40.744965231631184],[-74.01545797552261,40.751568645906744],[-74.0153959493017,40.75179622781968],[-74.01493516786955,40.75348683281092],[-74.01407734590761,40.75663394608619],[-74.01399465134612,40.756937314146796],[-74.0126869798159,40.7588254787861],[-74.01012358320725,40.7625264465041],[-74.01003235131195,40.76265815606344],[-74.00983775855867,40.76292816260545],[-74.00968021224014,40.763168493534366],[-74.00923395611649,40.76380285495619],[-74.00841518701809,40.76490868799436],[-74.00640673884448,40.76766575706812],[-74.00517083160629,40.76936970780633],[-74.00450262790238,40.770304797341886],[-74.00280340139679,40.77268257369966],[-74.00236913007011,40.7724761696914],[-74.00194831424297,40.77228812243634],[-74.00109832773033,40.77189496894213],[-74.00091050707593,40.77181025641871],[-73.99885341029413,40.7708610681179],[-73.99876206914315,40.770825056709235],[-73.99631327088191,40.76979883633646],[-73.99526229932724,40.769502967100166],[-73.99523666916933,40.769471005169535],[-73.99522765943297,40.76945625159585],[-73.99522210462902,40.76944054321635],[-73.99522016874279,40.76942434377057],[-73.99522190892243,40.76940813149487],[-73.99522727379215,40.769392385004]]]]},"properties":{":id":"row-tt78.wkpy.t6ke",":version":"rv-pfex~w576.v4u3",":created_at":"2025-11-24T21:48:59.646Z",":updated_at":"2025-11-24T21:48:59.646Z","coun_dist":"3","shape_leng":"48592.2526737","shape_area":"111005050.665"}},
{"type":"Feature","geometry":{"type":"MultiPolygon","coordinates":[[[[-73.83053551231437,40.73752019476327],[-73.82946751997008,40.737024482753476],[-73.82809152577295,40.73708317527289],[-73.8279496908671,40.737819598234886],[-73.82796455084608,40.73850320344758],[-73.82790030270326,40.73850245242471],[-73.8276056949615,40.73850435197111],[-73.82752380261145,40.738514972338564],[-73.827498266082,40.738515603360064],[-73.82745508787603,40.73851667065428],[-73.82740942220515,40.73852206745019],[-73.82731354110302,40.73853339912991],[-73.8272277268523,40.73854354064576],[-73.82713885943929,40.73855404322565],[-73.82705296119795,40.73856419336415],[-73.82701222480381,40.73856900905124],[-73.82695824838827,40.73858977330835],[-73.82687191771196,40.73862298422025],[-73.82669514191794,40.73869099132944],[-73.82657262730547,40.738738122134684],[-73.82646795954928,40.738778388157044],[-73.8263916478642,40.73880774427341],[-73.82633788204859,40.73882842831182],[-73.82630918153819,40.73884205939623],[-73.82623802275509,40.73887585526851],[-73.82614038177393,40.738922229901625],[-73.8260258503621,40.738976624909796],[-73.82597580462097,40.739000395214646],[-73.82591673225815,40.73904569662413],[-73.82582189727239,40.73911842533446],[-73.82581364114836,40.73912906034145],[-73.82568973737025,40.73928864257475],[-73.82564151284564,40.73935075464327],[-73.82560641716528,40.739395955990574],[-73.82556478812236,40.73944957268362],[-73.82556079322765,40.739454360073736],[-73.82540413323078,40.739488225750385],[-73.82497439992203,40.739440425751106],[-73.82494800940721,40.73956710550735],[-73.82481178487835,40.739630959900595],[-73.82485496149478,40.73982936392913],[-73.82471271277598,40.73983373070476],[-73.82435011103323,40.73975360608333],[-73.82355883526147,40.73957874506004],[-73.82266847387125,40.73938499255513],[-73.82177826339539,40.73919364711189],[-73.82089716519059,40.739002110761845],[-73.82006431353763,40.73882814037778],[-73.81837989571774,40.73859374098538],[-73.81708075609814,40.73841473523034],[-73.81693283763661,40.738389510394256],[-73.81677959686552,40.73837979389771],[-73.81662531616102,40.738386311396006],[-73.81647443657343,40.73840887077298],[-73.81633109367914,40.738446401775946],[-73.81607676800755,40.73885793358997],[-73.81518583114372,40.7385711715402],[-73.81501663887526,40.73855854463329],[-73.8149720825747,40.738560715568916],[-73.8148894069137,40.738561816711105],[-73.8144748117333,40.738563274135174],[-73.81323677995563,40.738440622802976],[-73.81229736144064,40.738399869614796],[-73.8113637771942,40.73836483667668],[-73.81090068729748,40.738352073250844],[-73.81039281772222,40.73833807227971],[-73.80941953473126,40.7383000673678],[-73.80896250978174,40.738289197895675],[-73.80847724493353,40.73827140736516],[-73.80754262195273,40.7382284528799],[-73.80660978756133,40.73819335517311],[-73.80567505437237,40.738156338071676],[-73.80473697836211,40.73811317539513],[-73.80465494809697,40.738112423133195],[-73.80459091270853,40.73811195448093],[-73.80363655272855,40.738111169308446],[-73.80273054919087,40.73808407326179],[-73.80183466864679,40.738049288475636],[-73.80092700037342,40.73801323346119],[-73.80002922380814,40.73797581022438],[-73.79912637402579,40.73794428801802],[-73.7982332429044,40.73790959693791],[-73.7973330376338,40.73787739854529],[-73.79685532073506,40.73788254527069],[-73.79642580855253,40.73783118718122],[-73.7959485276502,40.73781371914674],[-73.79584803354903,40.73807468021233],[-73.7952114361733,40.73823782107289],[-73.79299758661395,40.738849109729365],[-73.79293809247407,40.7388655366701],[-73.79288049049093,40.73888195609381],[-73.7919068750941,40.739159566376884],[-73.7910169528726,40.73939283509267],[-73.7901298355528,40.73963153259663],[-73.7892504794113,40.73987381182612],[-73.78853191928515,40.738351388378334],[-73.7875743649691,40.736336149152166],[-73.78671865195075,40.7345320425946],[-73.78565333128053,40.73227259157626],[-73.78478550918601,40.732557246636354],[-73.78392419174791,40.73283731276859],[-73.78302493098273,40.73313071854826],[-73.7821340530909,40.73125225468193],[-73.78118160540566,40.72925693279425],[-73.78116055033674,40.72921275860022],[-73.78113444600999,40.7291558879764],[-73.78079910579696,40.72842524059091],[-73.78048532942988,40.72775158360624],[-73.78033718660038,40.727439399198275],[-73.7801706116627,40.72708178489364],[-73.77985254456182,40.72640295767252],[-73.77955659425682,40.72581377209146],[-73.779066419477,40.72496427023723],[-73.77844281682171,40.72394283729646],[-73.7780376595688,40.723284268716036],[-73.77787601889273,40.72303670299298],[-73.77774895414953,40.722842109062036],[-73.77757868117409,40.72264221807349],[-73.77738048996946,40.72244906289676],[-73.77732562882017,40.72239270114449],[-73.77727808027326,40.722346336797706],[-73.77723195601727,40.722290023730395],[-73.7771768802183,40.72223056541833],[-73.77681711814054,40.72185647873577],[-73.77678075211568,40.72177706412207],[-73.77675219433812,40.721714702666205],[-73.77670838340744,40.72161902830113],[-73.7762079184923,40.72053745092832],[-73.77551073079474,40.719095194205494],[-73.77519714635781,40.7184607267366],[-73.77490589555832,40.717838029604444],[-73.77424798953713,40.71651727416594],[-73.77392242697996,40.71580619295507],[-73.7735713523446,40.71512009537003],[-73.77444238227109,40.714905043632875],[-73.77529927897515,40.7146963140527],[-73.77571458374821,40.71459845492169],[-73.77618628360032,40.71448557420623],[-73.77712346906094,40.71426199408391],[-73.77730633862923,40.714209316818746],[-73.7780011963383,40.71405112362898],[-73.77886957498102,40.71384929712691],[-73.77957164742479,40.713674159233676],[-73.77972553639769,40.71363576951917],[-73.77998005181789,40.713574571276986],[-73.7804203408742,40.71346870965226],[-73.7805889280165,40.713428175662585],[-73.78178273970633,40.713139993700686],[-73.78227126504248,40.713025130574124],[-73.78236650030844,40.713002743699505],[-73.78247043307843,40.712976581029224],[-73.78262547451308,40.71293754849094],[-73.78356075669882,40.71271078785174],[-73.78446144564873,40.71249390498177],[-73.78535272199113,40.71228361653002],[-73.78575198415847,40.71216395259967],[-73.78616005924935,40.71206007134261],[-73.78657528627528,40.711972493276775],[-73.78699598642157,40.711901609242986],[-73.78742040690555,40.711847678460195],[-73.78784678480147,40.71181083266503],[-73.78843507108887,40.71199893780449],[-73.78852928425732,40.712027648668226],[-73.78862630220146,40.71205031483748],[-73.7887254564132,40.712066780129135],[-73.78882606447644,40.71207693077598],[-73.78892743229636,40.712080697093114],[-73.78902886138782,40.71207805312832],[-73.78916019492488,40.712060069601634],[-73.78928913781583,40.71203312368842],[-73.78941412058747,40.71199753200047],[-73.79021544241637,40.711717044676824],[-73.79101410711641,40.71143258559897],[-73.79202854650828,40.71106937119604],[-73.7930379998629,40.710711075424264],[-73.79390405832146,40.71035998555654],[-73.79473052352915,40.71001246196604],[-73.79437972229225,40.70939665048081],[-73.7943385821491,40.70932597654312],[-73.79394796482312,40.70862334627994],[-73.79542560262958,40.70804989552914],[-73.79631660949589,40.70772309448444],[-73.79714697044595,40.70741961946889],[-73.79825829412252,40.70701628742607],[-73.79914373501536,40.7066850514539],[-73.79996986333843,40.70638027950474],[-73.80165725608032,40.70576147539885],[-73.80222783396184,40.70674931260014],[-73.80278721401612,40.70771580305761],[-73.80449987465813,40.70722779156377],[-73.8065887278311,40.70663391001145],[-73.80849332990016,40.706086746506244],[-73.80900071050483,40.70594887389981],[-73.80968985396028,40.70574625548347],[-73.81058877703518,40.70549607182893],[-73.81017165601885,40.704603201270295],[-73.80969346234805,40.70357845546582],[-73.80887409019688,40.70181507120725],[-73.80904927106066,40.70183561454377],[-73.8088776067933,40.70105466587655],[-73.80867426109418,40.700260992250996],[-73.80886552018306,40.70015291511672],[-73.80886559162843,40.70015287117563],[-73.80886567472052,40.70015283412249],[-73.80906901413482,40.70005680854497],[-73.80906914418786,40.70005674510018],[-73.80906928631795,40.70005669206217],[-73.80928291730409,40.699973756700395],[-73.80950462461078,40.699904774954376],[-73.80950469531899,40.69990475764856],[-73.80973198155054,40.69985035491216],[-73.81060059222835,40.69960070616638],[-73.81105786214698,40.69947086691645],[-73.8114739839233,40.69935270666883],[-73.81232544038261,40.69910991509742],[-73.81318711083772,40.69886446794121],[-73.81418145648051,40.69858543208968],[-73.81406989260111,40.6983308027107],[-73.81423210002536,40.698333875247435],[-73.81434697501477,40.69853801714332],[-73.81437598221936,40.698590951738254],[-73.81459624320901,40.698991791644836],[-73.81460550663947,40.699008650130494],[-73.81484592677144,40.69944615208702],[-73.81491098897834,40.6995661599412],[-73.81506619220042,40.69987290003221],[-73.81529201946975,40.700321790871314],[-73.81530860619914,40.70035647626972],[-73.81532940545762,40.70039996982236],[-73.81538426119205,40.70051468389561],[-73.81543951410808,40.70062721100225],[-73.81585800327582,40.701521272750384],[-73.81595120122977,40.70172038208816],[-73.81606046983049,40.701953824496066],[-73.81628916418394,40.70245406534983],[-73.81651630247498,40.7029225864134],[-73.81659377439539,40.70308634643403],[-73.81662996922377,40.70316285311742],[-73.81688994283643,40.703741766029005],[-73.81702768194478,40.70403350238922],[-73.81721678810133,40.70445676408095],[-73.81725010942264,40.70453607827464],[-73.8173153261612,40.70467731132651],[-73.81790640765868,40.705807364105645],[-73.81800625955167,40.70599826009488],[-73.81812873189443,40.70620992158343],[-73.81819659902906,40.70632721291667],[-73.81853512844349,40.70688744259669],[-73.81856503326583,40.70693893590905],[-73.81868695137233,40.70712886624869],[-73.81884191120923,40.70737026748854],[-73.81892214525192,40.70749525863245],[-73.81897591546809,40.70758301718069],[-73.81903633292059,40.70768950767848],[-73.81908663952153,40.707775856512235],[-73.81913889020157,40.70786518818777],[-73.81947609241296,40.708484360414005],[-73.81952770422859,40.708579128170754],[-73.81968586476935,40.70882715291451],[-73.81978951020758,40.70901294771089],[-73.81990040368667,40.7091963033584],[-73.82001844715379,40.70937705486629],[-73.82014353432507,40.70955504216989],[-73.82016094041492,40.70957741466972],[-73.82018105827724,40.70959842873512],[-73.8202387569877,40.70966690738328],[-73.82042559351437,40.70986077269534],[-73.82062604090625,40.710091751813],[-73.8207919540429,40.71031550346124],[-73.82092346470358,40.710465949464236],[-73.8210619788744,40.710612711175976],[-73.82120731851853,40.71075559991046],[-73.82135929683632,40.710894431667676],[-73.82151771844312,40.711029028246074],[-73.8216823796964,40.71115921659662],[-73.82248163815586,40.71175746084593],[-73.82270299528905,40.711959724176445],[-73.82291870505983,40.7121654905527],[-73.82312867170971,40.712374668680845],[-73.82333280192971,40.71258716561576],[-73.82353100519498,40.7128028872102],[-73.82372319350722,40.713021737750644],[-73.82385827389584,40.71315112916544],[-73.82394405983251,40.713233299847076],[-73.82426449164777,40.71381642454238],[-73.82428940583996,40.71387006610695],[-73.82456081264586,40.714255030677634],[-73.82469343974951,40.71444314436308],[-73.82483222413232,40.71463999291594],[-73.82546060732282,40.71554964559434],[-73.82552307493728,40.71565388174554],[-73.82555085162494,40.71570824487872],[-73.8255786285777,40.71576260817265],[-73.82559000587547,40.715774270897214],[-73.82562935289606,40.715863088435206],[-73.82568583683884,40.71599061076025],[-73.82573934567614,40.71611505928562],[-73.82614222328183,40.716178661985616],[-73.82607523509846,40.71598179773833],[-73.8265441938222,40.71601588656758],[-73.82689478808136,40.71606487486282],[-73.82741357901507,40.71617153079322],[-73.82755692244618,40.71621241701145],[-73.82769919261212,40.71625299738259],[-73.82801008373603,40.71634167353694],[-73.82808930830132,40.71636541873028],[-73.82880883159172,40.716581062927034],[-73.8289663603974,40.716612883310766],[-73.82908538052993,40.7166369231443],[-73.82974674222272,40.71677050371316],[-73.83042902418639,40.71696277043287],[-73.83071053760501,40.71709228134523],[-73.83109613073132,40.717269672632995],[-73.83145309640986,40.717494048941795],[-73.83161502740236,40.717595832989296],[-73.83210339638619,40.718006324704135],[-73.83222204340045,40.71811870584969],[-73.8324655716567,40.71834937094679],[-73.83285789057204,40.71875193779108],[-73.8334275199813,40.71936623411756],[-73.83426709465449,40.720271615515934],[-73.83436598047683,40.72038193536311],[-73.8345814657716,40.72064310863237],[-73.83514899857332,40.72133095520068],[-73.8355720176524,40.72186302412852],[-73.83563482235009,40.72193384908746],[-73.83565528609671,40.721960867577636],[-73.83589999945985,40.72228395848477],[-73.83603732734875,40.72247900650932],[-73.83620699863646,40.72271999993926],[-73.83649100764805,40.72313094602218],[-73.83662631672003,40.723323296783136],[-73.83668304529174,40.72340393832557],[-73.83736114488045,40.724560172411636],[-73.83759448617812,40.72505715393939],[-73.83761676131249,40.72510459565752],[-73.83776856958033,40.72543391303386],[-73.8378878861868,40.72569743179575],[-73.83836161375552,40.72556184175571],[-73.83871027261404,40.72621598416139],[-73.83906354616293,40.726879533169566],[-73.83944537317025,40.72753679971611],[-73.83985434290649,40.72817756878081],[-73.84032703163813,40.72880711462688],[-73.84146810861364,40.729998093474855],[-73.84162181664458,40.73011794696745],[-73.84285558354578,40.73114091116715],[-73.84479094580819,40.73055735317823],[-73.84576537947451,40.73026191718618],[-73.84575978176971,40.73049108018641],[-73.84599284898962,40.73096377235841],[-73.84632533338869,40.7316162307005],[-73.84666668239868,40.732282514244936],[-73.84700779327363,40.732947003016776],[-73.84735410733502,40.73361129171498],[-73.84792672911325,40.733440916410224],[-73.84960405164239,40.732941841865646],[-73.84994464868888,40.733607051244775],[-73.85034896708959,40.73348679211858],[-73.85046137330252,40.733453357239675],[-73.85216369481019,40.73294699266228],[-73.85390142793342,40.732427158093955],[-73.85659673908299,40.73162305968147],[-73.85774249565098,40.73128534937365],[-73.85885322417516,40.7309528789148],[-73.86059994532884,40.73043749290034],[-73.8612562890765,40.72993907874227],[-73.86165603726162,40.73007741917053],[-73.86218809003032,40.730276141998424],[-73.8625979382401,40.73041595893496],[-73.8627989119678,40.73048700509901],[-73.86392788971139,40.73089171935494],[-73.86447907542204,40.731089301415196],[-73.86491812395428,40.73124732577084],[-73.86574601160133,40.73153898703835],[-73.86607351109758,40.73169441908045],[-73.8665026992514,40.731938423067554],[-73.86673663444715,40.73207045664666],[-73.86697057211147,40.732202489917434],[-73.86742303266907,40.73245584823503],[-73.86765125092613,40.732583631081575],[-73.8678089822271,40.73267195425473],[-73.86786545459968,40.73269925036621],[-73.86796419057592,40.7327558254784],[-73.86810582281171,40.732826254515366],[-73.86821963125834,40.73288147814404],[-73.86850101123841,40.73301800235871],[-73.86834371059855,40.7330706372573],[-73.86720433541515,40.73339582610074],[-73.8659158062263,40.73376565856051],[-73.86532857214969,40.73395046186442],[-73.86500229628692,40.73405313990219],[-73.86457248576069,40.73418839751481],[-73.8627955306983,40.73471219731853],[-73.86192594863054,40.734968513951344],[-73.86171596287528,40.735030407680405],[-73.86095766445129,40.73521319128117],[-73.86047511611693,40.73531200473003],[-73.85989563481931,40.735430664095375],[-73.85979645233631,40.73546383495397],[-73.85935242115394,40.735612337112414],[-73.8587714121708,40.73578528953873],[-73.85869679989102,40.735804387688134],[-73.85805941887405,40.73599072927801],[-73.85803689892145,40.73599745703115],[-73.8566559660682,40.73640997951719],[-73.85632260686407,40.73650613449431],[-73.85627509206438,40.73651744506998],[-73.85508484825145,40.73680075160258],[-73.85446327648955,40.73690800535927],[-73.85417529106329,40.736957696508064],[-73.85342253681729,40.73708161572841],[-73.85278232085834,40.73720935484384],[-73.85261468611522,40.737250608630596],[-73.85191248790983,40.73742340697366],[-73.85134604621916,40.73758845183982],[-73.85092023395593,40.737730443625466],[-73.8508477109594,40.73775462650833],[-73.85083665784046,40.737758312688285],[-73.85000213133864,40.73803658578713],[-73.84960858180054,40.73818321552225],[-73.84913495210597,40.73836526121315],[-73.84863622795883,40.73855694998849],[-73.848063516772,40.7388157575649],[-73.84755579786064,40.739063915745525],[-73.84750335919429,40.739088963586255],[-73.84665876794986,40.739492376342604],[-73.84590543527911,40.73985382587243],[-73.84579815610542,40.73990529840075],[-73.84562308233122,40.739989846721826],[-73.84552048787275,40.74003365422758],[-73.84543235465966,40.740079929452776],[-73.84525111616192,40.74016798984019],[-73.84480471667902,40.74038027072904],[-73.84430752777926,40.74062742259177],[-73.8434949262893,40.741031357094215],[-73.84324958938693,40.74114709038005],[-73.84270870959875,40.74139625301809],[-73.8424269133082,40.741526063103294],[-73.84191972439773,40.74176320989362],[-73.84108715146415,40.74213586849245],[-73.83963201555534,40.742787158692416],[-73.83945041735497,40.742856821722924],[-73.83913364708272,40.74297833468578],[-73.83799640861363,40.74329825793263],[-73.83777320233673,40.74335216321637],[-73.83769490199528,40.74336465022607],[-73.83767239372226,40.74336823925583],[-73.8375983104832,40.74337839146251],[-73.8373320028813,40.743423942543295],[-73.83724356427699,40.743435344432115],[-73.83715194662568,40.743446001793274],[-73.83705306383402,40.74345896485759],[-73.83679826901466,40.74347833503347],[-73.83633894890669,40.74350797507028],[-73.83614978982513,40.743510083488836],[-73.83614907967062,40.74351009236266],[-73.83592530403457,40.74350057021704],[-73.83591564941864,40.7434308938961],[-73.8359019695298,40.74337980561083],[-73.83586131872133,40.743227984538585],[-73.83517950437047,40.74307205076848],[-73.83386851019374,40.74277220641839],[-73.83296893118761,40.742593616600004],[-73.83207064860905,40.742450937827535],[-73.83163975556528,40.74239913673957],[-73.83115549354874,40.74234091794363],[-73.83119872774826,40.74163904082126],[-73.83124005591633,40.740956691746256],[-73.83128819430252,40.74026488714579],[-73.83130117254039,40.73956106218629],[-73.83133868429907,40.73917063039395],[-73.83090596523125,40.739132763390025],[-73.83099423089345,40.73856549499871],[-73.8311345171537,40.73856190697647],[-73.83053551231437,40.73752019476327]]]]},"properties":{":id":"row-nrz5.2nyv~3uuv",":version":"rv-w2n2~r474~tiz4",":created_at":"2025-11-24T21:48:59.646Z",":updated_at":"2025-11-24T21:48:59.646Z","coun_dist":"24","shape_leng":"76779.5111134","shape_area":"186824791.356"}},
{"type":"Feature","geometry":{"type":"MultiPolygon","coordinates":[[[[-73.88858932232382,40.76285796281905],[-73.88825672706025,40.76102178112106],[-73.88732718297751,40.7611183286215],[-73.88684250265432,40.76116946128586],[-73.88639712367026,40.76121645324568],[-73.88546754686108,40.76131541684848],[-73.88453648730524,40.761413524454525],[-73.8836070851272,40.76151100536048],[-73.88312654552281,40.761561155596894],[-73.88267653144948,40.761608108705076],[-73.88236929982294,40.761640133454165],[-73.88205151352517,40.76167325275254],[-73.88174765708268,40.76170491861623],[-73.88081808433608,40.76180683320962],[-73.88034125861752,40.761857632206585],[-73.87988806393793,40.761905913841524],[-73.87942030653488,40.76194500238532],[-73.87895382732579,40.76198398198397],[-73.8785689046991,40.76190978992034],[-73.87843195100253,40.76187683970991],[-73.87797300090973,40.76179493117617],[-73.87699242445369,40.76162087539832],[-73.87673799149118,40.76021039300481],[-73.87645543141514,40.758659473147716],[-73.87606787767609,40.756536231461425],[-73.87513874299535,40.75663381606072],[-73.87420803095053,40.756731562824264],[-73.87365721778173,40.756803485602774],[-73.87271067448529,40.75506352094248],[-73.87269240707028,40.75502993923494],[-73.87387899605785,40.75490394908091],[-73.87387016007412,40.75485525797974],[-73.87365525849692,40.75367191979302],[-73.8735280060669,40.75296178435325],[-73.8731599234056,40.75091501436958],[-73.87408506335409,40.75082270956592],[-73.8750152087953,40.75072451371432],[-73.87594545579411,40.7506273193057],[-73.87687558193248,40.750530037011664],[-73.8778023206458,40.750431903973166],[-73.87873233532609,40.75033415542236],[-73.87966196863023,40.75023650702004],[-73.88059312840727,40.75013800685869],[-73.88151991488147,40.75003979002169],[-73.88245058496136,40.74994028309087],[-73.88338020295014,40.74984509963806],[-73.88299918288799,40.74773440242371],[-73.88256876956113,40.74777784540714],[-73.88207112127155,40.74782992681798],[-73.88113747601183,40.747927292992685],[-73.88020648025613,40.74802497969253],[-73.87983894920066,40.74806172453981],[-73.87889201062028,40.74763887218785],[-73.8771587248542,40.746865031921075],[-73.87536180152465,40.74606563024217],[-73.8733045841123,40.745151369862064],[-73.87136265624717,40.7442712499523],[-73.87082581785198,40.74455754111879],[-73.87063233038299,40.74467768531373],[-73.87012716413118,40.744991376066366],[-73.8692879980487,40.74524191153828],[-73.86808574250364,40.745600582551695],[-73.86790963860459,40.744933716085825],[-73.86787595133472,40.74481530612834],[-73.8678509751469,40.74471654544388],[-73.86782691069425,40.74462945686211],[-73.86768504942886,40.74407171827453],[-73.86749135058446,40.74330204695481],[-73.86748630103168,40.74299219459389],[-73.86747169233716,40.74209572251964],[-73.86728916340176,40.7421062015314],[-73.86636350603271,40.74280108877276],[-73.8660334366988,40.742035543694946],[-73.86567072571938,40.741133162557595],[-73.86531196988135,40.740258169837254],[-73.86465205057307,40.73863573393421],[-73.86404739265618,40.737163095552475],[-73.86473522439353,40.7369539606568],[-73.86492971241634,40.73689482805406],[-73.86582956039898,40.736643223514605],[-73.86550061648715,40.73598933200835],[-73.86515865436866,40.73532501448202],[-73.86481505378514,40.73466021582639],[-73.86462193422176,40.73428169011556],[-73.8645724864215,40.734188397515545],[-73.86500229628692,40.73405313990219],[-73.86532857214969,40.73395046186442],[-73.86591580688706,40.733765658561275],[-73.86720433607596,40.73339582610147],[-73.86834371059855,40.733070637257256],[-73.86850101189904,40.73301800235949],[-73.86855740276417,40.733044820418],[-73.86882139257666,40.73317036473312],[-73.86925321123611,40.733350668753616],[-73.86992425932884,40.73357818678419],[-73.87013204958298,40.73364754415518],[-73.87026254803291,40.7336893325194],[-73.8703784900335,40.73372384240506],[-73.87175304942404,40.73413300579622],[-73.87208296206036,40.73422903397709],[-73.87265899498115,40.73438030080327],[-73.87306325962818,40.734486457617486],[-73.87383618716795,40.734709220006415],[-73.87421745492412,40.73483334829958],[-73.87442387660886,40.73490458745077],[-73.87482795059209,40.735121636957274],[-73.87517295426308,40.73530694760152],[-73.87544103560506,40.73547801116223],[-73.87586268161269,40.735747484372766],[-73.87660191605573,40.73629463403776],[-73.87671225763907,40.73637319302853],[-73.87693269121267,40.73652599594298],[-73.87755028839449,40.73691969024169],[-73.87775064685236,40.736995757128916],[-73.8779570429736,40.73706261761113],[-73.8781683715395,40.73711989438977],[-73.8783834606664,40.737167285992854],[-73.87938195544707,40.73734349368896],[-73.87971098868452,40.73741094378674],[-73.880315529971,40.737520850053535],[-73.880515062473,40.73756003163066],[-73.88133832581272,40.73772509069905],[-73.88165299981276,40.737780021288714],[-73.8817845183363,40.73780702695605],[-73.88261342394745,40.73795146134445],[-73.88317692134422,40.738073098230885],[-73.88364227619347,40.73817355320679],[-73.88470334085656,40.738366302393246],[-73.88569052541061,40.73855140516459],[-73.8863720395195,40.73867596244494],[-73.88668126294195,40.73873212616207],[-73.88725300804498,40.73883597461942],[-73.88761266758236,40.738892121539],[-73.88769362523583,40.73890476282559],[-73.88806857872356,40.73899054996022],[-73.88828357765942,40.73903974615061],[-73.88966852047393,40.73930150893147],[-73.89025427973525,40.7393922536498],[-73.89050358299947,40.73990275097769],[-73.89088670316742,40.7406872451642],[-73.89127017953258,40.74142824878962],[-73.89168988619014,40.74214484470141],[-73.89217865751209,40.74287277803941],[-73.89344313884902,40.74495795413722],[-73.89444688750346,40.74653527081285],[-73.89489689828707,40.747281057263336],[-73.89524045017727,40.747850402076814],[-73.89547085005869,40.74820565485027],[-73.89554649212248,40.74832228590123],[-73.89564469814556,40.74847370507537],[-73.89567278648558,40.74851821192472],[-73.8957024792071,40.74856607158243],[-73.89573080028957,40.74861505141122],[-73.89615573567092,40.749334601519294],[-73.89631037800208,40.74962770937082],[-73.89673437675525,40.75052042923293],[-73.89703218861678,40.7504870967853],[-73.89711602662592,40.75047771333812],[-73.89719221021893,40.750468661066186],[-73.89730930560381,40.75045856602126],[-73.89744301933598,40.750442801993294],[-73.89772784804417,40.7504165331639],[-73.89865893426986,40.75031889425348],[-73.89908385186348,40.750272477582406],[-73.89922765579034,40.75000253162996],[-73.89963349099985,40.750171001874925],[-73.89971252856658,40.75020381287725],[-73.90005125654713,40.75035255595462],[-73.90078670358858,40.75066560518057],[-73.90106300853678,40.7507832148738],[-73.90076337440016,40.75146963789908],[-73.90087073427081,40.752062273247034],[-73.90132814024773,40.75201748634864],[-73.90155848905154,40.7519949283604],[-73.902157935214,40.751931520495916],[-73.9025781383525,40.75190777114886],[-73.90357127809096,40.75184043825882],[-73.90442003672757,40.752209748939734],[-73.9052501851099,40.752564928478556],[-73.9060748330769,40.75291346985555],[-73.90617832069978,40.752955129486956],[-73.90646018352612,40.7530722810657],[-73.90668454056613,40.75317857006197],[-73.90690889767504,40.75328484873504],[-73.9075942598727,40.753222284102456],[-73.90823661127834,40.753162424544755],[-73.91023124734723,40.75297652297081],[-73.9099543967448,40.75321782275457],[-73.9096931485981,40.75346973263842],[-73.90944851160427,40.75373135373758],[-73.90922902664897,40.75399264232655],[-73.90922139788023,40.75400172309784],[-73.90917451199502,40.7540641670069],[-73.90901259013455,40.75427981484014],[-73.90879316528924,40.75468561632303],[-73.90876818485029,40.75473181480917],[-73.90873645133006,40.75479050035924],[-73.9087137105713,40.75483255450444],[-73.90868067276361,40.75489365372562],[-73.90865671475994,40.75493796129239],[-73.90862474294856,40.754997090732765],[-73.90860265558,40.75503793751018],[-73.9085493213355,40.755136570550185],[-73.90853125293187,40.75516998402148],[-73.90850901857047,40.755211105071005],[-73.90846544581899,40.75529168533977],[-73.90840546824857,40.75545239969781],[-73.90835663281632,40.75558325784765],[-73.90830736888418,40.75571526234923],[-73.90827537850004,40.75580098224484],[-73.90824210840513,40.755890130369544],[-73.90820623782426,40.75598624817548],[-73.9081718813926,40.75607830483686],[-73.90813601060768,40.75617442362346],[-73.90810013817708,40.756270542396315],[-73.90806081675703,40.75637590701426],[-73.9080240832698,40.75647433173961],[-73.90798755686227,40.75657220612675],[-73.90794888940366,40.75667581454651],[-73.90782817471707,40.75699926439576],[-73.90736565517516,40.756987592255065],[-73.90646810018757,40.75708247410205],[-73.90557464109997,40.75717763124475],[-73.90510230924713,40.75722779710673],[-73.90484694951769,40.75725491632293],[-73.90459249045993,40.75728155056375],[-73.90367785013481,40.757377234319115],[-73.90278581649935,40.75747173057434],[-73.9018989815488,40.75756434336796],[-73.90134618626152,40.757622638076924],[-73.9009563073431,40.75766543394284],[-73.90070155579211,40.75768665930467],[-73.90051916404215,40.75770828032515],[-73.90028590875389,40.75773338915987],[-73.89996692971388,40.75776772550045],[-73.89983352529447,40.75778129327365],[-73.89970129946904,40.75779531189343],[-73.89921206771118,40.75784765593128],[-73.89924292112397,40.758017859372245],[-73.89925652710185,40.75819066129199],[-73.8992524388222,40.75836453531141],[-73.89923054046456,40.75853789066785],[-73.89919103516428,40.75870917657339],[-73.89913442260253,40.758876846512585],[-73.89906152130483,40.75903947787694],[-73.89845428017524,40.75993052437589],[-73.89825244241602,40.76021779689837],[-73.89771940257863,40.76097643308493],[-73.89705132643715,40.76195717163286],[-73.89694033831151,40.76196851793815],[-73.89602357679617,40.762062238610355],[-73.89508509535086,40.762161434264655],[-73.8932404187698,40.76235410384869],[-73.89230307802352,40.76245303465306],[-73.89137592477613,40.762556595676855],[-73.89044629253009,40.76266046199921],[-73.88951903460682,40.76275934372516],[-73.88858932232382,40.76285796281905]]]]},"properties":{":id":"row-crw9.t8nk_ycq4",":version":"rv-mgdk_qsux_8jff",":created_at":"2025-11-24T21:48:59.646Z",":updated_at":"2025-11-24T21:48:59.646Z","coun_dist":"25","shape_leng":"47289.0325141","shape_area":"63861387.6661"}},
{"type":"Feature","geometry":{"type":"MultiPolygon","coordinates":[[[[-73.9804048248025,40.700699006737516],[-73.9804174380492,40.70051766434038],[-73.98044078556393,40.70018363038906],[-73.98046217200901,40.699703158170756],[-73.98048077903664,40.69937271448605],[-73.98048604235434,40.69927922762858],[-73.98054419183876,40.6982465122522],[-73.97808892784829,40.698138325176],[-73.97753101697789,40.69811581318201],[-73.97678642620721,40.69808694704697],[-73.97578275822603,40.698047729833974],[-73.97519315230099,40.69802218719007],[-73.9747866381031,40.69800481121005],[-73.97379870981464,40.69796045028812],[-73.9733237859834,40.69793965056515],[-73.9727947779887,40.69792083772702],[-73.97180794061258,40.697885068028775],[-73.97120281107117,40.697857989874535],[-73.97077314951675,40.69784080098768],[-73.96972789882123,40.69780401388004],[-73.96873949207428,40.69775985080964],[-73.96772744689757,40.69771762431755],[-73.96674228610833,40.697672138626416],[-73.96577476267315,40.697635780488866],[-73.9648757333339,40.697714332235535],[-73.96455070532537,40.696107591627474],[-73.96452730176284,40.69602024370299],[-73.96451307452385,40.69596473131042],[-73.96435223489125,40.69593124046683],[-73.96417794720384,40.695901676242414],[-73.96391648439881,40.69591280314902],[-73.96383001979015,40.695916455928085],[-73.96374433734178,40.69592601336051],[-73.96366013235357,40.69594139742135],[-73.96357808672155,40.69596248383931],[-73.96342690602582,40.695999736878484],[-73.96327325219421,40.69603057630985],[-73.96311759453285,40.69605490793974],[-73.96296040868127,40.696072656930625],[-73.96280217456497,40.69608376961298],[-73.96264337548192,40.69608821204513],[-73.96158556117244,40.69620748840591],[-73.96109264168149,40.6940105036842],[-73.96073858295331,40.69242390479968],[-73.96029281668113,40.69034624991546],[-73.96023740336433,40.69006222280786],[-73.96022304539724,40.6899886273838],[-73.96018691924301,40.68980345598882],[-73.96017256138678,40.689729861561226],[-73.96014678019974,40.68960877684167],[-73.96009714565346,40.68934521009751],[-73.96000519802605,40.68888103422083],[-73.95985939425704,40.68814745121728],[-73.95971374756459,40.68741563409094],[-73.95956770121337,40.68668255592733],[-73.95942259332388,40.68595030593009],[-73.959275986797,40.685216705549756],[-73.9591320677473,40.68448514870078],[-73.9589832794176,40.683749915653614],[-73.95884062019911,40.6830180535191],[-73.95858566682583,40.68174248221212],[-73.95839571582404,40.68079779276021],[-73.95824570369483,40.67998510490549],[-73.95826930306914,40.6799068951275],[-73.95829216807783,40.67983113349484],[-73.95595862437378,40.67934624715085],[-73.95529361599387,40.67920315104397],[-73.95530907548103,40.67927313504464],[-73.95432213098012,40.6790735350902],[-73.95414355182159,40.67903741745678],[-73.95300513651662,40.67881508006853],[-73.95298672714047,40.67872199549222],[-73.95297020155687,40.67863935787242],[-73.95281121195066,40.6778442288269],[-73.9526778248788,40.67702698345411],[-73.95307012816906,40.67625192687851],[-73.95336353505729,40.675385633933246],[-73.95368742666987,40.67450136949105],[-73.95399956639864,40.67363258662444],[-73.95431647139924,40.67275343273262],[-73.95301929952373,40.67268106636813],[-73.9502511322993,40.67252986826803],[-73.94748050653838,40.67237964713722],[-73.94471040099198,40.67222841265811],[-73.94194505140898,40.67207733098879],[-73.940846629124,40.67201614883139],[-73.94006148224454,40.67197388612732],[-73.93917604732064,40.67192600048204],[-73.93640532953054,40.671774305514404],[-73.93363490519037,40.67162643414374],[-73.93086761900575,40.67147386981024],[-73.9309511305648,40.67058280508062],[-73.9310332197868,40.66973779226721],[-73.93109989278624,40.66901090860236],[-73.93111937820822,40.66879854309441],[-73.93113207527077,40.6686667815943],[-73.93113954589,40.668589265861286],[-73.93121322132058,40.66782448469895],[-73.93129054831611,40.66701531772518],[-73.93138143868376,40.66612579737975],[-73.93145550047724,40.66523381808761],[-73.9315390668343,40.66434290543466],[-73.93430630583936,40.664495616895984],[-73.93707476804738,40.66464421832286],[-73.93715847157591,40.663752599534384],[-73.93944250665116,40.66387745726219],[-73.93992612669008,40.663903888766335],[-73.94269628894098,40.66405512923529],[-73.94408198675569,40.664128572936896],[-73.94489227687055,40.66417414358656],[-73.94546293654459,40.66422610463919],[-73.94816604175278,40.66408182197882],[-73.94940638893485,40.66400530778206],[-73.95097410011456,40.66390486786363],[-73.95384851143018,40.66372780885405],[-73.95720935391154,40.663517397280174],[-73.95973906084103,40.66336064718144],[-73.96061544798397,40.66330275016818],[-73.96095595387625,40.66328505483404],[-73.96170958908498,40.66323575940506],[-73.96213146395574,40.663208163622954],[-73.9622497383508,40.66319867920018],[-73.96238822274155,40.66308961356705],[-73.96286580529295,40.663812103429635],[-73.96345182075731,40.66468027559075],[-73.96404353165104,40.665546207778],[-73.96464092341108,40.66640987835554],[-73.96524398133077,40.66727126574323],[-73.9658526905601,40.66813034841719],[-73.9664670362447,40.66898710494128],[-73.96708700311058,40.66984151387411],[-73.96771257587994,40.67069355386367],[-73.9683437391331,40.67154320361639],[-73.96898047730879,40.67239044189757],[-73.9692028079929,40.67279515737497],[-73.96894206351242,40.67288749177279],[-73.96888104104282,40.67298035303936],[-73.96882876454936,40.67314217645073],[-73.968804086535,40.67321067540172],[-73.96877181689013,40.6733283422833],[-73.96874661650178,40.67344700571455],[-73.96872853766618,40.67356641962163],[-73.96871761786875,40.673686336511906],[-73.96871387984453,40.6738065075725],[-73.96871733138406,40.673926683599205],[-73.96874143504999,40.674089107341345],[-73.96878202091585,40.674250353137495],[-73.96883890186325,40.674408976494995],[-73.96891154617332,40.674563562138964],[-73.9689991853131,40.674712776814125],[-73.96905954806286,40.67480803291149],[-73.96912815090793,40.67489999878102],[-73.96920468609984,40.67498826182433],[-73.96928881029815,40.675072426053966],[-73.96938014618358,40.67515211408647],[-73.96947828395048,40.67522696818342],[-73.96958278332608,40.67529665251225],[-73.96969317549178,40.67536085443341],[-73.96949738850478,40.67590637996445],[-73.9718859677279,40.676394653479385],[-73.97244492446208,40.67716200860356],[-73.9727161502031,40.67752281068692],[-73.97305251613798,40.6779986768773],[-73.97350883287724,40.678639121471846],[-73.97431048177958,40.679734823071264],[-73.97469118373272,40.68026661630215],[-73.97514316722851,40.68087190530664],[-73.97583405737346,40.68183563025567],[-73.9763162849723,40.68250861208768],[-73.9765687235588,40.6828270595457],[-73.97666659384534,40.682972215301106],[-73.97745722097207,40.684052286608136],[-73.97807729640667,40.68491494039013],[-73.97827416053144,40.68519595177164],[-73.97899402928141,40.68615613287828],[-73.9790906578523,40.68629386565138],[-73.97936297664779,40.68668200071499],[-73.97959037726206,40.68700390235542],[-73.97984055876026,40.687344331546164],[-73.98012756096996,40.68775000862207],[-73.98064972073806,40.68845947705075],[-73.98063728903328,40.68853498294977],[-73.9807684344991,40.68875227217618],[-73.98083375198132,40.68886378501033],[-73.98086822040825,40.68892886813615],[-73.98099479995987,40.68916787241852],[-73.9813977307714,40.68992867043425],[-73.98142302113332,40.68998579484942],[-73.98206215661281,40.69131209107176],[-73.98224328194122,40.6916815276897],[-73.98235800684058,40.69191552484995],[-73.98242357600913,40.69204926112953],[-73.98256680618863,40.69229517479208],[-73.98282537839388,40.69280761650523],[-73.9831569728622,40.69356047915721],[-73.98318137653075,40.69361299016323],[-73.98321890112824,40.69368958245801],[-73.98334960155485,40.6939414833756],[-73.9837995266719,40.69483589292669],[-73.98400487868078,40.695241342528774],[-73.98416734265545,40.695557885626286],[-73.98438102132978,40.695940965405086],[-73.98443038553314,40.69603078902383],[-73.9844724851214,40.69611914393357],[-73.98412735102556,40.69611061444092],[-73.98320737873544,40.696077778196354],[-73.98283786420258,40.6960571099528],[-73.98263326543949,40.69604427380742],[-73.98237499341339,40.69610124610572],[-73.98235115527439,40.69622701761413],[-73.98227354317865,40.697506300196],[-73.98311794105986,40.69754204261729],[-73.98305797488355,40.69829607731819],[-73.98305147125492,40.698377933540435],[-73.98304623654793,40.69843912194056],[-73.98295664208875,40.699485606480664],[-73.98295202716321,40.69953951456019],[-73.98293646380108,40.699721287699504],[-73.98293216786801,40.69977147621638],[-73.98302052801127,40.69978809843956],[-73.9835524895573,40.699790333605435],[-73.98367669386411,40.69979115122999],[-73.98386939241348,40.69979089678432],[-73.9845323562192,40.6998236564391],[-73.98458766914023,40.69986978746098],[-73.98475136131638,40.70001420485008],[-73.98489917784771,40.70016018931701],[-73.98505652797654,40.700300577744436],[-73.98522285008738,40.70043485236233],[-73.98529224418165,40.700485574759995],[-73.98544715580444,40.70059289011495],[-73.98482787036372,40.70057697982928],[-73.98479751712281,40.70096757744955],[-73.98479205964607,40.70103781419195],[-73.98476085666294,40.701439354544746],[-73.98351899062351,40.70138693185234],[-73.9833895206559,40.701381466093466],[-73.98285024817629,40.70135869711964],[-73.98276444863427,40.70135504913055],[-73.98266033007577,40.70135062199808],[-73.98245757426663,40.70134200014381],[-73.98236982910656,40.70133826880555],[-73.98198891392539,40.70132206992218],[-73.9819067949206,40.70131857733487],[-73.98181634804286,40.701314730728825],[-73.98170933566465,40.70131017998399],[-73.98084440488105,40.701295240099725],[-73.98077779108135,40.70124745343891],[-73.98071556212186,40.701196357573686],[-73.9806580011675,40.70114218501774],[-73.98060537013941,40.70108518228479],[-73.98055790852308,40.701025608766706],[-73.98051583225012,40.70096373558766],[-73.98047933279857,40.700899844265116],[-73.9804485762422,40.7008342255352],[-73.98042370252055,40.70076717799378],[-73.9804048248025,40.700699006737516]]]]},"properties":{":id":"row-cxji-ccad-d55b",":version":"rv-nvkw-d7p2_tzy5",":created_at":"2025-11-24T21:48:59.646Z",":updated_at":"2025-11-24T21:48:59.646Z","coun_dist":"35","shape_leng":"53404.5070231","shape_area":"79440618.6016"}},
{"type":"Feature","geometry":{"type":"MultiPolygon","coordinates":[[[[-73.92722485839732,40.725332797858556],[-73.92653850981281,40.72406520136456],[-73.92534378298296,40.721637982465985],[-73.92417994115488,40.72001999582064],[-73.92427812361059,40.71853611888922],[-73.92312683417494,40.717023660709394],[-73.92283177836151,40.716636030802356],[-73.92271117695242,40.71647759153911],[-73.92273875723602,40.71615785672431],[-73.92432687084326,40.71556819492673],[-73.9240590973705,40.714111559644955],[-73.92404011334023,40.71400831262894],[-73.92083937550787,40.71381514007927],[-73.91947977186402,40.71373199851353],[-73.91633296488646,40.71353115557904],[-73.91569881913055,40.713485289609046],[-73.9152114665036,40.71346123901938],[-73.91466958108089,40.713437074926546],[-73.91303759072939,40.713332078060176],[-73.91248248725803,40.71329658862556],[-73.91077807358384,40.713187599919046],[-73.91022283221263,40.71315345326514],[-73.91116207604156,40.71221376947753],[-73.9108630895297,40.712039576915444],[-73.91041324001381,40.71177770170876],[-73.91034730196151,40.7117324353212],[-73.9103471116923,40.7117323100303],[-73.91034697119164,40.711732175396634],[-73.91029127080934,40.71167679429326],[-73.91029105687258,40.71167658773319],[-73.91029089187377,40.71167633463871],[-73.91024897734177,40.711612726112655],[-73.91022359074736,40.71154413212365],[-73.91022353262338,40.71154397024717],[-73.91022350905273,40.71154381694151],[-73.91021561452811,40.71147424650526],[-73.91021559166673,40.71147405701429],[-73.91021561506065,40.71147385114176],[-73.91022426230376,40.71140660681975],[-73.91020937732084,40.711325773947635],[-73.9102093420921,40.711325613094154],[-73.9102092709806,40.711325450034856],[-73.91017398176625,40.71124613227026],[-73.91017393499328,40.711246042774285],[-73.9101738758671,40.71124597136161],[-73.9101188865964,40.71117238304436],[-73.91011882744664,40.71117232922198],[-73.9100472686541,40.71110866077987],[-73.91004711582724,40.71110852563363],[-73.91004693852612,40.711108417775165],[-73.90996326897343,40.71105734639712],[-73.91117919012268,40.709868076782854],[-73.91229102057515,40.708781849472146],[-73.91154761233454,40.70834585665778],[-73.9108052689728,40.707908220079375],[-73.91006417602071,40.70747194014614],[-73.9093217331522,40.707035015062125],[-73.90857886150852,40.70659791326849],[-73.907836238969,40.70615996066756],[-73.90709310420692,40.70572218258607],[-73.90635156404755,40.70528497726509],[-73.90560937037343,40.704848523486326],[-73.90486522651219,40.70440901009342],[-73.90435714182797,40.70411119248656],[-73.90412379545303,40.70397441120869],[-73.90338101613067,40.70353763623563],[-73.90454165590603,40.702399924917785],[-73.90546659487622,40.70149328690498],[-73.90472686584947,40.701054586853544],[-73.90419059370831,40.70073780053258],[-73.90367499092282,40.70040906134565],[-73.90249031868323,40.700484165774384],[-73.90141455418683,40.700491354680366],[-73.90132666325785,40.70049203541611],[-73.90020036093658,40.700500501814204],[-73.89975934172003,40.70050523317868],[-73.89917297540852,40.700510921531986],[-73.89834938347043,40.70051792900077],[-73.89796111515992,40.70051850935436],[-73.8967207968968,40.700616669233106],[-73.89627076029363,40.70065260858209],[-73.89609567813831,40.7006669402686],[-73.89457448970458,40.70079805803807],[-73.89423421554787,40.70082738211593],[-73.89439853331687,40.700663439788286],[-73.89666290026697,40.69840414730423],[-73.89798958002744,40.69706350382124],[-73.8990712311183,40.69554574136526],[-73.89888585772813,40.695389475400404],[-73.89954093129792,40.69428573148922],[-73.90003039150348,40.693437450573654],[-73.90020195748042,40.693398461872164],[-73.90033072444997,40.6931453760939],[-73.90074962354969,40.69248266292352],[-73.90058403345911,40.69239778675994],[-73.90113245103518,40.691877004210205],[-73.9013984066204,40.691589992037805],[-73.90143958673724,40.69161210576583],[-73.90155390238843,40.69167985893352],[-73.90176096608872,40.69180731089196],[-73.90207277364983,40.69199923130421],[-73.90278824707006,40.69241833920609],[-73.90354057071892,40.692848781795945],[-73.90386600475063,40.693035712228905],[-73.90428792710972,40.69327806874719],[-73.90504295295504,40.69370400676022],[-73.90579597009209,40.69412715551361],[-73.904914241938,40.69507357133038],[-73.90480435382058,40.69514816958471],[-73.90426018345657,40.69570037144267],[-73.90466384753685,40.69593224652759],[-73.90500484768364,40.69611874628333],[-73.90540127664346,40.696350305882966],[-73.90576536020424,40.69654855512534],[-73.90611626003222,40.69675055713149],[-73.90652350646191,40.696976143616574],[-73.9068458346055,40.697163549311675],[-73.9072745239221,40.697399189723406],[-73.90756985160587,40.69757174997059],[-73.90802249179696,40.69782540863432],[-73.90877366036932,40.6982552266939],[-73.90953273138557,40.69867510512549],[-73.91106925939418,40.6995634972892],[-73.91180682191074,40.699946882523804],[-73.91067882671317,40.7010459695662],[-73.91142242591333,40.70148658801623],[-73.91216169804075,40.70192316410305],[-73.91290404121959,40.70236189129669],[-73.91180710003329,40.70343495252873],[-73.91254913908388,40.70387341983645],[-73.91329162431975,40.70431263854717],[-73.9140309753655,40.70474911303559],[-73.9147706378166,40.705189437272104],[-73.91551250506066,40.70562644465353],[-73.91589738629857,40.705854816627514],[-73.91625251965175,40.706065542979104],[-73.91660892379083,40.70627549467007],[-73.91664948178584,40.70629938812494],[-73.91699506801969,40.70650296457812],[-73.91736520321216,40.70672246900836],[-73.91773662905575,40.70694273892945],[-73.91883330969786,40.705867117828156],[-73.91995754669938,40.70476409418141],[-73.92157981728967,40.70311462659641],[-73.9231328568128,40.7015294494267],[-73.92458241318437,40.70005525202627],[-73.92487087672401,40.69975984126345],[-73.92602330577168,40.69857962568056],[-73.92556397068431,40.69831048115775],[-73.9252739622224,40.698160520607175],[-73.92516276156196,40.698102265271444],[-73.92453135975218,40.69772162755367],[-73.92377588833712,40.69729832381656],[-73.92575050956033,40.69528485195161],[-73.92499602529112,40.69485458338777],[-73.92424880923994,40.694428611375514],[-73.92520550613084,40.69345465631778],[-73.9249514150247,40.69331522667897],[-73.92631612531581,40.69192845346548],[-73.92644992133326,40.692001768828696],[-73.92707069461471,40.692346224096354],[-73.92750685204842,40.692603811958435],[-73.92778194248555,40.69276117843611],[-73.92804159538606,40.69290561002559],[-73.92850659605703,40.69316572686134],[-73.92864268981751,40.69324101255106],[-73.92882834234968,40.69335009925416],[-73.92882897891404,40.693350474574224],[-73.92970192336769,40.69386339710877],[-73.930511465969,40.69431652304857],[-73.93114516482393,40.694673974863605],[-73.93121199886629,40.694712769782264],[-73.93147184479078,40.6948609024248],[-73.93177404555438,40.69502821534634],[-73.93192890062113,40.69511465702886],[-73.93236605675587,40.695358377296536],[-73.93311862859143,40.695791153846336],[-73.93382817155978,40.69618427680531],[-73.93413397294013,40.696358431403574],[-73.93448784825009,40.69656026847874],[-73.93457999376531,40.6966128244705],[-73.9346067517844,40.696628085337046],[-73.93468892593663,40.69667495388461],[-73.93479699618176,40.69673659185157],[-73.93522264436727,40.69698654462918],[-73.93600679155891,40.69740539574739],[-73.93638762559085,40.697615301506936],[-73.93675978960712,40.697831188830186],[-73.93739064765448,40.698185795399866],[-73.93777354634436,40.69840469254768],[-73.93817718618821,40.69864022329233],[-73.9385685484871,40.69884813554981],[-73.9389015274269,40.69903696998275],[-73.9396899527512,40.699455791944274],[-73.94041991384844,40.69987377526988],[-73.94046308535975,40.69989788954055],[-73.9411491714813,40.700281127491714],[-73.9419307888223,40.700725234695845],[-73.94220058705265,40.70089066746779],[-73.94233398289556,40.700973128974326],[-73.9430640684584,40.701424435091866],[-73.94322686012316,40.70152070914578],[-73.94382473741142,40.701862007878326],[-73.94400504048726,40.701961792197245],[-73.94431460096806,40.70213334535186],[-73.94463910154856,40.7023136946746],[-73.94544988192179,40.70276063597441],[-73.9458549911283,40.70298720677523],[-73.94625107780892,40.703208747453594],[-73.94705205231526,40.70366394883734],[-73.94785367275422,40.70411138320622],[-73.94814066076677,40.704271254386285],[-73.948549626759,40.70450043148216],[-73.94866498839332,40.704565074430924],[-73.94925335721452,40.70489593076173],[-73.94947068399546,40.70501901928349],[-73.94983788592845,40.70522902156283],[-73.95023693757913,40.70547324665456],[-73.95095606116443,40.705842936405816],[-73.95108529870964,40.705912951736664],[-73.95191055699286,40.70636007892383],[-73.9522995549284,40.70649029376451],[-73.9525150381166,40.70655858750629],[-73.9529138869202,40.70670031093011],[-73.95337878068919,40.70685629300834],[-73.95412861963554,40.70691952632717],[-73.95442448066261,40.70667326389516],[-73.95474261623245,40.706970541978706],[-73.95569825069894,40.707041314660195],[-73.95671584359377,40.707111419880746],[-73.95708991502444,40.70714067212388],[-73.95777203828752,40.70718389793221],[-73.95794029944959,40.706881117096074],[-73.95800403301243,40.70693923273716],[-73.95805388127232,40.70698663545322],[-73.95830681195675,40.7072271285742],[-73.95845576794646,40.70725184744564],[-73.95855022794505,40.706881122064004],[-73.9601523346745,40.705897707894174],[-73.96186811264374,40.70478667913785],[-73.96254196233087,40.70435564897054],[-73.96366781809951,40.70361434093066],[-73.964158003336,40.70329520539593],[-73.96422277502101,40.70325328813175],[-73.96429132318018,40.7032089266082],[-73.96442533478863,40.70312220058141],[-73.96486587044728,40.70351524527142],[-73.96488633032727,40.70353417990814],[-73.96505896441128,40.703688455951564],[-73.96508044401766,40.70370787937211],[-73.96510221935506,40.703727569916566],[-73.96514475199501,40.70376603079302],[-73.9651635057144,40.703782987037336],[-73.9656903539448,40.70425937191508],[-73.96632490142208,40.70483060108232],[-73.96639899694354,40.70490783028835],[-73.96646672335,40.70498837521724],[-73.96652782517883,40.705071932083136],[-73.9665820719503,40.705158185738995],[-73.96662925892015,40.7052468108064],[-73.96666920821467,40.70533747307174],[-73.966701769128,40.70542983058564],[-73.96672681881924,40.705523535003394],[-73.96684904360863,40.7058398686956],[-73.96702061585643,40.7062839132699],[-73.96728890236443,40.707002002637914],[-73.96741762213506,40.707446325193146],[-73.96738274995275,40.70763733121257],[-73.96723602010266,40.70834848639127],[-73.96710408101087,40.70905426893203],[-73.96694917820923,40.70986459460637],[-73.9667774179951,40.71062691829651],[-73.96644645660022,40.71137812752312],[-73.96634745607167,40.711609920146756],[-73.96630721484843,40.71169562909393],[-73.96626357872202,40.71179340601114],[-73.96624701917833,40.71182913634066],[-73.96623150517848,40.71187177277216],[-73.96620870849463,40.711918318986676],[-73.9661817012061,40.71197574299493],[-73.96614281336686,40.712057446875356],[-73.96578154905708,40.712860974029894],[-73.96550340123984,40.713483791628384],[-73.96514169384415,40.71428957710375],[-73.96480129428649,40.7150467301187],[-73.96447229927665,40.715733105956446],[-73.96385167664384,40.716339137007424],[-73.96339166081017,40.716765391819195],[-73.96285072590351,40.717271160785074],[-73.96221774070924,40.71786034816897],[-73.96161969975618,40.71841684545826],[-73.96102862334175,40.718967678715714],[-73.96043372541656,40.71952093739712],[-73.95983101992759,40.7191469813512],[-73.95900820454582,40.71863643555443],[-73.95772543993536,40.7178343013742],[-73.95643900199391,40.717032421467486],[-73.95518609691698,40.716252117277094],[-73.95386524436351,40.715432625965235],[-73.95275381269637,40.714735991056905],[-73.95335294504224,40.714183655611926],[-73.95348472164814,40.71407020807868],[-73.95325272975522,40.71406562974638],[-73.95316497602765,40.71406509836667],[-73.95303149420035,40.714062846533736],[-73.95291049798605,40.7140609866411],[-73.95237803620569,40.714511774798154],[-73.95177587623864,40.71502156008075],[-73.95143500721815,40.71528452806123],[-73.9503180925963,40.71610700102264],[-73.94975932724644,40.71648058729952],[-73.94978166240432,40.71661856516844],[-73.9497941186643,40.71669038519682],[-73.94980374589652,40.716744978203565],[-73.9498235815595,40.71685694725609],[-73.94983133724038,40.71690114456707],[-73.9498651528605,40.717099499583796],[-73.94994816412405,40.71758977365768],[-73.95006542738632,40.718300165667344],[-73.94841638539043,40.718455532620226],[-73.94767332918983,40.71852067131912],[-73.94721341876804,40.71856098611867],[-73.94690692462942,40.71859318239213],[-73.9467541987758,40.718609222415864],[-73.94664066651795,40.71861512761074],[-73.94614231219434,40.71890741136339],[-73.94609895419194,40.718933864839165],[-73.94594605352133,40.7190271506772],[-73.94552301620823,40.719286983113825],[-73.94543510428639,40.71934171974691],[-73.9446354633232,40.719839904412176],[-73.94426677114926,40.72006960014938],[-73.94358843563629,40.72045484920024],[-73.94313693700093,40.720711267634435],[-73.94278178732284,40.72091296484977],[-73.94235959931106,40.72114770525685],[-73.94212169135962,40.721290550940395],[-73.9419108265771,40.72142091964887],[-73.94165128949481,40.721597684822804],[-73.94144392556203,40.72173891487325],[-73.94105216808208,40.72202928232026],[-73.94058956143805,40.722354532847],[-73.94026671430156,40.722574514260664],[-73.94018449430195,40.72263053659068],[-73.94014994890236,40.722650979019406],[-73.94009498978788,40.72268200906508],[-73.93973897331617,40.72287394650901],[-73.93929997759118,40.72310900156696],[-73.93919366280859,40.723162877195065],[-73.93897535527928,40.72327210119572],[-73.93875522085126,40.723379182205825],[-73.9385332958628,40.72348410262054],[-73.93830961681016,40.72358684486278],[-73.93812363517083,40.72366120280553],[-73.93793463871272,40.72373102259472],[-73.93774281924705,40.723796233223126],[-73.93754837035193,40.72385676905758],[-73.9372100463239,40.72396922421954],[-73.93686808065621,40.72407511311499],[-73.93652269473692,40.72417436715983],[-73.93617410970519,40.724266922898366],[-73.9362247933762,40.72434872983536],[-73.93630795825948,40.72444010659375],[-73.9363813182787,40.724473084249304],[-73.93642218278215,40.724466803536174],[-73.93646381601482,40.724465148049234],[-73.93650531847967,40.72446815355572],[-73.93654579350493,40.72447575512089],[-73.93658436661627,40.72448778851083],[-73.93662020471228,40.72450399346554],[-73.93665253330138,40.72452402014815],[-73.93668065392168,40.724547435882585],[-73.93670395902248,40.72457373477192],[-73.9367219450906,40.724602348628],[-73.93674902479658,40.72463806048081],[-73.93676849499305,40.724676535920906],[-73.93677988428165,40.7247168434353],[-73.93678291711295,40.72475800679534],[-73.93677751993275,40.72479902978827],[-73.93676382339476,40.72483891922275],[-73.93539740360596,40.72590686742336],[-73.9341233728986,40.72685547097656],[-73.93250662268419,40.72790834181657],[-73.93238176235448,40.72799102690432],[-73.93213397515774,40.72815960343371],[-73.93182484566887,40.72848207315398],[-73.92926341767229,40.727793549485604],[-73.92921295018954,40.72777998231554],[-73.92913994128578,40.727744543210044],[-73.9290837094531,40.72771641721506],[-73.92901607413788,40.727651978450616],[-73.92895219965253,40.727591120336385],[-73.92889300794042,40.727534725643565],[-73.92882562818131,40.72747052799416],[-73.92780120515282,40.72649447638852],[-73.92722485839732,40.725332797858556]]]]},"properties":{":id":"row-y9p8.eqkj_q8fe",":version":"rv-reiv_ywy9_fu7s",":created_at":"2025-11-24T21:48:59.646Z",":updated_at":"2025-11-24T21:48:59.646Z","coun_dist":"34","shape_leng":"71517.9005173","shape_area":"107150012.588"}},
{"type":"Feature","geometry":{"type":"MultiPolygon","coordinates":[[[[-73.89652644236399,40.682403299241614],[-73.89646625128927,40.68233642247593],[-73.8964301041141,40.682446359838295],[-73.89641909073704,40.68247987624376],[-73.89636799095423,40.68259975713415],[-73.89635898837493,40.68262086673322],[-73.8962863468764,40.68275838258725],[-73.89620169623458,40.682891482252046],[-73.89599727316035,40.68319687927993],[-73.89577945503007,40.6834971833581],[-73.895614765645,40.68370742156871],[-73.89554859438628,40.683791892315604],[-73.8953050488283,40.684080519564546],[-73.89504926903233,40.68436259903907],[-73.89491067388055,40.68450848683566],[-73.894174632671,40.68528324867319],[-73.89414255485786,40.6852471462718],[-73.89404098849214,40.68513283510364],[-73.89398568665801,40.685070594710396],[-73.89344031315596,40.684456790534824],[-73.89274142443108,40.683670186165834],[-73.892583031024,40.68349191038462],[-73.89166010725289,40.684044177909996],[-73.89063086789984,40.68470017855065],[-73.89015418738836,40.68500399030772],[-73.88962787578853,40.684236453750366],[-73.88908895286676,40.684640553001195],[-73.88829811172322,40.68515419321342],[-73.88808341776607,40.685293631667875],[-73.88728392925601,40.68562247544994],[-73.88452250957424,40.68668474909558],[-73.8837769858334,40.687863410681715],[-73.88226665508793,40.689038551150865],[-73.88117469031516,40.68987258783456],[-73.8795613942397,40.69110478082602],[-73.87950641154781,40.691146769345096],[-73.87939315108166,40.69120963169431],[-73.87402053306798,40.69419129471561],[-73.87004292899886,40.69494148415006],[-73.8689176269075,40.69514656151405],[-73.86840518949181,40.69473118624387],[-73.86868454370578,40.69403469190564],[-73.86859478038963,40.693884374691116],[-73.86805885286068,40.69118395823938],[-73.86797688044128,40.690795583780755],[-73.86790948446757,40.6904762612661],[-73.86776832168447,40.689803288876],[-73.86762340412545,40.68914534184547],[-73.86752749889669,40.68871618273964],[-73.8674569407755,40.68840044165919],[-73.8672805740703,40.68774928510368],[-73.86701802992113,40.68683034903647],[-73.86687058566343,40.68633059062401],[-73.8665984834927,40.68526955906994],[-73.86650407824388,40.68447405226403],[-73.86631496942952,40.68324894282321],[-73.866302638536,40.68318669410041],[-73.8662900301626,40.68311500720763],[-73.86627174201608,40.68303406835572],[-73.86601993220731,40.68191958702804],[-73.86499404457238,40.68212896989897],[-73.86456494365153,40.68224614957436],[-73.86410096679236,40.68237284979007],[-73.86398968858057,40.68192956266758],[-73.86378674469518,40.68111374702436],[-73.8633494352713,40.679351640386386],[-73.8633096424803,40.679167969161135],[-73.86328297030434,40.67907937067348],[-73.86286742413783,40.679122120640216],[-73.8623458053523,40.67916478514174],[-73.8622594308932,40.678816785653794],[-73.86202843089828,40.677886114032745],[-73.86171238651546,40.67661059597437],[-73.86139775932799,40.675336589980716],[-73.8613186358256,40.67502126881543],[-73.86114396102506,40.674330147450014],[-73.86107192565137,40.674019813895356],[-73.86176409662389,40.67423225960093],[-73.86310050982866,40.674647213399986],[-73.86413333428162,40.674997252375555],[-73.86455313173745,40.675151122212114],[-73.86521514153745,40.675386574492045],[-73.86627349472599,40.67576404490776],[-73.86712598503874,40.67609542247019],[-73.86838105917252,40.67653059922419],[-73.86942312878571,40.67691222756579],[-73.86977606761172,40.67702720895348],[-73.87038744355803,40.67693911771443],[-73.8713077731617,40.67680551397379],[-73.87222734201526,40.676672191349354],[-73.87298649597159,40.676562997728624],[-73.8737405120468,40.676454630934174],[-73.87466664771223,40.67632134980159],[-73.87558810559563,40.676188623239916],[-73.87650905283579,40.67605470081185],[-73.87743156725715,40.67592256338932],[-73.87835368677779,40.675790184285354],[-73.87927528434462,40.67565736586071],[-73.88019885280447,40.67552470326979],[-73.88111892834405,40.67539220271418],[-73.88202187191213,40.67525984576952],[-73.8829076722433,40.6751293483133],[-73.8837221639963,40.67500895467509],[-73.88453657079499,40.67488852034107],[-73.88494865915318,40.674827269151216],[-73.88535163774581,40.67476736974532],[-73.88616543546327,40.67464760796338],[-73.88705242634168,40.67451584560309],[-73.88793799526809,40.67438426399245],[-73.88883773341004,40.67425056366371],[-73.88974236488349,40.674116555251175],[-73.89063957512334,40.67398335071196],[-73.89154333432924,40.67385058762476],[-73.89244714091159,40.67371527038948],[-73.89335128347997,40.67358164593755],[-73.89430053869035,40.67343978431283],[-73.89517627548044,40.673296247503416],[-73.89618968023046,40.6731482035538],[-73.89586724988098,40.67189284501169],[-73.89554341895499,40.67062578796184],[-73.89651796035932,40.67048099120896],[-73.89742154304815,40.67034709218393],[-73.8983412574093,40.670211327858716],[-73.89926204726959,40.67007363809093],[-73.90018401121912,40.669938950105426],[-73.89986288031494,40.668683999831785],[-73.90078316102901,40.66854659580961],[-73.90166767824613,40.66841352919222],[-73.90172163097026,40.668405386526956],[-73.90189201900196,40.668379671835176],[-73.90214995642803,40.6683423582066],[-73.90262640362398,40.66827343100287],[-73.90357323403472,40.66812753547426],[-73.9037725930076,40.66893456848396],[-73.90379302011452,40.66901725778092],[-73.90388454066982,40.669387351822394],[-73.90402040257347,40.66993403899244],[-73.9040376650283,40.67000344850165],[-73.90405641637447,40.67007884519098],[-73.90407006612944,40.6701337316977],[-73.90408241911915,40.67018340063565],[-73.90410107299813,40.670258406727065],[-73.90420035674025,40.67065761692242],[-73.90510914815646,40.670527867993705],[-73.9060311299936,40.67038416322755],[-73.90699844067935,40.67024117341756],[-73.90752282377878,40.670163693954905],[-73.90759738426117,40.670152676916594],[-73.90796993476515,40.670097629832746],[-73.90816143182768,40.67081573727754],[-73.90817662592343,40.67087271443315],[-73.90830768415476,40.67136416816947],[-73.90733678931107,40.67150580744104],[-73.90746456436503,40.67200236202542],[-73.90748059215986,40.67206464789017],[-73.90753530665312,40.67227727541775],[-73.90755100958567,40.67233829952427],[-73.9075950369085,40.67250939596623],[-73.90760878954286,40.672562840706874],[-73.9076558242011,40.67274562309916],[-73.90766943949171,40.672796150557396],[-73.90774729116629,40.673085048527206],[-73.90776133478013,40.67313716498284],[-73.90787711506155,40.67356680930722],[-73.90827801065363,40.67337939400867],[-73.90832954152161,40.67335530302189],[-73.90841931566192,40.6733133327236],[-73.9092400300703,40.672954276246415],[-73.91066580081393,40.67304073824224],[-73.91114683250059,40.673072341464184],[-73.91123038462591,40.673078484542835],[-73.91122305892796,40.67316160505513],[-73.91115101745616,40.67397865025047],[-73.91107588073913,40.67475706067127],[-73.91100238476798,40.675544117849604],[-73.91093397393234,40.67626103661966],[-73.91092600900731,40.676344445404816],[-73.91091823327714,40.67641897485801],[-73.91081358355416,40.67752114234114],[-73.91075316989708,40.678276995632196],[-73.91086568277815,40.678400503413705],[-73.91093863744915,40.6787831040566],[-73.91108276019041,40.67951552310873],[-73.91122493240545,40.68023987294157],[-73.91137474130431,40.68097994117499],[-73.91151806882816,40.681711692440004],[-73.91166390616597,40.6824456512223],[-73.91181302250212,40.68317968446857],[-73.91151192885334,40.68350499059049],[-73.91227301214931,40.683934964689456],[-73.91303721306318,40.68436780968218],[-73.91330728110879,40.684520857821624],[-73.91379700171056,40.68479987178354],[-73.91453972355802,40.685226918479586],[-73.91470083380548,40.68531694524048],[-73.91528963450139,40.68564553649224],[-73.91550033887921,40.685761524530015],[-73.91604599263056,40.68607206947017],[-73.91663016209311,40.68639172055189],[-73.91679832884948,40.686497199369285],[-73.91755226067491,40.68693022355193],[-73.9176811391868,40.687004095303976],[-73.91804606892461,40.687213247770494],[-73.91829345832642,40.687356667815294],[-73.91878323293797,40.68762608794123],[-73.91906109224847,40.68778436926193],[-73.91980961874593,40.68821124141154],[-73.92055013143298,40.688640921613924],[-73.9209610386619,40.688872052340095],[-73.92121369950202,40.689019477115465],[-73.92130587808545,40.68907164359788],[-73.92207133797021,40.689489841300805],[-73.92280702293432,40.68992392584676],[-73.92316966644614,40.690123406492894],[-73.92364379769539,40.690398837581306],[-73.92429213268012,40.690773356854024],[-73.92439183237637,40.69083174877399],[-73.92534903613294,40.69136694133542],[-73.92556064122235,40.69149084050562],[-73.92631612531581,40.69192845346548],[-73.9249514150247,40.69331522667897],[-73.92520550613084,40.69345465631778],[-73.92424880923994,40.694428611375514],[-73.92499602529112,40.69485458338777],[-73.92575050956033,40.69528485195161],[-73.92377588833712,40.69729832381656],[-73.92453135975218,40.69772162755367],[-73.92516276156196,40.698102265271444],[-73.9252739622224,40.698160520607175],[-73.92556397068431,40.69831048115775],[-73.92602330577168,40.69857962568056],[-73.92487087672401,40.69975984126345],[-73.92458241318437,40.70005525202627],[-73.9231328568128,40.7015294494267],[-73.92157981728967,40.70311462659641],[-73.91995754669938,40.70476409418141],[-73.91883330969786,40.705867117828156],[-73.91773662905575,40.70694273892945],[-73.91736520321216,40.70672246900836],[-73.91699506801969,40.70650296457812],[-73.91664948178584,40.70629938812494],[-73.91660892379083,40.70627549467007],[-73.91625251965175,40.706065542979104],[-73.91589738629857,40.705854816627514],[-73.91551250506066,40.70562644465353],[-73.9147706378166,40.705189437272104],[-73.9140309753655,40.70474911303559],[-73.91329162431975,40.70431263854717],[-73.91254913908388,40.70387341983645],[-73.91180710003329,40.70343495252873],[-73.91290404121894,40.70236189179928],[-73.9121616973797,40.70192316460514],[-73.91142242591333,40.70148658801623],[-73.91067882671317,40.7010459695662],[-73.91180682191074,40.699946882523804],[-73.91106925939418,40.6995634972892],[-73.90953273138557,40.69867510512549],[-73.90877366036932,40.6982552266939],[-73.90802249179696,40.69782540863432],[-73.90756985160587,40.69757174997059],[-73.90727452392139,40.69739919022598],[-73.90684583526584,40.697163549312194],[-73.9065235064612,40.69697614411915],[-73.90611626069254,40.696750557132],[-73.90576536020353,40.696548555627935],[-73.90540127730306,40.69635030638609],[-73.90500484834325,40.69611874678644],[-73.90466384753614,40.69593224703017],[-73.9042601841169,40.69570037144322],[-73.90480435382129,40.69514816908213],[-73.904914241938,40.69507357133038],[-73.9057959707531,40.69412715501157],[-73.90504295361606,40.69370400625818],[-73.90428792777072,40.69327806824517],[-73.90386600475063,40.693035712228905],[-73.90354057071892,40.692848781795945],[-73.90278824706934,40.69241833970867],[-73.90207277431011,40.69199923130478],[-73.90176096674973,40.69180731038995],[-73.90155390304945,40.691679858431506],[-73.90143958673798,40.69161210526327],[-73.9013984066204,40.691589992037805],[-73.90188776254891,40.69107772007329],[-73.90042465047141,40.68818389837371],[-73.90116154994368,40.68787793535505],[-73.89652644236399,40.682403299241614]]]]},"properties":{":id":"row-y35e.vfjz.t6fk",":version":"rv-gzwk_gvci~46zu",":created_at":"2025-11-24T21:48:59.646Z",":updated_at":"2025-11-24T21:48:59.646Z","coun_dist":"37","shape_leng":"66588.1276777","shape_area":"101031674.207"}},
{"type":"Feature","geometry":{"type":"MultiPolygon","coordinates":[[[[-73.92687781678939,40.8194788724725],[-73.92731653132714,40.818559633822474],[-73.92740113784264,40.81858285792551],[-73.92781481231783,40.81869021112914],[-73.92806684093165,40.8187556150269],[-73.9282765754822,40.818810041840806],[-73.92921997638732,40.81905888237021],[-73.92923853211896,40.819010242502145],[-73.92974535948483,40.81768239857715],[-73.93002070070162,40.81699580299472],[-73.92903161421214,40.81674691215907],[-73.9283014300461,40.81655655470528],[-73.92821698955642,40.816535646712445],[-73.92814117611896,40.816515212265486],[-73.92726510743401,40.81627648991265],[-73.92707652683994,40.81622241552411],[-73.9268130409303,40.816156077755934],[-73.92672962935889,40.816139419755594],[-73.92662718211719,40.81611895967688],[-73.92568897218237,40.81587494543182],[-73.92550133056167,40.81583301291597],[-73.92533533238402,40.81579155028112],[-73.92505519917857,40.81572157633092],[-73.92480953889047,40.81565902022314],[-73.92399951343121,40.815438912952686],[-73.92395483117592,40.815500960861335],[-73.92390804830018,40.81556592664741],[-73.92376838885548,40.81575986476345],[-73.92372701369347,40.81581732007356],[-73.92309299904515,40.81669772813905],[-73.92124519680905,40.81621939729785],[-73.91985898453211,40.81586500619099],[-73.91860144350687,40.815531962898305],[-73.91845381971261,40.815613631979105],[-73.91840911341076,40.815446553304795],[-73.9181706000061,40.81535135818252],[-73.91773650596839,40.81515740436118],[-73.91727554958183,40.81495330193319],[-73.91680450529152,40.814762065973994],[-73.91632433178042,40.81458411302044],[-73.915836001427,40.814419813731256],[-73.91534053274698,40.81426947280897],[-73.9147544234316,40.814076728818584],[-73.91467523836384,40.81405068802686],[-73.91333778596093,40.813610846203225],[-73.91295450818342,40.81426933468127],[-73.91251890110344,40.81412214426649],[-73.91240322245169,40.81408305622157],[-73.91181210784866,40.813883314552406],[-73.91094778957398,40.81362092073735],[-73.91078566499951,40.81408120496954],[-73.91075065667907,40.81418059598622],[-73.91013370555383,40.81593210997199],[-73.90990993160769,40.81593597888091],[-73.90944757587732,40.81706112690582],[-73.90940730014323,40.81715913393567],[-73.90874961880024,40.81875953887215],[-73.90782342455549,40.818538575738266],[-73.90755577046329,40.818470406681975],[-73.90711610256359,40.81836883508044],[-73.90699718657932,40.81834029843455],[-73.90624113799979,40.8181575607679],[-73.90528570069215,40.81792898618439],[-73.9050076604659,40.81786673554875],[-73.90439330834054,40.817741432445246],[-73.9042682087424,40.81771591702986],[-73.90357902165006,40.81757534558514],[-73.9025785907422,40.81736979443092],[-73.90300983214364,40.81631779195476],[-73.90306443783469,40.81610676152554],[-73.90346997183792,40.815075788483895],[-73.9038041229168,40.81413184229491],[-73.90418337761739,40.813086455480764],[-73.90446551476664,40.81228196041628],[-73.90418036435678,40.81212482056737],[-73.90341720373648,40.81150688285567],[-73.90324273436086,40.81071288453188],[-73.90308946530327,40.80985639970229],[-73.90304837236162,40.80966314587397],[-73.90302017994455,40.80962342852905],[-73.90300877850954,40.8095500732808],[-73.90299766939499,40.809455582859464],[-73.90298795437417,40.80936430103639],[-73.9029792964311,40.8093106394454],[-73.90293929237437,40.809062701055076],[-73.90285585184178,40.80860293176403],[-73.90224620466275,40.80507150295802],[-73.90222284699469,40.804948113189575],[-73.90223410893209,40.80493879780754],[-73.9022392341538,40.80493413558286],[-73.90223822515598,40.80492402259457],[-73.90222993489061,40.8049159356747],[-73.90221178650445,40.80488273445398],[-73.90220455137586,40.804852308490936],[-73.9021918570049,40.80482326114797],[-73.90219372687245,40.80478869398906],[-73.9022265323971,40.80475415307177],[-73.90225572751322,40.804700251758845],[-73.9023195673461,40.804597984559166],[-73.9023169760326,40.80459644917628],[-73.90230320400639,40.80458829127626],[-73.90229048802293,40.80457307075317],[-73.90229231926708,40.80456477563857],[-73.90244539070895,40.8044169535514],[-73.9025229845076,40.80446378809858],[-73.90275593595142,40.804328535324146],[-73.90292770331017,40.80419729221172],[-73.90287760566825,40.80415758214618],[-73.90290469388441,40.80413905443774],[-73.9030596666765,40.80401743434729],[-73.90308609780266,40.80399708839889],[-73.90321268862614,40.80389963951356],[-73.90325563815306,40.80392767616936],[-73.9033386526166,40.803855411933284],[-73.90335633787758,40.803861123610666],[-73.90339901556949,40.80387490713974],[-73.90355158434718,40.80383536768725],[-73.9035658374585,40.803831022625346],[-73.90363555376408,40.80380977075971],[-73.90368265865948,40.80379503259291],[-73.90373284581685,40.803773296117825],[-73.90374201269472,40.80376780879034],[-73.90376599453884,40.803753454679075],[-73.90377177524543,40.80374999525849],[-73.90379945054718,40.803722796575805],[-73.90382200372179,40.80369870354418],[-73.90385991710882,40.80366995724984],[-73.90389269713289,40.803652096615686],[-73.90392732704383,40.803634390296516],[-73.90393674269912,40.80362957661066],[-73.90394842506669,40.803621310450474],[-73.90396748173777,40.80360782449502],[-73.90400232330262,40.80357907559451],[-73.90407055303406,40.803520977650784],[-73.90414898834872,40.80345565208422],[-73.90437865544331,40.80327459751805],[-73.90445884046349,40.80321138584581],[-73.90448088690115,40.803191695319384],[-73.90449983884297,40.80318343345096],[-73.90452954029595,40.803170235651365],[-73.90455004089955,40.803150030032626],[-73.9045756677556,40.80312360795331],[-73.90462487688029,40.80306920276437],[-73.90467203828258,40.803014796698314],[-73.90476931117155,40.80291284239649],[-73.90479864625014,40.802886244413514],[-73.90485211233455,40.80283522949147],[-73.90495358976557,40.80272461344591],[-73.90500098071382,40.80266796125857],[-73.90503014175457,40.80263479944814],[-73.90504498642535,40.802600333384106],[-73.90505752846572,40.80257121666838],[-73.90506666976965,40.80254080436119],[-73.90508491686404,40.80250486787978],[-73.90511408874657,40.80246479414765],[-73.90515780873793,40.80243026136898],[-73.90518695888107,40.802405396178095],[-73.9052452798718,40.80234045570518],[-73.90531233908494,40.802274729987424],[-73.90539107059982,40.80218571009478],[-73.90543844595949,40.80214011954582],[-73.90546395588943,40.80211525180037],[-73.90549128480001,40.80209038403275],[-73.90550588373223,40.80206135941587],[-73.90552153240625,40.80201995540115],[-73.90576051517738,40.80179988126255],[-73.9060142782173,40.8015529315985],[-73.90606336502242,40.801583391449626],[-73.90620386757683,40.801492993499295],[-73.90652042213173,40.801175510519805],[-73.90658587833812,40.80110747894855],[-73.9067289367694,40.80096996755174],[-73.90681401688889,40.800890639606216],[-73.90675009147145,40.8008505950251],[-73.90670130044802,40.80082003032889],[-73.90676850025974,40.80074671096523],[-73.9067687295804,40.80074541685321],[-73.90717872796368,40.80032263305569],[-73.90726298774203,40.80023744894748],[-73.90734272035733,40.80015683791882],[-73.90739374242624,40.80010433539618],[-73.90743384206748,40.80005458974919],[-73.90745262808166,40.80002824445045],[-73.9074703043683,40.80000345741231],[-73.90749762913997,40.799981356167976],[-73.90752658104599,40.7999632196948],[-73.90753951558075,40.799955117340524],[-73.90757045986986,40.79994684581985],[-73.90760867251461,40.79994549420575],[-73.90763052690517,40.79993168488231],[-73.907641464507,40.79991648288497],[-73.90764331354349,40.799895744109584],[-73.90775808108097,40.79979904478861],[-73.90790019737915,40.799660885183755],[-73.90793663556693,40.79962772927617],[-73.90795847743303,40.79962221554753],[-73.90799121626038,40.799631921275186],[-73.90802032289528,40.79963609242175],[-73.90807397255661,40.79957281916726],[-73.90810210034238,40.7995396468629],[-73.90816794754275,40.799461986193776],[-73.90813152403804,40.799431300273405],[-73.90817714488041,40.799390091479054],[-73.90822077422804,40.79941916382666],[-73.908244442187,40.79940950374753],[-73.90838080233769,40.79948704475166],[-73.90842190767937,40.79944209294755],[-73.90847556062435,40.799383415386586],[-73.90855026742396,40.799307425389536],[-73.90848846163325,40.79926451189845],[-73.9083775600421,40.79919805242714],[-73.90829031194396,40.799132994587985],[-73.90825579500266,40.79909286868319],[-73.90825513733579,40.79909100008897],[-73.90824310840063,40.799056907059835],[-73.90824133200002,40.799025103545894],[-73.9083030360836,40.79895913491553],[-73.90915659660176,40.798309428424105],[-73.90963900093561,40.79794222580132],[-73.90967334768479,40.797961250054136],[-73.9096745552532,40.79796191909004],[-73.90974077921037,40.79791214367453],[-73.90979388517727,40.79786849523331],[-73.90984607703047,40.79790059833701],[-73.90991082881835,40.7978588600233],[-73.9099464421473,40.797834305905845],[-73.90996589145395,40.79780482296475],[-73.9100436931831,40.79767951655243],[-73.91013438705265,40.7975886346284],[-73.91032544723609,40.79742900177394],[-73.9104679052552,40.797330784890946],[-73.91060709552245,40.797257147412175],[-73.91071392139703,40.79719577567383],[-73.91079168499049,40.79709750926233],[-73.91089222265276,40.7970177955389],[-73.91090501284451,40.79701156009363],[-73.91095679669981,40.79698947591854],[-73.9109859346481,40.79696983299864],[-73.91105069334647,40.796920719929346],[-73.91109827415845,40.79688807033036],[-73.91126755502674,40.79681518532826],[-73.91141644034256,40.79674647135713],[-73.91149413374387,40.79669982506653],[-73.91162285866275,40.796641078496684],[-73.91168831241195,40.79662376988879],[-73.91174653323974,40.79662627374753],[-73.91178857279279,40.79663367937336],[-73.91182091990513,40.796633704123636],[-73.91188561236636,40.79663375359556],[-73.91195998908083,40.79664855949797],[-73.91203438228852,40.796651075562565],[-73.91208612977915,40.79665603089615],[-73.912147006019,40.79667811757114],[-73.91215402389724,40.796680664441695],[-73.91223808592933,40.79671022661473],[-73.91234481901408,40.79671768194618],[-73.91266826025971,40.79673513462],[-73.91300786031533,40.79676243246773],[-73.91317604910037,40.796772391488375],[-73.91344774544469,40.796782428535366],[-73.91372255973513,40.796789439261254],[-73.91239963342692,40.79607025601081],[-73.91067333522173,40.793116307484475],[-73.9102221578405,40.79046520778237],[-73.91090487032612,40.79004068496236],[-73.91094297500425,40.789755042751274],[-73.91124959039149,40.78974393630268],[-73.91169342372018,40.789572638609854],[-73.91183777669977,40.789680884457844],[-73.91207974958294,40.78952181498908],[-73.91195110905574,40.78940179722103],[-73.91206853578734,40.78933865381293],[-73.91222952426362,40.789179279966184],[-73.91266748294667,40.78900397454125],[-73.91240811000254,40.78927430344559],[-73.91259985977615,40.7893763296344],[-73.91423947898444,40.787856209562925],[-73.91558710205888,40.78642963116634],[-73.91526014002221,40.786192216642036],[-73.91534351270965,40.78611634758426],[-73.91541718691299,40.78606392941054],[-73.91575172894562,40.786107578578125],[-73.91683276950303,40.78519139248691],[-73.91718200679621,40.784552063681986],[-73.91717118646493,40.784193483868876],[-73.91724516427522,40.78414200119841],[-73.91773807374241,40.784075951409996],[-73.91818862939189,40.7839329661137],[-73.91847384225493,40.783754157697906],[-73.91909034608426,40.78336764600354],[-73.91996458792964,40.78263506903906],[-73.92097562099744,40.781767691003914],[-73.92209965433324,40.7808518746365],[-73.9226301376478,40.78056478522501],[-73.92295652690137,40.780441008122246],[-73.92318694397959,40.780248393627915],[-73.92423363007518,40.77910119376552],[-73.9248734448181,40.77862560400647],[-73.92557304262864,40.77845885182878],[-73.92565076244354,40.778430812336026],[-73.9257452158047,40.77840537134059],[-73.92582201179859,40.778385906262685],[-73.92631833403904,40.77824177518497],[-73.92827730766659,40.776898974821464],[-73.92839561141334,40.776790529567684],[-73.9286051502335,40.776592675101],[-73.92903572077368,40.776467417058534],[-73.92988058566199,40.77622163190228],[-73.93062856554165,40.776590902749604],[-73.93088304197026,40.77697370667945],[-73.93107377146754,40.777260594398165],[-73.93104964232832,40.77744189731167],[-73.93178834239043,40.77787060710448],[-73.93184646011392,40.77788082503022],[-73.93264931173445,40.77802197373036],[-73.93272210387853,40.7780347671176],[-73.93274122899228,40.77799395031725],[-73.93277477801554,40.77792238877756],[-73.93289245404364,40.77794260548749],[-73.93381132859464,40.77810045373345],[-73.93437322789991,40.7780859221369],[-73.93474353077397,40.778076335377406],[-73.93594318474871,40.77888576169357],[-73.9377608164942,40.78011208653776],[-73.93701720159764,40.78109046634221],[-73.93820455699068,40.781850292732784],[-73.93940313246738,40.78202057677548],[-73.94237173854094,40.78245922288446],[-73.94364823538969,40.78265616183588],[-73.94367358284843,40.78271662373098],[-73.94376005340587,40.782828932220056],[-73.94383256609946,40.7828590889724],[-73.94389324605929,40.782887727332565],[-73.94395460163102,40.78291552015384],[-73.94405439380257,40.78296435754335],[-73.94409680370364,40.7829107897901],[-73.94418042939921,40.78280000562579],[-73.94419113834061,40.782785817899594],[-73.94422224326162,40.7827363057724],[-73.94426008488233,40.78267603540329],[-73.94427315665554,40.782655230724046],[-73.94432285362952,40.78255774847164],[-73.94433165868122,40.78254047299034],[-73.944342041241,40.78252010776297],[-73.94439719745503,40.78238161037327],[-73.94443826908824,40.78224095413407],[-73.94447051056174,40.78203527318518],[-73.94448660923054,40.78182756442508],[-73.94448629698903,40.78161893356596],[-73.94447433668958,40.78147059901303],[-73.94424592141935,40.78050705904958],[-73.94419493020563,40.7801277904007],[-73.94435789485777,40.7797610922873],[-73.94509380195643,40.78006799496502],[-73.94545202158804,40.78021733120015],[-73.94552211864158,40.780246554485345],[-73.94637350532334,40.78060147706915],[-73.9464462821936,40.78063181558344],[-73.94659059180266,40.78069197357352],[-73.9464776424549,40.78084530304352],[-73.94642443300467,40.780917534019736],[-73.94630631684217,40.78107787603926],[-73.94619718641084,40.78122601824229],[-73.94613091651325,40.78131597838768],[-73.94588094490058,40.781658165988055],[-73.94573785309689,40.78185404204143],[-73.9456698164536,40.781947176189504],[-73.94536565108588,40.78236245133244],[-73.94525035523525,40.78251986372316],[-73.94521308542932,40.78257074657101],[-73.94757763320617,40.783567905703045],[-73.94833792871066,40.78388867098422],[-73.94926506167415,40.78427980963047],[-73.94982390342966,40.784515570040284],[-73.94933170560955,40.78519312655763],[-73.95033804130387,40.78561715001319],[-73.95092812788218,40.78586538067528],[-73.9512967085309,40.78602007486519],[-73.9522294760314,40.78641155023187],[-73.95246430166776,40.7865104309183],[-73.95255145535161,40.78654858066246],[-73.95266136728188,40.78659501962442],[-73.95341646690392,40.78691257113917],[-73.95371344994508,40.78703758502394],[-73.9541647699251,40.78722756357649],[-73.95465609839754,40.78655237303476],[-73.95626130919686,40.787222875777324],[-73.95577735912323,40.787913924471084],[-73.95528233480856,40.78858445548827],[-73.95510417014535,40.78882207175309],[-73.95481723816654,40.78920474437014],[-73.95439919191298,40.78977490866774],[-73.95388917014776,40.79047049955923],[-73.95343683861161,40.79108514137182],[-73.95316044994834,40.791466881886464],[-73.95309827540682,40.791552752912345],[-73.95297740619732,40.791719692665794],[-73.95252222638756,40.79234762222524],[-73.95207127144826,40.79298117148115],[-73.95160265364947,40.793607805111264],[-73.95111102438507,40.79428503582479],[-73.94950835513141,40.79360571040327],[-73.94901341120828,40.79428164095196],[-73.9489636412496,40.7943499555625],[-73.94892557856811,40.79440220097898],[-73.94884512930372,40.79451262643795],[-73.94863281183463,40.79480405467639],[-73.94855549685455,40.79491017593088],[-73.94808516463624,40.79553641772915],[-73.94788590372357,40.795827234605895],[-73.94781651107095,40.79592213944766],[-73.947645282114,40.796156319508405],[-73.94717575884312,40.79679715044444],[-73.94670030971344,40.797450543718],[-73.94722520890897,40.797671686461044],[-73.94831125454382,40.79812921756683],[-73.94820641538051,40.79827285059578],[-73.94815384258742,40.79834487607554],[-73.94810108960388,40.798417148883715],[-73.94805130202991,40.798485359854325],[-73.9478467911884,40.79876554320342],[-73.94781662986682,40.79880686297168],[-73.94775716402752,40.798888331538],[-73.94771055979315,40.79895218061348],[-73.94741996169058,40.79935029529539],[-73.94737599778551,40.79941052472026],[-73.9473277151459,40.79947667147866],[-73.94728018231284,40.79954178928627],[-73.94697366806989,40.79996170341282],[-73.94646133852072,40.80066530537973],[-73.945947627292,40.80044916362889],[-73.94529655264606,40.80017522038029],[-73.94484776833318,40.799986387769174],[-73.94337271739417,40.79936579668635],[-73.94323386401436,40.79930718664977],[-73.9429647902603,40.79966832643989],[-73.94273380479531,40.799978342517534],[-73.9422717512097,40.800608199873444],[-73.9421478209206,40.8005561246248],[-73.94066550023706,40.79992996580711],[-73.94020613087986,40.8005570611656],[-73.9401043629508,40.800696247792395],[-73.9400605218459,40.80075620727965],[-73.9397466816046,40.80118543414851],[-73.93933253647674,40.801753739947266],[-73.93928688819672,40.80181637907967],[-73.93882902162521,40.802444289266205],[-73.93837150225347,40.80307146852599],[-73.93791384232667,40.80369922178631],[-73.93741852831688,40.80437467853143],[-73.93692774589348,40.80504640830215],[-73.93647142591121,40.80567022206725],[-73.9360752494178,40.80621481289879],[-73.93601638727363,40.806295726009076],[-73.93556209257547,40.80691711427347],[-73.93510528545542,40.807539850027595],[-73.93466427942596,40.80817512756808],[-73.93453553786932,40.80813628748441],[-73.93425008426028,40.80769461694507],[-73.93393308021938,40.80726253848042],[-73.93382005754653,40.807108484286076],[-73.93374920266524,40.80702637072766],[-73.93366634735779,40.80706369415755],[-73.93362797086434,40.80708098139138],[-73.93355490895709,40.80711184878378],[-73.93348589496578,40.807141104532384],[-73.9332590953999,40.8072372452067],[-73.931845644269,40.80785584548105],[-73.93188710097729,40.80789402439734],[-73.93191956757516,40.807937134104385],[-73.93228261982843,40.80836397312043],[-73.93252708719834,40.808823281775005],[-73.93264257181461,40.809382864526754],[-73.93262095222697,40.8097707412709],[-73.9325943458117,40.81005355686643],[-73.93282288760696,40.81011361733355],[-73.93283250567397,40.81011615205655],[-73.9328639708333,40.81012443688595],[-73.9328741193582,40.81041404342861],[-73.93278688019221,40.810494460198754],[-73.93269089766969,40.81058293257906],[-73.93267921899456,40.81079913518712],[-73.9325650330202,40.810885975692294],[-73.93261684590965,40.811467496392986],[-73.9326322918905,40.811904622262865],[-73.93247701797054,40.81342360833757],[-73.93243119315409,40.81401683388959],[-73.932428399467,40.814060686315855],[-73.93242631935766,40.8141175189588],[-73.93242307595013,40.814151715175655],[-73.93241767276572,40.81420870568823],[-73.93237568884734,40.81465157430035],[-73.93236564182574,40.8150329653773],[-73.93236209265817,40.815342117825615],[-73.9323406284529,40.81721181929949],[-73.93233582201997,40.817630405384186],[-73.93238745042837,40.81942438714829],[-73.93238847621996,40.819460027887544],[-73.93238971258873,40.81950284733641],[-73.93238181702401,40.81955319634073],[-73.93237498504206,40.81959069718475],[-73.93242874671114,40.82044714079748],[-73.93245923814182,40.821120612140724],[-73.93246603585042,40.821577434976206],[-73.93251180822979,40.82213881642004],[-73.93254883512151,40.82259921675253],[-73.9325786278701,40.82304071104589],[-73.93261139068629,40.823487619575715],[-73.93266867628323,40.82407835088297],[-73.93270505561138,40.82455972450265],[-73.93272841961672,40.824912542957264],[-73.93273054155667,40.82498434775114],[-73.93273844041308,40.8251255109344],[-73.93274693841838,40.825216783076065],[-73.93275761662524,40.82532227041267],[-73.93276594581215,40.82545822668246],[-73.93277433404916,40.825612169385145],[-73.9329594037359,40.82692344776963],[-73.93298275069633,40.82722440674616],[-73.93300760500146,40.82753571320404],[-73.93305881749963,40.828086243812166],[-73.93307251134269,40.8281561525392],[-73.93303721920101,40.828159845726404],[-73.9329419094136,40.82816770602621],[-73.93250790040793,40.82820039327255],[-73.9320887359559,40.828232745041475],[-73.9314663106977,40.82828175975024],[-73.93138977514707,40.82828528619017],[-73.9312619917936,40.828291173953495],[-73.9311997816495,40.82829838662966],[-73.93114131907961,40.828303808331874],[-73.93095939346627,40.82833708946197],[-73.93093075513673,40.82825413363557],[-73.9308570367727,40.82804059504409],[-73.93068561627994,40.82706059905744],[-73.93060310116333,40.82702127925661],[-73.93023982756259,40.8268706232134],[-73.9298560541989,40.826713731371164],[-73.92976069210353,40.82658241881319],[-73.92960023127225,40.82634192294384],[-73.92871744322214,40.824922721757375],[-73.9285363116954,40.82464421907346],[-73.92847318584161,40.82454892716912],[-73.92814066119314,40.8240611560624],[-73.92748845105729,40.823172453615044],[-73.92691530888139,40.82245736822068],[-73.92715433770994,40.821878088787614],[-73.92722409337608,40.82170903514121],[-73.92654246406516,40.820762631283465],[-73.9263865626359,40.82062531502215],[-73.92634345653649,40.820578551554846],[-73.92662466358091,40.82002639402524],[-73.92687781678939,40.8194788724725]]]]},"properties":{":id":"row-eea6-jyfz_szzc",":version":"rv-skky_vd49_z32y",":created_at":"2025-11-24T21:48:59.646Z",":updated_at":"2025-11-24T21:48:59.646Z","coun_dist":"8","shape_leng":"69520.8519566","shape_area":"129883342.973"}},
{"type":"Feature","geometry":{"type":"MultiPolygon","coordinates":[[[[-73.9326562035398,40.83647347652595],[-73.93299639001609,40.83567878918873],[-73.9331430664309,40.83519412761613],[-73.93317633707268,40.83494357433004],[-73.93319931381825,40.83477039587429],[-73.93346235703143,40.83364382307174],[-73.9334610565315,40.83351942071153],[-73.93346918342066,40.83339516765471],[-73.93348671071207,40.833271475700094],[-73.93351358026509,40.83314875478459],[-73.9335380799096,40.83305849207668],[-73.93356390791223,40.83299165333056],[-73.93356395675795,40.832942736020904],[-73.93357044802292,40.832892192581006],[-73.93360592036706,40.83278953052081],[-73.93354606680877,40.83150945299852],[-73.93347556906261,40.83122141007254],[-73.93341936655104,40.83077435096853],[-73.93332562839956,40.83002868376566],[-73.93308540282125,40.82822567432008],[-73.93307251134269,40.8281561525392],[-73.93305881749963,40.828086243812166],[-73.93300760500146,40.82753571320404],[-73.93298275069633,40.82722440674616],[-73.9329594037359,40.82692344776963],[-73.93277433404916,40.825612169385145],[-73.93276594581215,40.82545822668246],[-73.93275761662524,40.82532227041267],[-73.93274693841838,40.825216783076065],[-73.93273844041308,40.8251255109344],[-73.93273054155667,40.82498434775114],[-73.93272841961672,40.824912542957264],[-73.93270505561138,40.82455972450265],[-73.93266867628323,40.82407835088297],[-73.93261139068629,40.823487619575715],[-73.9325786278701,40.82304071104589],[-73.93254883512151,40.82259921675253],[-73.93251180822979,40.82213881642004],[-73.93246603585042,40.821577434976206],[-73.93245923814182,40.821120612140724],[-73.93242874671114,40.82044714079748],[-73.93237498504206,40.81959069718475],[-73.93238181702401,40.81955319634073],[-73.93238971258873,40.81950284733641],[-73.93238847621996,40.819460027887544],[-73.93238745042837,40.81942438714829],[-73.93233582201997,40.817630405384186],[-73.9323406284529,40.81721181929949],[-73.93236209265817,40.815342117825615],[-73.93236564182574,40.8150329653773],[-73.93237568884734,40.81465157430035],[-73.93241767276572,40.81420870568823],[-73.93242307595013,40.814151715175655],[-73.93242631935766,40.8141175189588],[-73.932428399467,40.814060686315855],[-73.93243119315409,40.81401683388959],[-73.93247701797054,40.81342360833757],[-73.9326322918905,40.811904622262865],[-73.93261684590965,40.811467496392986],[-73.9325650330202,40.810885975692294],[-73.93267921899456,40.81079913518712],[-73.93269089766969,40.81058293257906],[-73.93278688019221,40.810494460198754],[-73.9328741193582,40.81041404342861],[-73.9328639708333,40.81012443688595],[-73.93283250567397,40.81011615205655],[-73.93282288760696,40.81011361733355],[-73.9325943458117,40.81005355686643],[-73.93262095222697,40.8097707412709],[-73.93264257181461,40.809382864526754],[-73.93252708719834,40.808823281775005],[-73.93228261982843,40.80836397312043],[-73.93191956757516,40.807937134104385],[-73.93188710097729,40.80789402439734],[-73.931845644269,40.80785584548105],[-73.9332590953999,40.8072372452067],[-73.93348589496578,40.807141104532384],[-73.93355490895709,40.80711184878378],[-73.93362797086434,40.80708098139138],[-73.93366634735779,40.80706369415755],[-73.93374920266524,40.80702637072766],[-73.93382005754653,40.807108484286076],[-73.93393308021938,40.80726253848042],[-73.93425008426028,40.80769461694507],[-73.93453553786932,40.80813628748441],[-73.93466427942596,40.80817512756808],[-73.93510528545542,40.807539850027595],[-73.93556209257547,40.80691711427347],[-73.93601638727363,40.806295726009076],[-73.93607525074063,40.80621481289952],[-73.93647142591121,40.80567022206725],[-73.93692774589348,40.80504640830215],[-73.93741852831688,40.80437467853143],[-73.93791384232667,40.80369922178631],[-73.93837150225347,40.80307146852599],[-73.93882902162521,40.802444289266205],[-73.93928688819672,40.80181637907967],[-73.93933253647674,40.801753739947266],[-73.9397466816046,40.80118543414851],[-73.9400605218459,40.80075620727965],[-73.9401043629508,40.800696247792395],[-73.94020613087986,40.8005570611656],[-73.94066550023706,40.79992996580711],[-73.9421478209206,40.8005561246248],[-73.9422717512097,40.800608199873444],[-73.94273380479531,40.799978342517534],[-73.94323386401436,40.79930718664977],[-73.94337271739417,40.79936579668635],[-73.94484776833318,40.799986387769174],[-73.94529655264606,40.80017522038029],[-73.945947627292,40.80044916362889],[-73.94646133852072,40.80066530537973],[-73.94697366806989,40.79996170341282],[-73.94728018231284,40.79954178928627],[-73.9473277151459,40.79947667147866],[-73.94737599778551,40.79941052472026],[-73.94741996169058,40.79935029529539],[-73.94771055979315,40.79895218061348],[-73.94775716402752,40.798888331538],[-73.94781662986682,40.79880686297168],[-73.9478467911884,40.79876554320342],[-73.94805130202991,40.798485359854325],[-73.94810108960388,40.798417148883715],[-73.94815384258742,40.79834487607554],[-73.94820641538051,40.79827285059578],[-73.94831125454382,40.79812921756683],[-73.94722520890897,40.797671686461044],[-73.94670030971344,40.797450543718],[-73.94717575884312,40.79679715044444],[-73.9476452821144,40.796156319005824],[-73.94781651107095,40.79592213944766],[-73.94788590372357,40.795827234605895],[-73.94808516463624,40.79553641772915],[-73.94855549685455,40.79491017593088],[-73.94863281183463,40.79480405467639],[-73.94884512930372,40.79451262643795],[-73.94892557856811,40.79440220097898],[-73.9489636412496,40.7943499555625],[-73.94901341120828,40.79428164095196],[-73.94950835513141,40.79360571040327],[-73.95111102438581,40.79428503481964],[-73.95062885475737,40.79495959137642],[-73.95015821293123,40.79558773150472],[-73.94968682996546,40.796216984878306],[-73.949422877495,40.79660638416048],[-73.94923327016367,40.79687199990516],[-73.9497477308443,40.79709700160124],[-73.95094228349505,40.79760311767077],[-73.9523741912891,40.798209771248125],[-73.95246092785285,40.79824249401041],[-73.95253186754347,40.79826974269265],[-73.95276726978318,40.798372092071766],[-73.95522296544118,40.79940664661788],[-73.95525763649196,40.7994211988945],[-73.95530363920547,40.799440500194564],[-73.95536651686375,40.79946642641669],[-73.95786499295285,40.80051527193648],[-73.95817297103875,40.80058254095482],[-73.95848111476145,40.80067047758607],[-73.95883381389868,40.80081750460012],[-73.95964685423183,40.80115642275391],[-73.95914741137354,40.80184376013723],[-73.95868839367483,40.80246979486861],[-73.95824878329815,40.803106486471165],[-73.95820300807132,40.80389427150144],[-73.95823477383297,40.80439673194488],[-73.95824272452381,40.80452248107117],[-73.95825482513996,40.80471387844124],[-73.95828559321642,40.80515894346955],[-73.95829164853637,40.805235630914346],[-73.9582887850018,40.805312425448804],[-73.95827702487068,40.80538872933101],[-73.95825646001664,40.80546394831535],[-73.95822725015266,40.80553749726366],[-73.95818962261227,40.80560880369078],[-73.95772176015927,40.80629098862737],[-73.95769641356506,40.80632574455507],[-73.9572850864945,40.80688974749113],[-73.95726581554518,40.80691617138704],[-73.95680543811145,40.8075457097821],[-73.95647969804114,40.80798968088388],[-73.95645088503701,40.80802895134944],[-73.9563699079726,40.808139319136124],[-73.95634493613605,40.80817335404019],[-73.95588417616439,40.808802248546485],[-73.95542974856458,40.809429153406725],[-73.95496657106287,40.8100645552061],[-73.9549432448996,40.81009649688453],[-73.95485690168722,40.810214728263325],[-73.95483482011073,40.81024496550872],[-73.95451229620694,40.81068660169391],[-73.95428809850648,40.810992232291625],[-73.95401092916893,40.81136978105639],[-73.95354382953636,40.812050820629715],[-73.95312854343483,40.81269160826321],[-73.9531098089303,40.81349509643984],[-73.95307510652924,40.81429928127857],[-73.95297387432095,40.81507044343663],[-73.95286768308453,40.81584562882725],[-73.95276265878405,40.81654305670377],[-73.95227185444462,40.81722064107721],[-73.95176792301615,40.81790861721081],[-73.95087990711843,40.81839442972194],[-73.95219973177446,40.81895024825885],[-73.95174483562596,40.819572617096846],[-73.95082879991472,40.820827936594725],[-73.9503771058541,40.821445618079245],[-73.94992194453778,40.8220723137254],[-73.9494652711791,40.822689320766465],[-73.94808289815631,40.822108022013566],[-73.9476222468389,40.822737079704304],[-73.94738501878173,40.82305988825843],[-73.94716484091252,40.82335949213157],[-73.94671350785228,40.82398015905063],[-73.94622236726669,40.824651619193276],[-73.94573078959124,40.8253222678263],[-73.94527685409574,40.82594787000552],[-73.94481902421916,40.82657101189923],[-73.94436432559596,40.8271949625669],[-73.94389849025886,40.827815267172284],[-73.94353225857238,40.828054369812804],[-73.94314262727431,40.82830874682429],[-73.94234447254753,40.828783132424086],[-73.94221068063389,40.82872784181123],[-73.94209331991361,40.82904170481654],[-73.94205104294714,40.82915848371387],[-73.9419516661811,40.829432980396135],[-73.94180863311223,40.829788830778256],[-73.94166101450737,40.83015608569059],[-73.94152103851765,40.830515669488925],[-73.9413679958138,40.83089083858562],[-73.94107546980683,40.83076685087095],[-73.94034643247572,40.83045784234695],[-73.9401413121009,40.83037198888075],[-73.94006947601434,40.83048997427201],[-73.93999744383,40.830734636836134],[-73.93998396211418,40.83077324478128],[-73.9399616891024,40.83083481215519],[-73.93993407399874,40.83089511791621],[-73.93990123909782,40.83095389496649],[-73.93986433442215,40.8310034322629],[-73.93982367587596,40.83105124401818],[-73.93977940284938,40.83109716630951],[-73.93973047314388,40.8311441521789],[-73.93957215471538,40.83131164562336],[-73.9395054458646,40.83137953268944],[-73.93944593182748,40.8314511748132],[-73.93939397725366,40.831526133063285],[-73.93934990048135,40.831603948189795],[-73.93931397158647,40.83168414343795],[-73.93922856230164,40.83190780198146],[-73.93918842362683,40.83199755090584],[-73.9391502798233,40.83208017934626],[-73.93910667103938,40.83216123309382],[-73.93905770936337,40.83224050377819],[-73.93894859789032,40.83241733582581],[-73.93877360261706,40.83266321215989],[-73.93858050061861,40.83289867500349],[-73.93848743203277,40.83299450350973],[-73.93839095689789,40.83308836841282],[-73.93829114697948,40.83318019987519],[-73.93818807633613,40.83326992935347],[-73.93808182183749,40.8333574902997],[-73.93797246252802,40.8334428175657],[-73.93729533331444,40.833975918203905],[-73.93700641644854,40.834193110180394],[-73.93660364733653,40.834513016676595],[-73.93572624332148,40.83515634659975],[-73.93530788070063,40.835477724431165],[-73.93506336342622,40.83567765881004],[-73.93496274110738,40.83575993424733],[-73.93485595172766,40.83585697418193],[-73.93467393002159,40.83606490323878],[-73.93463510596277,40.83605019207717],[-73.93445239397421,40.835980959647344],[-73.93436132705641,40.836200775593475],[-73.93431245425087,40.836318503157514],[-73.93428447793899,40.836383843146386],[-73.93419823237814,40.83657279307641],[-73.93410258068455,40.836766169238885],[-73.93401498008389,40.83693436237371],[-73.93390952876399,40.83713285480006],[-73.93377517793459,40.8373712854762],[-73.93363830694673,40.837579421198825],[-73.93353117016969,40.837766305566824],[-73.93346654114816,40.837891325020465],[-73.93341807218596,40.83797188003893],[-73.93335684427649,40.83808787018024],[-73.9332666973021,40.83825027195106],[-73.93316806312855,40.83842168184667],[-73.93309918150788,40.8385434747886],[-73.93295973312948,40.83878578135568],[-73.93279555797109,40.83912375004072],[-73.93216201657103,40.840255068553425],[-73.93183461490949,40.840836973049406],[-73.93152929686684,40.84138537503999],[-73.93135888954994,40.84168834011949],[-73.93122229886856,40.8419311978196],[-73.9309748803972,40.84240043206545],[-73.93024959456238,40.842341122901],[-73.92968325635633,40.84228724281692],[-73.92957870884571,40.84227666909991],[-73.92958939441964,40.84208354857675],[-73.92985714744461,40.841567448455514],[-73.93036686159226,40.840620022807556],[-73.93039907687995,40.84061025903101],[-73.93048324520994,40.8404600610697],[-73.93043184038572,40.84023170538796],[-73.93050705627856,40.840010274069385],[-73.93051572386132,40.839933642184256],[-73.93055441727198,40.839888010396784],[-73.93059094800807,40.839858681547526],[-73.93065980124585,40.83971523229911],[-73.93071570322783,40.83963863028938],[-73.93075007959844,40.8396158226335],[-73.93076945055623,40.839570177661244],[-73.93081468528484,40.83942834514663],[-73.93086414417793,40.83935336886803],[-73.93095819832959,40.839254147416],[-73.93150395434274,40.83832068900751],[-73.9318666017278,40.83764005625038],[-73.93235564152509,40.836993335628044],[-73.9326562035398,40.83647347652595]]]]},"properties":{":id":"row-9jw8~vq7u~53qv",":version":"rv-rbm3.64px.ic3i",":created_at":"2025-11-24T21:48:59.646Z",":updated_at":"2025-11-24T21:48:59.646Z","coun_dist":"9","shape_leng":"46709.5602908","shape_area":"61792463.3355"}},
{"type":"Feature","geometry":{"type":"MultiPolygon","coordinates":[[[[-74.05581438861887,40.64970879790647],[-74.05619414135846,40.63927748304841],[-74.05623556634045,40.63813939564076],[-74.05630148788673,40.637058572747726],[-74.05646822584008,40.6317466905475],[-74.05661769565643,40.62728407105302],[-74.05534110428687,40.62513123369629],[-74.0535224462629,40.622090796289335],[-74.05235184918664,40.62013362230893],[-74.04996267761105,40.61625667425289],[-74.04906155737615,40.614823916290625],[-74.0480655585538,40.61324022375554],[-74.0474892623948,40.61233098164086],[-74.04644311547098,40.61075134623531],[-74.04388942485573,40.606912939770694],[-74.04809737992754,40.60554458130101],[-74.05015222895783,40.604876301346195],[-74.05220703685077,40.604207984776934],[-74.05288262709564,40.603990422494924],[-74.05359133556057,40.603761688551735],[-74.05407802100702,40.60360488871584],[-74.05411903232552,40.60359201004455],[-74.05427398282046,40.6035420221801],[-74.05440401951475,40.60349894207087],[-74.0545429517053,40.60345296738066],[-74.05455543455284,40.603449014302505],[-74.05470663014333,40.60340113632503],[-74.05471572511608,40.603398196717876],[-74.05524502692683,40.60322700634856],[-74.05575901429353,40.60305401048109],[-74.05631107867332,40.60287912772127],[-74.056482038298,40.60282497078928],[-74.05750095157087,40.60249997064796],[-74.05757267476872,40.60248052850128],[-74.05763097280293,40.602456978527236],[-74.05772595113665,40.60242694230841],[-74.05781883358189,40.60239307215591],[-74.05791596177808,40.602363000019615],[-74.05804291161594,40.60232120580798],[-74.0585286107492,40.60217315640104],[-74.05901463533625,40.60202572647174],[-74.05918140661808,40.601990946307126],[-74.05934987498138,40.601961296233306],[-74.05951976891403,40.601936824035654],[-74.05969081460763,40.601917569154345],[-74.05986273639837,40.601903562621295],[-74.06003525721086,40.60189482700983],[-74.06020809886573,40.60189137603435],[-74.06038098296426,40.60189321561546],[-74.06055363088107,40.60190034278838],[-74.06072576437141,40.60191274606685],[-74.06089710601894,40.60193040546119],[-74.06106737968317,40.601953292510885],[-74.06206719700167,40.602066552915865],[-74.06268947350857,40.60216299122502],[-74.06308241334588,40.60224273050526],[-74.0637197181165,40.60237204866328],[-74.06404802443372,40.602449301992955],[-74.06525189713179,40.60276811524997],[-74.06548957230673,40.602833867930926],[-74.06555046863122,40.60285071412022],[-74.066944192355,40.60338395073944],[-74.06895040829791,40.604057704654174],[-74.06895549385669,40.604059785497775],[-74.06902603426713,40.604086992937944],[-74.06910835055774,40.60412017253634],[-74.07020934332184,40.60456389715958],[-74.07041882039456,40.60465426015391],[-74.07062946802903,40.60474302874872],[-74.07092057527946,40.60486230192997],[-74.07128102332766,40.60500463401645],[-74.07164455767794,40.60514233215143],[-74.07191744417946,40.60524101880902],[-74.07219293636271,40.60533540709903],[-74.07247091768038,40.60542545708693],[-74.07275127106928,40.605511130572694],[-74.07303387738114,40.605592391400705],[-74.07331861705448,40.60566920518983],[-74.07335405136561,40.60567894701374],[-74.07355068826254,40.60572780601738],[-74.07383701028031,40.605798947611014],[-74.07414539574044,40.60586558498269],[-74.0743509542152,40.60591000186343],[-74.07475787920801,40.60599186435239],[-74.07487796173434,40.6060160206072],[-74.07532902290566,40.606092963812365],[-74.07549081900552,40.606113134037415],[-74.07587500175865,40.60616102640707],[-74.07600981534533,40.606172376551264],[-74.07604550993386,40.60617538153075],[-74.07654903651498,40.606217771716054],[-74.07711690914545,40.60625409219335],[-74.07774896669959,40.60629061021922],[-74.07791312776841,40.60629581625911],[-74.07832894416158,40.606309001292736],[-74.07967094659583,40.60632096621454],[-74.07982181695915,40.60632523236863],[-74.08115698289586,40.60636298031595],[-74.08148289131633,40.60638202914197],[-74.0817283452209,40.60640373215601],[-74.08185602139412,40.60641502054325],[-74.08219005525393,40.60645002039952],[-74.08269647557587,40.606520500341446],[-74.0829810376325,40.60656395232384],[-74.08340817087476,40.60663834169407],[-74.08345803171696,40.60664702354628],[-74.0836020329842,40.60667599574583],[-74.0837574558788,40.606707266485344],[-74.08420331476174,40.60682170450793],[-74.08492170202598,40.60700608587189],[-74.08517927280128,40.60707219407717],[-74.0853701662224,40.60713653774752],[-74.08541881542253,40.60715364217455],[-74.08618510979552,40.6074230484536],[-74.08661583157719,40.60760196086415],[-74.08667685640336,40.607628202352366],[-74.08710287557886,40.60780469635703],[-74.08710697627356,40.60780639500986],[-74.08745595091155,40.60795096895329],[-74.08788162404436,40.608138319735126],[-74.0881489762597,40.60825598646011],[-74.08842393734426,40.608375985917654],[-74.08864680934742,40.6084644887257],[-74.08877560102609,40.60851501493537],[-74.08884696905744,40.60854301270237],[-74.08940031814537,40.608773488964275],[-74.08952401250323,40.608825008563656],[-74.09019896368795,40.60911203565373],[-74.09036247408226,40.609180886815636],[-74.0904490075182,40.60921691272391],[-74.09059096071744,40.60927600888671],[-74.0907188263746,40.609331964604465],[-74.09104796000217,40.6094759959727],[-74.09194697133935,40.60985602966255],[-74.09211998605419,40.609921000462215],[-74.09251396986748,40.61006894473445],[-74.09296970658629,40.61021850547531],[-74.09334895800468,40.61034297373814],[-74.09378802751823,40.61044398881612],[-74.09388760068954,40.610464501704726],[-74.09408070773615,40.61050428172964],[-74.09425400824732,40.61053998075035],[-74.09471995898262,40.61062101382615],[-74.09519296533949,40.61068697411975],[-74.09562595777207,40.610731982916775],[-74.09575927002113,40.610740412059364],[-74.09592255107607,40.610750736426986],[-74.09614799283628,40.61076499275876],[-74.09698401672148,40.610751980525166],[-74.09729162629431,40.61073956499034],[-74.09738394367523,40.61073583786165],[-74.09760294443866,40.610726997722445],[-74.09766792606992,40.610727548142584],[-74.09787758323506,40.61072932235404],[-74.09814902779297,40.610712981126035],[-74.09942236983315,40.61066843827103],[-74.09950406410611,40.6106655795595],[-74.09957665409738,40.61066303977902],[-74.09992203728535,40.61065095488023],[-74.10004594941847,40.61064641712231],[-74.10072113510097,40.61062175821864],[-74.10119680585966,40.61060438412709],[-74.10142599840765,40.610596011553234],[-74.10148398213416,40.61059389339945],[-74.10156026247252,40.61059110702822],[-74.10205794446395,40.61057292437795],[-74.10249475192933,40.61058685424515],[-74.10339012757501,40.61056889736567],[-74.10339997907697,40.61056862397541],[-74.10431300349535,40.610543283638386],[-74.10530654983317,40.61051688661502],[-74.10551650555209,40.6105113076725],[-74.10618377388356,40.610474574415534],[-74.10660889710822,40.610455402227906],[-74.10721170787002,40.61043622134965],[-74.10727950201415,40.610434063813564],[-74.10825922725067,40.61040392245309],[-74.10877478907656,40.6104057199674],[-74.10911512900022,40.61042298978098],[-74.10914677524003,40.61042459615875],[-74.10958051916764,40.610460522367156],[-74.11008564353688,40.61053538724329],[-74.11046041793338,40.61060711747107],[-74.11046713546637,40.610609965710964],[-74.11079364616259,40.61067827136447],[-74.11096913243388,40.61072273082286],[-74.11156401297053,40.6108734404367],[-74.11269591638843,40.61115854979742],[-74.1129605337728,40.61122423050297],[-74.11312251441089,40.6112592973759],[-74.11322387933762,40.611281241049184],[-74.11349123392547,40.61132842731639],[-74.11376164389242,40.611365578631265],[-74.11403412005993,40.6113925347905],[-74.11430767294401,40.61140921768975],[-74.11458131713357,40.611415618921946],[-74.11467167939084,40.611417289372014],[-74.11501380711604,40.61142360866782],[-74.11528110915326,40.61142223905235],[-74.11549730961063,40.61141564702869],[-74.11582103877517,40.611397587156276],[-74.11603362411314,40.611378778864484],[-74.11658324504744,40.61129668580231],[-74.11661152734173,40.6112924608442],[-74.11672929827382,40.61127525383815],[-74.11681383622367,40.61125830229858],[-74.11678874132109,40.61106102191036],[-74.11677291779156,40.610932504634],[-74.11671547236669,40.61045707851803],[-74.11668596775489,40.61020813189991],[-74.11666764136643,40.61008608543845],[-74.11656237307771,40.60940419960991],[-74.11631821458651,40.60871827509948],[-74.11606166569528,40.60801798250832],[-74.11592958416497,40.60755142883629],[-74.1158771640149,40.60725747103656],[-74.11580959833529,40.606942512099856],[-74.11579141405586,40.60686116485438],[-74.1181404092349,40.60661589474842],[-74.1182347088622,40.60660707922666],[-74.11831881810245,40.60659921663755],[-74.11839435297713,40.60659215607024],[-74.11853408904422,40.60657909286306],[-74.11861477520407,40.606571550887665],[-74.1187322221689,40.60656057121654],[-74.11881323245386,40.60655299911431],[-74.11888052430983,40.60654670816841],[-74.11897222818935,40.60653813462784],[-74.11912585737117,40.60652377170515],[-74.11975476374552,40.60646317888346],[-74.12003263072526,40.60643640500863],[-74.12012639284573,40.60642819729659],[-74.1202267704612,40.60641940997324],[-74.1205027784338,40.60639524449772],[-74.1206025429922,40.60638651076315],[-74.1209205384288,40.60635866935814],[-74.12192645393468,40.6063045558513],[-74.12289575874088,40.606260992184524],[-74.12386177611619,40.606216361749226],[-74.12483243299897,40.606171095112856],[-74.12593807586987,40.60607245294065],[-74.12690645818584,40.606005901264965],[-74.1275026451122,40.60596913033798],[-74.12823194345025,40.605906220079504],[-74.12798760664516,40.60411614353758],[-74.12884022236256,40.604041141124604],[-74.12973191405304,40.60396253213845],[-74.1306282934116,40.603883035897944],[-74.13156826050465,40.60376950649886],[-74.13255202424551,40.60364519334484],[-74.13277633870837,40.60362953512697],[-74.13343167297002,40.60358140860154],[-74.13354053621492,40.60417175497921],[-74.13377156041491,40.604413996982515],[-74.13388434584085,40.605638094352905],[-74.13398384249079,40.60653847014185],[-74.13389544385721,40.60679496088367],[-74.1339758755274,40.60765547075204],[-74.13304142199074,40.607696970607286],[-74.13248836897351,40.607732252640915],[-74.13204227412702,40.607755973810754],[-74.1320825936755,40.60804448044071],[-74.13210459656511,40.608152924107124],[-74.1321174135115,40.608264349290266],[-74.1315796948071,40.60829233888459],[-74.13132019869654,40.60830584583902],[-74.13094880791196,40.60832517422807],[-74.12984264547447,40.60841136678602],[-74.12941996932122,40.608444299090756],[-74.12875899482546,40.6084957944092],[-74.12796043156841,40.60859802043012],[-74.12752954968848,40.60865317615178],[-74.12747134826182,40.608660626405175],[-74.12699202824716,40.608721980632794],[-74.12653629332912,40.608795262113986],[-74.12565594928085,40.608936813696246],[-74.12551194212811,40.60895996642795],[-74.12532511725988,40.60899477393674],[-74.12485022164853,40.609082120789864],[-74.12435945930136,40.609181788868476],[-74.1240675536036,40.609246877295426],[-74.12381044425666,40.60930926378997],[-74.12338272285973,40.60941304548462],[-74.12304350682335,40.60949004716706],[-74.12260273707312,40.609604490922464],[-74.12199197028522,40.60975748910107],[-74.1213858871797,40.60990931039942],[-74.1214479506588,40.610171545868496],[-74.12157834758419,40.610601956358835],[-74.12202970479964,40.61174434892964],[-74.12213196009964,40.61201316289648],[-74.12236161631878,40.61257480872008],[-74.12255777376559,40.613076631805626],[-74.12140479375809,40.61316501637515],[-74.12066258337714,40.61322443993628],[-74.1204446066541,40.613241679783094],[-74.11944907349417,40.61331973089923],[-74.11918311127765,40.61333857555833],[-74.11828430567755,40.61341523783541],[-74.11684212499921,40.613525460144025],[-74.11649799334855,40.61355721593913],[-74.11554160696974,40.61362916649459],[-74.11513227304064,40.61366180494788],[-74.11414570031985,40.613741530041],[-74.1143511073734,40.615159674287874],[-74.11439475121676,40.61583685971882],[-74.1144394633257,40.61664755525528],[-74.11452563379889,40.617459423828926],[-74.11462306269692,40.617998820969675],[-74.11465838012992,40.61805772378273],[-74.11471208723381,40.61811022521384],[-74.11478047590136,40.61815164449465],[-74.11485743241938,40.61817911441845],[-74.11787187877943,40.61787404661409],[-74.11818244536232,40.618528702907504],[-74.11850615501587,40.61919279206914],[-74.11889558015154,40.61978229461536],[-74.11900577671895,40.619969978327696],[-74.11910886431095,40.62015999302134],[-74.11920475806146,40.620352182380444],[-74.11929337902033,40.62054638829887],[-74.11937465421849,40.620742451010244],[-74.11944851662453,40.62094020932127],[-74.11951490550695,40.62113950043602],[-74.11957376618138,40.62134016040032],[-74.11962505015542,40.62154202413229],[-74.11966871516867,40.62174492555848],[-74.11955300806865,40.62178195893333],[-74.1194631025333,40.6218107179335],[-74.11926246814522,40.621893656554015],[-74.11907233442577,40.62199227973172],[-74.11889579691986,40.62210532617476],[-74.11873555065262,40.622231052368726],[-74.11859378264498,40.62236737022274],[-74.11856597414186,40.62240039674061],[-74.11851021577793,40.622460189681306],[-74.11846761396417,40.62252229450637],[-74.11846471661178,40.62252615115947],[-74.11842396095068,40.622603142359246],[-74.11839754640854,40.622682883839715],[-74.11835046890863,40.62280025096223],[-74.11832727472246,40.62288776127773],[-74.1183060097197,40.62296455612942],[-74.11828202731074,40.623130170389786],[-74.11834787144687,40.623144244745525],[-74.11839099136482,40.623153430017666],[-74.11840021008206,40.62316540101769],[-74.1184039309014,40.62317172609218],[-74.11841111621116,40.62318563481441],[-74.11843289207204,40.62321239388781],[-74.11847279715201,40.62325106367341],[-74.11857238353434,40.62334095015486],[-74.11869486295853,40.62342039094348],[-74.11871007925257,40.62343021805746],[-74.11886302371887,40.62358928166371],[-74.11889513922779,40.623638264392135],[-74.11892271892715,40.623688132502764],[-74.11892504281062,40.62371261528345],[-74.11895809863472,40.62383798784774],[-74.11898890480978,40.62390079471195],[-74.11899775331491,40.62391884081142],[-74.11900233182747,40.62392818317872],[-74.11918837055798,40.62413340800613],[-74.11928965944698,40.62424074408119],[-74.11940594877494,40.624388921765025],[-74.11949658192482,40.624524770074956],[-74.11968740260832,40.62481156713086],[-74.11969188818134,40.624821594257284],[-74.1197273809903,40.62490094755616],[-74.11975838783333,40.62497026467381],[-74.11980875529518,40.62511873457755],[-74.11988859880512,40.625254197440015],[-74.11993050705067,40.62530071268161],[-74.11999477855751,40.625372055129986],[-74.120108895409,40.62547287528792],[-74.12021511526447,40.62554691321222],[-74.12032476452794,40.625602045670504],[-74.12076834338774,40.62573910785516],[-74.12088252685709,40.625765607854696],[-74.12109588504089,40.62592278455649],[-74.12142265960314,40.626209320161934],[-74.12154572683187,40.626310002616144],[-74.12157828659451,40.62636098223131],[-74.12168063931693,40.62649055936984],[-74.12171852807353,40.62654036194264],[-74.12173254925071,40.62656144635032],[-74.12186479797946,40.62675834898075],[-74.12200494054176,40.62701156158367],[-74.12211827605942,40.6273217158844],[-74.12214831338254,40.627427711465366],[-74.12216225570076,40.627476892665435],[-74.12244471578504,40.627440827634096],[-74.122666707267,40.627412482675496],[-74.12270654917825,40.62740739569919],[-74.1236504287437,40.62728687673877],[-74.12424800177757,40.62721164162439],[-74.12513287227597,40.62710260138312],[-74.12666303828158,40.626889618459906],[-74.12826227071206,40.62667350350697],[-74.12920250196248,40.62654060567546],[-74.1300794696279,40.62641859611956],[-74.13069767258766,40.62634095636572],[-74.13130985383815,40.626328343145794],[-74.1323003859477,40.6263562222228],[-74.13332950475854,40.62639331538682],[-74.13346859253689,40.62638774952138],[-74.13346885241542,40.626387741010795],[-74.13346911245698,40.62638770402007],[-74.13360804396625,40.62636845206287],[-74.13360840973296,40.62636839719092],[-74.13360874048693,40.626368316225175],[-74.1337446178602,40.62633526176446],[-74.13374467631222,40.62633524410594],[-74.13374475981081,40.62633521670159],[-74.1338740508483,40.62628901353861],[-74.13387419190114,40.62628895943005],[-74.13387433445722,40.62628888739422],[-74.13399367309206,40.626230898635846],[-74.13399379193751,40.626230844720496],[-74.13399389845299,40.626230782443194],[-74.134100948872,40.62616274828685],[-74.13439199865998,40.625982034771184],[-74.13473032996822,40.625771961797675],[-74.13547443645821,40.62527947398305],[-74.13581008278032,40.62506433958869],[-74.13618173859628,40.62483789641133],[-74.13700290990894,40.62434701075207],[-74.13723213666252,40.62428750030122],[-74.13743343318572,40.62424898534453],[-74.13764001175008,40.62422501879232],[-74.13784912415929,40.624216161112884],[-74.13805791725548,40.62422250082351],[-74.1382635819956,40.62424376957263],[-74.14066913333745,40.62452195888972],[-74.14128443284416,40.62459359614665],[-74.14166480814828,40.62464036938309],[-74.14219077278557,40.624714048974404],[-74.14307456258805,40.624846410410974],[-74.14402437723726,40.62499119811433],[-74.14499662867148,40.624961411496066],[-74.14576716451333,40.624957456268206],[-74.14611213998896,40.624933433964074],[-74.14622812537053,40.62492536170964],[-74.14634101520858,40.62492374247277],[-74.14634147383296,40.624922625308514],[-74.1463860437946,40.6248150275475],[-74.1463890195677,40.62480621307605],[-74.14648901315161,40.62451003374034],[-74.14689597617672,40.62362694006506],[-74.14707102137764,40.62331500147255],[-74.14718607399146,40.62312934671232],[-74.14735300072765,40.622859985001796],[-74.14755824826844,40.62256658035791],[-74.14763671983344,40.62245440237939],[-74.14782924447402,40.62217918360207],[-74.14812590812848,40.62183808812335],[-74.14835274582646,40.621586569456525],[-74.14835345389942,40.62158583074498],[-74.14870173209182,40.62122224169911],[-74.14933342915849,40.620562762390406],[-74.14936906788144,40.620525555972456],[-74.14973383536169,40.620144738929355],[-74.15006498967516,40.61979900798285],[-74.15029948821795,40.61956268603481],[-74.15048437373599,40.61937636226777],[-74.15095703388843,40.61890002050302],[-74.15106051365089,40.61879525077277],[-74.15113883828496,40.61871594945964],[-74.15168694692906,40.61816100096479],[-74.15189800076524,40.61790697200544],[-74.1521069632821,40.617648966433656],[-74.15219010825281,40.6175386592672],[-74.15224801842425,40.617441993181764],[-74.15238673878052,40.61721209682406],[-74.15245800176389,40.617093996341616],[-74.15260203228189,40.61682001023454],[-74.15269627042765,40.61658988253493],[-74.15279254354374,40.616356042282234],[-74.15287450874044,40.61611864556487],[-74.15294187266474,40.615878459249586],[-74.15297012491168,40.61574816508046],[-74.15299438817895,40.61563626638697],[-74.15301531632218,40.61550066256611],[-74.15303195329004,40.61539286758743],[-74.15306258346763,40.61527458809296],[-74.15308198555343,40.61515494561496],[-74.15317405687806,40.6148106995123],[-74.15329853869223,40.61435099022449],[-74.1537658392016,40.612685872311395],[-74.1537961603969,40.6125778052427],[-74.15383151177402,40.612462905288695],[-74.15392085814709,40.61253089718496],[-74.15466515868688,40.613097293976544],[-74.15471278094451,40.61313353915778],[-74.15526626058748,40.61356407696094],[-74.1560045898016,40.614138388031726],[-74.15659970775995,40.61460704846644],[-74.1573134670152,40.61516912579178],[-74.15764458237179,40.61540403303683],[-74.15797570159641,40.615638938817696],[-74.15851624514642,40.61602693266017],[-74.1589806963723,40.61636752498926],[-74.15912297018905,40.61646152959979],[-74.15935978752232,40.616617999764415],[-74.16003388519839,40.61706338266615],[-74.16066717830493,40.61745031663778],[-74.16082705489251,40.61754799776239],[-74.16170594567929,40.61808497286125],[-74.16184303381786,40.61816398050156],[-74.1623453090553,40.618430546870734],[-74.16312999406027,40.61884698223393],[-74.16340012021615,40.61897922334456],[-74.1639328732025,40.61924003189796],[-74.16428003421866,40.619409981592504],[-74.16480103596018,40.61965795895965],[-74.16556370950093,40.61999607381987],[-74.16562774731526,40.62002446269346],[-74.16587893976958,40.62012898411143],[-74.16723315769389,40.62070609292421],[-74.16735717188172,40.62075894043521],[-74.16747000104233,40.620807021821605],[-74.16812305289498,40.62104803121892],[-74.1685009864074,40.62115597157013],[-74.1687282226599,40.62120565341689],[-74.16898957881637,40.62124855485323],[-74.16919176164731,40.62128174234689],[-74.16985897084689,40.62139302555895],[-74.1703669853479,40.62145099712598],[-74.17087046259086,40.621505628474765],[-74.17172196122387,40.621598017516725],[-74.17198595270239,40.62163702940669],[-74.1726600044465,40.62175896778826],[-74.1727437813527,40.62177891627449],[-74.1727860190715,40.62178897339922],[-74.17309392125125,40.621880056317366],[-74.17337262558844,40.6219739350344],[-74.17364836958953,40.6220727596565],[-74.17392100181624,40.62217647610909],[-74.17419037334041,40.622285027143526],[-74.17445570785573,40.622411311305584],[-74.17466101265533,40.622509025029316],[-74.17504304005418,40.62272796404912],[-74.17522465157053,40.622852679492816],[-74.17572898619895,40.62323117358452],[-74.17588069789251,40.62336966236187],[-74.17600045059164,40.623478977939875],[-74.176099481262,40.62356937424688],[-74.17709079170989,40.624494632542714],[-74.17724331112831,40.62463698584387],[-74.17755901971739,40.624954004612206],[-74.17766953939508,40.62506498504048],[-74.17772449060138,40.625110458626914],[-74.17797600607837,40.62531859345479],[-74.17837637565017,40.62563684021655],[-74.17929497328731,40.62636699657463],[-74.17947067334163,40.626468784475236],[-74.17970675886829,40.62660556149845],[-74.17980056571655,40.62665990901188],[-74.18026821347958,40.62693082805178],[-74.18121345130781,40.62749556322249],[-74.1817990752961,40.62784543659329],[-74.1835946982883,40.6288025216754],[-74.184081240307,40.629043271454194],[-74.18457209524645,40.62927888660234],[-74.1850671697697,40.62950932229581],[-74.18556636951757,40.62973453465375],[-74.18606959977502,40.6299544808747],[-74.18657676484196,40.630169119114086],[-74.18667232049003,40.63007030685378],[-74.18676019526018,40.62997335851969],[-74.18728836002947,40.63019293019769],[-74.18781326982466,40.63041698917053],[-74.18833485897028,40.63064550741816],[-74.18885306220373,40.63087845636282],[-74.1893678146843,40.631115806872025],[-74.18987905200031,40.63135752926269],[-74.19038671055712,40.631603593349666],[-74.19089072644584,40.631853968318374],[-74.19139103659145,40.632108622856016],[-74.19188757838008,40.632367525113786],[-74.1923802896671,40.632630642711696],[-74.19286910878506,40.63289794274185],[-74.19315316778108,40.63305156475561],[-74.19620359550302,40.63468605023377],[-74.19750077546104,40.63536049868227],[-74.19736990786707,40.635481146883365],[-74.19724348798101,40.63559840355413],[-74.19715126021788,40.6356841861012],[-74.19705039892057,40.635824744726264],[-74.19703683840454,40.63585072657325],[-74.1962062350111,40.637730533383575],[-74.19145529339468,40.642045283298714],[-74.18971132451738,40.64321664445794],[-74.18829715675528,40.644205378022626],[-74.18676736761294,40.64524937802786],[-74.1856372326838,40.64604671123774],[-74.18164554495424,40.646524846077085],[-74.17759484611335,40.64604900877309],[-74.17062312438873,40.64523034283125],[-74.16153403242895,40.644156282421086],[-74.15809750008751,40.643757566620195],[-74.14311236467657,40.64198930678479],[-74.14218115312136,40.642144147467015],[-74.14210883369259,40.642159057613995],[-74.14204531809243,40.64216904037882],[-74.14192148276052,40.642190201363995],[-74.13654824358603,40.64307967429783],[-74.13293321913135,40.6436779424563],[-74.13002143148154,40.643815447098305],[-74.12556919766168,40.6440231379291],[-74.1206747871429,40.64545614996717],[-74.10997660524961,40.64801116741418],[-74.10503930427048,40.648080727182524],[-74.10025933537064,40.64814786895549],[-74.09374670261535,40.64823902836032],[-74.09125365492199,40.64944471878992],[-74.08680605289534,40.65159542989321],[-74.07156992553882,40.651812228050304],[-74.0557974835737,40.651918560798514],[-74.05581438861887,40.64970879790647]]]]},"properties":{":id":"row-mvr5~mkdv.euit",":version":"rv-2573.3emu-i7nr",":created_at":"2025-11-24T21:48:59.646Z",":updated_at":"2025-11-24T21:48:59.646Z","coun_dist":"49","shape_leng":"130453.322114","shape_area":"442727427.195"}},
{"type":"Feature","geometry":{"type":"MultiPolygon","coordinates":[[[[-74.18676019526018,40.62997335851969],[-74.18667232049003,40.63007030685378],[-74.18657676484196,40.630169119114086],[-74.18606959977502,40.6299544808747],[-74.18556636951757,40.62973453465375],[-74.1850671697697,40.62950932229581],[-74.18457209524645,40.62927888660234],[-74.184081240307,40.629043271454194],[-74.1835946982883,40.6288025216754],[-74.1817990752961,40.62784543659329],[-74.18121345130781,40.62749556322249],[-74.18026821347958,40.62693082805178],[-74.17980056571655,40.62665990901188],[-74.17970675886829,40.62660556149845],[-74.17947067334163,40.626468784475236],[-74.17929497328731,40.62636699657463],[-74.17837637565017,40.62563684021655],[-74.17797600607837,40.62531859345479],[-74.17772449060138,40.625110458626914],[-74.17766953939508,40.62506498504048],[-74.17755901971739,40.624954004612206],[-74.17724331112831,40.62463698584387],[-74.17709079170989,40.624494632542714],[-74.176099481262,40.62356937424688],[-74.17600045059164,40.623478977939875],[-74.17588069789251,40.62336966236187],[-74.17572898619895,40.62323117358452],[-74.17522465157053,40.622852679492816],[-74.17504304005418,40.62272796404912],[-74.17466101265533,40.622509025029316],[-74.17445570785573,40.622411311305584],[-74.17419037334041,40.622285027143526],[-74.17392100192157,40.62217647595302],[-74.17364836958953,40.6220727596565],[-74.17337262558844,40.6219739350344],[-74.17309392125125,40.621880056317366],[-74.1727860190715,40.62178897339922],[-74.1727437813527,40.62177891627449],[-74.1726600044465,40.62175896778826],[-74.17198595270239,40.62163702940669],[-74.17172196122387,40.621598017516725],[-74.17087046259086,40.621505628474765],[-74.1703669853479,40.62145099712598],[-74.16985897084689,40.62139302555895],[-74.16919176164731,40.62128174234689],[-74.16898957881637,40.62124855485323],[-74.1687282226599,40.62120565341689],[-74.1685009864074,40.62115597157013],[-74.16812305289498,40.62104803121892],[-74.16747000104233,40.620807021821605],[-74.16735717188172,40.62075894043521],[-74.16723315769389,40.62070609292421],[-74.16587893976958,40.62012898411143],[-74.16562774731526,40.62002446269346],[-74.16556370950093,40.61999607381987],[-74.16480103596018,40.61965795895965],[-74.16428003421866,40.619409981592504],[-74.1639328732025,40.61924003189796],[-74.16340012021615,40.61897922334456],[-74.16312999406027,40.61884698223393],[-74.1623453090553,40.618430546870734],[-74.16184303381786,40.61816398050156],[-74.16170594567929,40.61808497286125],[-74.16082705489251,40.61754799776239],[-74.16066717830493,40.61745031663778],[-74.16003388519839,40.61706338266615],[-74.15935978752232,40.616617999764415],[-74.15912297018905,40.61646152959979],[-74.1589806963723,40.61636752498926],[-74.15851624514642,40.61602693266017],[-74.15797570159641,40.615638938817696],[-74.15764458237179,40.61540403303683],[-74.1573134670152,40.61516912579178],[-74.15659970775995,40.61460704846644],[-74.1560045898016,40.614138388031726],[-74.15526626058748,40.61356407696094],[-74.15471278094451,40.61313353915778],[-74.15466515868688,40.613097293976544],[-74.15392085814709,40.61253089718496],[-74.15383151177402,40.612462905288695],[-74.1537961603969,40.6125778052427],[-74.1537658392016,40.612685872311395],[-74.15329853869223,40.61435099022449],[-74.15317405687806,40.6148106995123],[-74.15308198555343,40.61515494561496],[-74.15306258346763,40.61527458809296],[-74.15303195329004,40.61539286758743],[-74.15301531632218,40.61550066256611],[-74.15299438817895,40.61563626638697],[-74.15297012491168,40.61574816508046],[-74.15294187266474,40.615878459249586],[-74.15287450874044,40.61611864556487],[-74.15279254354374,40.616356042282234],[-74.15269627042765,40.61658988253493],[-74.15260203228189,40.61682001023454],[-74.15245800176389,40.617093996341616],[-74.15238673878052,40.61721209682406],[-74.15224801842425,40.617441993181764],[-74.15219010825281,40.6175386592672],[-74.1521069632821,40.617648966433656],[-74.15189800076524,40.61790697200544],[-74.15168694692906,40.61816100096479],[-74.15113883828496,40.61871594945964],[-74.15106051365089,40.61879525077277],[-74.15095703388843,40.61890002050302],[-74.15048437373599,40.61937636226777],[-74.15029948821795,40.61956268603481],[-74.15006498967516,40.61979900798285],[-74.14973383536169,40.620144738929355],[-74.14936906788144,40.620525555972456],[-74.14933342915849,40.620562762390406],[-74.14870173209182,40.62122224169911],[-74.14835345389942,40.62158583074498],[-74.14835274582646,40.621586569456525],[-74.14812590812848,40.62183808812335],[-74.14782924447402,40.62217918360207],[-74.14763671983344,40.62245440237939],[-74.14755824826844,40.62256658035791],[-74.14735300072765,40.622859985001796],[-74.14718607399146,40.62312934671232],[-74.14707102137764,40.62331500147255],[-74.14689597617672,40.62362694006506],[-74.14648901315161,40.62451003374034],[-74.1463890195677,40.62480621307605],[-74.1463860437946,40.6248150275475],[-74.14634147383296,40.624922625308514],[-74.14634101520858,40.62492374247277],[-74.14622812537053,40.62492536170964],[-74.14611213998896,40.624933433964074],[-74.14576716451333,40.624957456268206],[-74.14499662867148,40.624961411496066],[-74.14402437723726,40.62499119811433],[-74.14307456258805,40.624846410410974],[-74.14219077278557,40.624714048974404],[-74.14166480814828,40.62464036938309],[-74.14128443284416,40.62459359614665],[-74.14066913333745,40.62452195888972],[-74.1382635819956,40.62424376957263],[-74.13805791725548,40.62422250082351],[-74.13784912415929,40.624216161112884],[-74.13764001175008,40.62422501879232],[-74.13743343318572,40.62424898534453],[-74.13723213666252,40.62428750030122],[-74.13700290990894,40.62434701075207],[-74.13618173859628,40.62483789641133],[-74.13581008278032,40.62506433958869],[-74.13547443645821,40.62527947398305],[-74.13473032996721,40.62577196129509],[-74.13439199865998,40.625982034771184],[-74.134100948872,40.62616274828685],[-74.13399389845299,40.626230782443194],[-74.13399379193751,40.626230844720496],[-74.13399367309206,40.626230898635846],[-74.13387433445722,40.62628888739422],[-74.13387419190114,40.62628895943005],[-74.1338740508483,40.62628901353861],[-74.13374475981081,40.62633521670159],[-74.13374467631222,40.62633524410594],[-74.1337446178602,40.62633526176446],[-74.13360874048693,40.626368316225175],[-74.13360840973296,40.62636839719092],[-74.13360804396625,40.62636845206287],[-74.13346911245698,40.62638770402007],[-74.13346885241542,40.626387741010795],[-74.13346859253689,40.62638774952138],[-74.13332950475854,40.62639331538682],[-74.1323003859477,40.6263562222228],[-74.13130985383815,40.626328343145794],[-74.13069767258766,40.62634095636572],[-74.1300794696279,40.62641859611956],[-74.12920250196248,40.62654060567546],[-74.12826227071206,40.62667350350697],[-74.12666303828158,40.626889618459906],[-74.12513287227597,40.62710260138312],[-74.12424800177757,40.62721164162439],[-74.1236504287437,40.62728687673877],[-74.12270654917825,40.62740739569919],[-74.122666707267,40.627412482675496],[-74.12244471578504,40.627440827634096],[-74.12216225570076,40.627476892665435],[-74.12214831338254,40.627427711465366],[-74.12211827605942,40.6273217158844],[-74.12200494054176,40.62701156158367],[-74.12186479797946,40.62675834898075],[-74.12173254925071,40.62656144635032],[-74.12171852807353,40.62654036194264],[-74.12168063931693,40.62649055936984],[-74.12157828659451,40.62636098223131],[-74.12154572683187,40.626310002616144],[-74.12142265960314,40.626209320161934],[-74.12109588504089,40.62592278455649],[-74.12088252685709,40.625765607854696],[-74.12076834338774,40.62573910785516],[-74.12032476452794,40.625602045670504],[-74.12021511526447,40.62554691321222],[-74.120108895409,40.62547287528792],[-74.11999477855751,40.625372055129986],[-74.11993050705067,40.62530071268161],[-74.11988859880512,40.625254197440015],[-74.11980875529518,40.62511873457755],[-74.11975838783333,40.62497026467381],[-74.1197273809903,40.62490094755616],[-74.11969188818134,40.624821594257284],[-74.11968740260832,40.62481156713086],[-74.11949658192482,40.624524770074956],[-74.11940594877494,40.624388921765025],[-74.11928965944698,40.62424074408119],[-74.11918837055798,40.62413340800613],[-74.11900233182747,40.62392818317872],[-74.11899775331491,40.62391884081142],[-74.11898890480978,40.62390079471195],[-74.11895809863472,40.62383798784774],[-74.11892504281062,40.62371261528345],[-74.11892271892715,40.623688132502764],[-74.11889513922779,40.623638264392135],[-74.11886302371887,40.62358928166371],[-74.11871007925257,40.62343021805746],[-74.11869486295853,40.62342039094348],[-74.11857238353434,40.62334095015486],[-74.11847279715201,40.62325106367341],[-74.11843289207204,40.62321239388781],[-74.11841111621116,40.62318563481441],[-74.1184039309014,40.62317172609218],[-74.11840021008206,40.62316540101769],[-74.11839099136482,40.623153430017666],[-74.11834787144687,40.623144244745525],[-74.11828202731074,40.623130170389786],[-74.1183060097197,40.62296455612942],[-74.11832727472246,40.62288776127773],[-74.11835046890863,40.62280025096223],[-74.11839754640854,40.622682883839715],[-74.11842396095068,40.622603142359246],[-74.11846471661178,40.62252615115947],[-74.11846761396417,40.62252229450637],[-74.11851021577793,40.622460189681306],[-74.11856597414186,40.62240039674061],[-74.11859378264498,40.62236737022274],[-74.11873555065262,40.622231052368726],[-74.11889579691986,40.62210532617476],[-74.11907233442577,40.62199227973172],[-74.11926246814522,40.621893656554015],[-74.1194631025333,40.6218107179335],[-74.11955300806865,40.62178195893333],[-74.11966871516867,40.62174492555848],[-74.11962505015542,40.62154202413229],[-74.11957376618138,40.62134016040032],[-74.11951490550695,40.62113950043602],[-74.11944851662453,40.62094020932127],[-74.11937465421849,40.620742451010244],[-74.11929337902033,40.62054638829887],[-74.11920475806146,40.620352182380444],[-74.11910886431095,40.62015999302134],[-74.11900577671895,40.619969978327696],[-74.11889558015154,40.61978229461536],[-74.11850615501587,40.61919279206914],[-74.11818244536232,40.618528702907504],[-74.11787187877853,40.61787404611147],[-74.11485743241938,40.61817911441845],[-74.11478047590136,40.61815164449465],[-74.11471208723381,40.61811022521384],[-74.11465838012992,40.61805772378273],[-74.11462306269692,40.617998820969675],[-74.11452563379889,40.617459423828926],[-74.1144394633257,40.61664755525528],[-74.11439475121676,40.61583685971882],[-74.1143511073734,40.615159674287874],[-74.11414570031985,40.613741530041],[-74.11513227304064,40.61366180494788],[-74.11554160696974,40.61362916649459],[-74.11649799334855,40.61355721593913],[-74.11684212499921,40.613525460144025],[-74.11828430567755,40.61341523783541],[-74.11918311127765,40.61333857555833],[-74.11944907349417,40.61331973089923],[-74.120444606655,40.61324168028569],[-74.12066258337714,40.61322443993628],[-74.12140479375809,40.61316501637515],[-74.12255777376467,40.613076631303045],[-74.12236161631786,40.61257480821749],[-74.12213196009964,40.61201316289648],[-74.12202970479872,40.611744348427095],[-74.12157834758419,40.610601956358835],[-74.12144795065788,40.61017154536591],[-74.1213858871797,40.60990931039942],[-74.12199197028522,40.60975748910107],[-74.12260273707312,40.609604490922464],[-74.12304350682243,40.609490046664476],[-74.12338272285973,40.60941304548462],[-74.1238104442576,40.609309264292605],[-74.1240675536036,40.609246877295426],[-74.12435945930044,40.609181788365895],[-74.12485022164759,40.60908212028729],[-74.12532511725988,40.60899477393674],[-74.12551194212811,40.60895996642795],[-74.12565594927992,40.608936813193694],[-74.12653629332912,40.608795262113986],[-74.12699202824716,40.608721980632794],[-74.12747134826182,40.608660626405175],[-74.12752954968848,40.60865317615178],[-74.12796043156936,40.60859802093271],[-74.12875899482448,40.6084957939066],[-74.12941996932025,40.60844429858816],[-74.12984264547349,40.60841136628343],[-74.13094880791196,40.60832517422807],[-74.13132019869555,40.60830584533638],[-74.1315796948061,40.60829233838197],[-74.1321174135115,40.608264349290266],[-74.13210459656511,40.608152924107124],[-74.1320825936755,40.60804448044071],[-74.13204227412702,40.607755973810754],[-74.13248836897351,40.607732252640915],[-74.13304142199074,40.607696970607286],[-74.1339758755274,40.60765547075204],[-74.13389544385721,40.60679496088367],[-74.13398384249079,40.60653847014185],[-74.13388434584085,40.605638094352905],[-74.13377156041491,40.604413996982515],[-74.13354053621492,40.60417175497921],[-74.13343167297002,40.60358140860154],[-74.13277633870837,40.60362953512697],[-74.13255202424551,40.60364519334484],[-74.13156826050465,40.60376950649886],[-74.1306282934116,40.603883035897944],[-74.12973191405304,40.60396253213845],[-74.12884022236256,40.604041141124604],[-74.12798760664516,40.60411614353758],[-74.12823194345025,40.605906220079504],[-74.1275026451122,40.60596913033798],[-74.12690645818584,40.606005901264965],[-74.12593807586987,40.60607245294065],[-74.12483243299897,40.606171095112856],[-74.12386177611619,40.606216361749226],[-74.12289575874088,40.606260992184524],[-74.12192645393468,40.6063045558513],[-74.1209205384288,40.60635866935814],[-74.1206025429922,40.60638651076315],[-74.1205027784338,40.60639524449772],[-74.1202267704612,40.60641940997324],[-74.12012639284573,40.60642819729659],[-74.12003263072526,40.60643640500863],[-74.11975476374552,40.60646317888346],[-74.11912585737117,40.60652377170515],[-74.11897222818935,40.60653813462784],[-74.11888052430983,40.60654670816841],[-74.11881323245386,40.60655299911431],[-74.1187322221689,40.60656057121654],[-74.11861477520407,40.606571550887665],[-74.11853408904422,40.60657909286306],[-74.11839435297713,40.60659215607024],[-74.11831881810245,40.60659921663755],[-74.1182347088622,40.60660707922666],[-74.1181404092349,40.60661589474842],[-74.11579141405586,40.60686116485438],[-74.11580959833529,40.606942512099856],[-74.1158771640149,40.60725747103656],[-74.11592958416497,40.60755142883629],[-74.11606166569528,40.60801798250832],[-74.11631821458651,40.60871827509948],[-74.11656237307771,40.60940419960991],[-74.11666764136643,40.61008608543845],[-74.11668596775489,40.61020813189991],[-74.11671547236669,40.61045707851803],[-74.11677291779156,40.610932504634],[-74.11678874132109,40.61106102191036],[-74.11681383622367,40.61125830229858],[-74.11672929827382,40.61127525383815],[-74.11661152734173,40.6112924608442],[-74.11658324504744,40.61129668580231],[-74.11603362411314,40.611378778864484],[-74.11582103877517,40.611397587156276],[-74.11549730961063,40.61141564702869],[-74.11528110915326,40.61142223905235],[-74.11501380711604,40.61142360866782],[-74.11467167939084,40.611417289372014],[-74.11458131713357,40.611415618921946],[-74.11430767294401,40.61140921768975],[-74.11403412005993,40.6113925347905],[-74.11376164389242,40.611365578631265],[-74.11349123392547,40.61132842731639],[-74.11322387933762,40.611281241049184],[-74.11312251441089,40.6112592973759],[-74.1129605337728,40.61122423050297],[-74.11269591638843,40.61115854979742],[-74.11156401297053,40.6108734404367],[-74.11096913243388,40.61072273082286],[-74.11079364616259,40.61067827136447],[-74.11046713546637,40.610609965710964],[-74.11046041793338,40.61060711747107],[-74.11008564353688,40.61053538724329],[-74.10958051916764,40.610460522367156],[-74.10914677524003,40.61042459615875],[-74.10911512900022,40.61042298978098],[-74.10877478907656,40.6104057199674],[-74.10825922725067,40.61040392245309],[-74.10727950201415,40.610434063813564],[-74.10721170787002,40.61043622134965],[-74.10660889710822,40.610455402227906],[-74.10618377388356,40.610474574415534],[-74.10551650555209,40.6105113076725],[-74.10530654983317,40.61051688661502],[-74.10431300349535,40.610543283638386],[-74.10339997907697,40.61056862397541],[-74.10339012757501,40.61056889736567],[-74.10249475192933,40.61058685424515],[-74.10205794446395,40.61057292437795],[-74.10156026247252,40.61059110702822],[-74.10148398213416,40.61059389339945],[-74.10142599840765,40.610596011553234],[-74.10119680585966,40.61060438412709],[-74.10072113510097,40.61062175821864],[-74.10004594941847,40.61064641712231],[-74.09992203728535,40.61065095488023],[-74.09957665409738,40.61066303977902],[-74.09950406410611,40.6106655795595],[-74.09942236983315,40.61066843827103],[-74.09814902779297,40.610712981126035],[-74.09787758323506,40.61072932235404],[-74.09766792606992,40.610727548142584],[-74.09760294443866,40.610726997722445],[-74.09738394367595,40.61073583836429],[-74.09729162629505,40.610739565492885],[-74.09698401672148,40.610751980525166],[-74.09614799283628,40.61076499275876],[-74.09592255107607,40.610750736426986],[-74.09575927002113,40.610740412059364],[-74.0956259577728,40.61073198341937],[-74.09519296533949,40.61068697411975],[-74.09471995898262,40.61062101382615],[-74.09425400824803,40.610539981252934],[-74.09408070773685,40.610504282232185],[-74.09388760068954,40.610464501704726],[-74.09378802751823,40.61044398881612],[-74.09334895800468,40.61034297373814],[-74.09296970658629,40.61021850547531],[-74.09251396986748,40.61006894473445],[-74.09211998605419,40.609921000462215],[-74.09194697133935,40.60985602966255],[-74.09104796000217,40.6094759959727],[-74.0907188263746,40.609331964604465],[-74.09059096071744,40.60927600888671],[-74.09044900751888,40.60921691322655],[-74.09036247408226,40.609180886815636],[-74.09019896368795,40.60911203565373],[-74.08952401250323,40.608825008563656],[-74.08940031814537,40.608773488964275],[-74.08884696905744,40.60854301270237],[-74.08877560102609,40.60851501493537],[-74.08864680934742,40.6084644887257],[-74.08842393734426,40.608375985917654],[-74.0881489762597,40.60825598646011],[-74.08788162404436,40.608138319735126],[-74.08745595091155,40.60795096895329],[-74.08710697627356,40.60780639500986],[-74.08710287557886,40.60780469635703],[-74.08667685640336,40.607628202352366],[-74.08661583157719,40.60760196086415],[-74.08618510979552,40.6074230484536],[-74.08541881542253,40.60715364217455],[-74.0853701662224,40.60713653774752],[-74.08517927280128,40.60707219407717],[-74.08492170202598,40.60700608587189],[-74.08420331476174,40.60682170450793],[-74.0837574558788,40.606707266485344],[-74.0836020329842,40.60667599574583],[-74.08345803171696,40.60664702354628],[-74.08340817087476,40.60663834169407],[-74.0829810376325,40.60656395232384],[-74.08269647557587,40.606520500341446],[-74.08219005525393,40.60645002039952],[-74.08185602139412,40.60641502054325],[-74.0817283452209,40.60640373215601],[-74.08148289131633,40.60638202914197],[-74.08115698289586,40.60636298031595],[-74.07982181695915,40.60632523236863],[-74.07967094659583,40.60632096621454],[-74.07832894416158,40.606309001292736],[-74.07791312776841,40.60629581625911],[-74.07774896669959,40.60629061021922],[-74.07711690914545,40.60625409219335],[-74.0765490365144,40.60621777121344],[-74.07604550993386,40.60617538153075],[-74.07600981534533,40.606172376551264],[-74.07587500175865,40.60616102640707],[-74.07549081900552,40.606113134037415],[-74.07532902290566,40.606092963812365],[-74.07487796173434,40.6060160206072],[-74.07475787920801,40.60599186435239],[-74.0743509542152,40.60591000186343],[-74.07414539574044,40.60586558498269],[-74.07383701028031,40.605798947611014],[-74.07355068826254,40.60572780601738],[-74.07335405136561,40.60567894701374],[-74.07331861705448,40.60566920518983],[-74.07303387738114,40.605592391400705],[-74.07275127106928,40.605511130572694],[-74.07247091768038,40.60542545708693],[-74.07219293636271,40.60533540709903],[-74.07191744417946,40.60524101880902],[-74.07164455767794,40.60514233215143],[-74.07128102332766,40.60500463401645],[-74.07092057527946,40.60486230192997],[-74.07062946802903,40.60474302874872],[-74.07041882039456,40.60465426015391],[-74.07020934332184,40.60456389715958],[-74.06910835055774,40.60412017253634],[-74.06902603426713,40.604086992937944],[-74.06895549385669,40.604059785497775],[-74.0689504082974,40.60405770415158],[-74.0669441916956,40.60338395073984],[-74.06555046863122,40.60285071412022],[-74.06548957230673,40.602833867930926],[-74.06525189713179,40.60276811524997],[-74.06404802443372,40.602449301992955],[-74.0637197181165,40.60237204866328],[-74.06308241334588,40.60224273050526],[-74.06268947350857,40.60216299122502],[-74.06206719700167,40.602066552915865],[-74.06106737968317,40.601953292510885],[-74.0608971060119,40.60193040550277],[-74.06072576436247,40.60191274613369],[-74.06055363087378,40.60190034286378],[-74.06038098296008,40.601893215682615],[-74.06020809886458,40.60189137607638],[-74.06003525721086,40.60189482700983],[-74.0598627364049,40.60190356266505],[-74.05969081462058,40.60191756922411],[-74.05951976893132,40.601936824113835],[-74.05934987499914,40.601961296302456],[-74.05918140663067,40.601990946350085],[-74.05901463533625,40.60202572647174],[-74.0585286107492,40.60217315640104],[-74.05804291161594,40.60232120580798],[-74.05791596177808,40.602363000019615],[-74.05781883358189,40.60239307215591],[-74.05772595113665,40.60242694230841],[-74.05763097280293,40.602456978527236],[-74.05757267476872,40.60248052850128],[-74.05750095157087,40.60249997064796],[-74.056482038298,40.60282497078928],[-74.05631107867332,40.60287912772127],[-74.05575901429353,40.60305401048109],[-74.05524502692683,40.60322700634856],[-74.05471572511608,40.603398196717876],[-74.05470663014333,40.60340113632503],[-74.05455543455284,40.603449014302505],[-74.0545429517053,40.60345296738066],[-74.05440401951475,40.60349894207087],[-74.05427398282046,40.6035420221801],[-74.05411903232552,40.60359201004455],[-74.05407802100702,40.60360488871584],[-74.05359133556057,40.603761688551735],[-74.05288262643623,40.60399042249524],[-74.05220703685077,40.604207984776934],[-74.05015222895783,40.604876301346195],[-74.04809737992754,40.60554458130101],[-74.04388942485573,40.606912939770694],[-74.04326342510689,40.607112723799254],[-74.04252272380913,40.60734910643216],[-74.04227841286867,40.607427073100936],[-74.04195984919417,40.60752873521761],[-74.04147795075454,40.60769854718044],[-74.04106749729745,40.60782833673957],[-74.04064217097624,40.60796282710189],[-74.03611335501371,40.60939472840694],[-74.036080581669,40.60934688638752],[-74.0360397771197,40.609295639002106],[-74.03599609817482,40.609309070924425],[-74.03573445183648,40.6093895251053],[-74.03525978733701,40.60954610976755],[-74.03509032484666,40.60960201311302],[-74.03504956717758,40.60961546036863],[-74.03498838208205,40.60963566859862],[-74.03483935692643,40.6096827300391],[-74.03444464220135,40.60981313328038],[-74.03354242808052,40.610100922898724],[-74.03314563921754,40.61022748804173],[-74.03295222134967,40.610281133494354],[-74.03281702819444,40.61032280412881],[-74.03268156207943,40.61036045683424],[-74.03218042369416,40.6105136145054],[-74.03168478453624,40.610676845675385],[-74.03161084062165,40.6106972841306],[-74.03139442537727,40.6107713639803],[-74.0311816210439,40.61085128920067],[-74.03097269935182,40.61093695773993],[-74.0307679270772,40.61102826021251],[-74.03056756570105,40.61112508003867],[-74.03037187107532,40.611227293593416],[-74.03018109309704,40.611334770364024],[-74.0301504601716,40.611352045948],[-74.02999974995534,40.61144698656282],[-74.02985450831306,40.611546754859226],[-74.02971500131754,40.61165116808561],[-74.02958148454009,40.61176003498129],[-74.02945907843922,40.611867938138346],[-74.02934310495412,40.61197989205135],[-74.02923379514947,40.61209567434151],[-74.02913136584412,40.61221505468857],[-74.02894667755254,40.61244980855388],[-74.02892473285023,40.61247770295533],[-74.02874956791183,40.61286536177707],[-74.02868311172818,40.61295338032098],[-74.02818379972126,40.61360339962082],[-74.02808880407454,40.61371805972782],[-74.02785946934772,40.61398886420931],[-74.02771873782879,40.61414941639107],[-74.02762741316069,40.614255979222854],[-74.02723320357534,40.61470098398644],[-74.02699350116094,40.61498157050914],[-74.02685125051748,40.61516719300165],[-74.026651124589,40.61545531554825],[-74.02661661073991,40.61564322611814],[-74.02642558072401,40.61584730043145],[-74.02627656245339,40.61602216203119],[-74.02614701568127,40.61616680383486],[-74.02609205340472,40.616228169584495],[-74.02558801479394,40.61683092191101],[-74.02524348810111,40.617276450445274],[-74.02499393805601,40.61757189184285],[-74.02498256212594,40.61758693304529],[-74.02449182643188,40.61815021683713],[-74.02448503348255,40.61815798123548],[-74.02429696747419,40.618383952535915],[-74.02411845764121,40.61858631536641],[-74.02400392236324,40.61871615374279],[-74.02367769684693,40.619085965218716],[-74.02351750285276,40.61927778224584],[-74.02318505145088,40.61967585283681],[-74.02293270340293,40.619504625180724],[-74.02287598743487,40.619466147908895],[-74.02200366499811,40.61893867579005],[-74.02121548264645,40.61847198527931],[-74.020526086285,40.61805784497686],[-74.01984163966107,40.61764397525463],[-74.01832578904369,40.616726052033236],[-74.01769159584518,40.61732594840693],[-74.0171110276122,40.61788752093588],[-74.01652978734883,40.61844703585428],[-74.01594933918568,40.61900487290444],[-74.01374808774582,40.617676595320376],[-74.01154347199531,40.616344937738255],[-74.00934164432199,40.61501509553732],[-74.00992371993073,40.61445664314814],[-74.0105040358741,40.61389661199516],[-74.01108648038158,40.613339043699746],[-74.0117120155573,40.61273502918756],[-74.01096993657889,40.61228740948692],[-74.01025069850942,40.61185336970594],[-74.00951152113721,40.611406153084],[-74.00876602097959,40.61095619508346],[-74.00805105376958,40.61052395214463],[-74.0073115047574,40.61007747840623],[-74.00648905850503,40.60958106086126],[-74.00825259705552,40.60788106107438],[-74.01000020395938,40.6062041596873],[-74.01149995018042,40.60476006025161],[-74.01323305571907,40.60293309318045],[-74.01336275759337,40.60279636974382],[-74.01356337940092,40.602584876277035],[-74.01452089599758,40.602812663017836],[-74.01447353800623,40.60247044005306],[-74.01447045969852,40.60243381439153],[-74.01446024505304,40.60237624195682],[-74.0146573302403,40.60213593737109],[-74.01472837011984,40.60206591134261],[-74.01694659554435,40.599760508438024],[-74.02188352015341,40.60058373448393],[-74.03465591604562,40.58868201793395],[-74.03602335411951,40.58890246937841],[-74.03787623496004,40.589201152799156],[-74.03732162923123,40.586946973482355],[-74.03454173906434,40.57629353651946],[-74.0350524098528,40.57287190773505],[-74.03586487080985,40.558970460928535],[-74.03637294938041,40.551012051174176],[-74.0375150520931,40.54278200892539],[-74.03810590997028,40.538297667998485],[-74.04216496133066,40.50930505904604],[-74.05206344043307,40.50752040727428],[-74.0539193850413,40.507185683184936],[-74.05561010746105,40.506880727811456],[-74.05737936799645,40.50656157691084],[-74.10825211152206,40.544386279469286],[-74.10985289462293,40.54557778002762],[-74.11291619903362,40.54781765172039],[-74.1130104610455,40.5477800659327],[-74.11338340616273,40.54807337515074],[-74.11395149856088,40.54872532280064],[-74.11444772300874,40.549169450056006],[-74.11458035189128,40.54927646649884],[-74.11461948357238,40.54926811561183],[-74.11467868756002,40.54930212390663],[-74.11600672657062,40.54886234258037],[-74.11624143510751,40.54877724439447],[-74.1163650345528,40.54877240475126],[-74.11655368588197,40.54885707410696],[-74.11671631381773,40.54902304044603],[-74.11828767014568,40.550494419118074],[-74.11828468062069,40.550500527662166],[-74.1195347594189,40.551630253485506],[-74.11953499566015,40.55175911448761],[-74.11939966107445,40.55210812900772],[-74.1193621096551,40.55214080657721],[-74.11945859291161,40.55222190604457],[-74.12076288105781,40.5530819495828],[-74.12269895694472,40.55435850246402],[-74.12380031563661,40.555084658171815],[-74.12402047127594,40.55523082777773],[-74.12572675050353,40.55632805700632],[-74.12725227898417,40.55726549091144],[-74.12730057821918,40.557295172447766],[-74.12734575950466,40.55732448031102],[-74.12845448950125,40.55804354889144],[-74.12871497099177,40.558242706704775],[-74.12887856022242,40.55855120306075],[-74.12912173295804,40.55942030029957],[-74.12920223742985,40.559659633003214],[-74.12950315556779,40.56060868338252],[-74.12965390409994,40.56108418906332],[-74.12966610558186,40.56160914603017],[-74.13006143193847,40.562000393198296],[-74.12954378321234,40.56243093951059],[-74.12997128233741,40.56272989346906],[-74.13014475630706,40.562871710122856],[-74.13055426843071,40.564389811823986],[-74.13091291793957,40.564299802104486],[-74.1314122734505,40.564414003417994],[-74.13173622949365,40.564539518631854],[-74.13264384036228,40.56350333491149],[-74.13310979289086,40.56286769186503],[-74.13340740082342,40.56212980570135],[-74.13367116316003,40.56184093394731],[-74.13396833854661,40.561586992974036],[-74.13480973431123,40.56082861823113],[-74.1351937962562,40.55974841853254],[-74.13523859445905,40.55958551343929],[-74.1353036351682,40.55942508938896],[-74.13538846163608,40.55926934270077],[-74.13549208729252,40.55912034483006],[-74.13561300319121,40.55898002628043],[-74.13574932448066,40.558850045426425],[-74.13660029409266,40.55838893918374],[-74.13739437880426,40.55802093713793],[-74.13818001022905,40.55759386549129],[-74.1392527420633,40.558434647119576],[-74.13986670083273,40.55873732954739],[-74.1416887719186,40.55964330922099],[-74.14261351632113,40.559881961907756],[-74.14324123679049,40.5604644333445],[-74.14472397364308,40.56175607444695],[-74.14503407303218,40.56202929690051],[-74.14519616869501,40.56217211569049],[-74.14825608022794,40.56485967288204],[-74.15010905783001,40.56648181222373],[-74.15171497164661,40.5678872842054],[-74.15075081647714,40.56858755560089],[-74.15033131574114,40.56891285867996],[-74.14983519298148,40.569357344093866],[-74.14936002584392,40.569736054342904],[-74.14790142236842,40.57088958110747],[-74.14723568362837,40.57146105899743],[-74.14699057738977,40.572013320476685],[-74.14684082881563,40.572338402216026],[-74.14659321273646,40.572875112202425],[-74.14655628561577,40.5729806104469],[-74.146550633086,40.57301547070699],[-74.14655277444626,40.57305055844867],[-74.14656264831854,40.57308486774791],[-74.14657997164153,40.57311741499628],[-74.14660424778518,40.573147267100005],[-74.14663478078681,40.57317356823078],[-74.14667069530344,40.57319556436234],[-74.14671096170629,40.57321262488728],[-74.14696128562322,40.573267439480404],[-74.14700702012584,40.57331345442477],[-74.1470455543664,40.57336315527645],[-74.14707638282616,40.57341589004644],[-74.14709910106944,40.57347096694432],[-74.14711341105061,40.573527663453326],[-74.14711912502467,40.57358523580825],[-74.14711616801112,40.5736429287523],[-74.14710457877912,40.57369998544468],[-74.14708450933958,40.573755657389434],[-74.1470562229527,40.57380921425457],[-74.14702009067496,40.57385995345292],[-74.14696258551888,40.57391741660556],[-74.14690996259895,40.573977538478125],[-74.14686243271458,40.57404007824683],[-74.14684190581045,40.574068869151354],[-74.14682747238155,40.57409973627784],[-74.1468194805316,40.57413193519541],[-74.14681812301178,40.57416468935267],[-74.14682343257161,40.574197208806396],[-74.14683528116794,40.57422870927277],[-74.14685338305237,40.57425843104186],[-74.14693679375637,40.57434706021722],[-74.14703716371241,40.57444271074544],[-74.1470372229333,40.57444276511682],[-74.14703728283098,40.57444282752875],[-74.14712504493937,40.57454605071419],[-74.14712510483831,40.57454611362867],[-74.14712515179448,40.574546185606344],[-74.14719900418058,40.574655550096104],[-74.14719905179683,40.574655622407995],[-74.14719908732799,40.57465569423272],[-74.14725805802102,40.57476963523109],[-74.14740416758866,40.57499315520862],[-74.14740427450681,40.57499331807785],[-74.14740439370564,40.57499347054457],[-74.14757024659689,40.57520949247537],[-74.14775487141246,40.57541663691154],[-74.14775493065176,40.57541669898883],[-74.14795691762055,40.575613483174784],[-74.14830294856004,40.575950321244775],[-74.14865554182684,40.57628318021109],[-74.14901461880804,40.5766119857687],[-74.14938010015403,40.57693666440551],[-74.14975190365023,40.57725714374401],[-74.15012994638442,40.57757335223978],[-74.15021222350762,40.57765988836928],[-74.15028685938525,40.577750362581384],[-74.15035353089117,40.577844383218135],[-74.15041194937275,40.577941543267514],[-74.15046186190085,40.57804142212534],[-74.15050305236551,40.57814358741597],[-74.15053534241201,40.57824759686378],[-74.15055859221371,40.578353000207606],[-74.1505727010776,40.57845934114986],[-74.1505800621238,40.578586839492814],[-74.15059437067605,40.57871399414017],[-74.15061560201876,40.57884058510003],[-74.15064371945823,40.5789663933541],[-74.15067930059881,40.57909322705127],[-74.15072188047372,40.5792188008395],[-74.15077138303037,40.57934289031416],[-74.15082771984383,40.57946527372194],[-74.15087224254826,40.57955064251545],[-74.15092628932567,40.57963349320575],[-74.15092637530807,40.57963362158802],[-74.15092646917678,40.579633739405686],[-74.15098970563578,40.579713196908365],[-74.15098976271432,40.579713272054185],[-74.15098983055204,40.57971334400281],[-74.15106172716997,40.57978862680303],[-74.1510618181292,40.57978872100269],[-74.1510619176445,40.579788809327525],[-74.15114173612588,40.57985912462449],[-74.15114178587262,40.57985916392851],[-74.15114183781351,40.579859201889406],[-74.15122870106573,40.57992388907899],[-74.1512287393725,40.57992392203195],[-74.15122878909575,40.5799239509491],[-74.15132163673606,40.57998243360214],[-74.15160806871077,40.58015649293582],[-74.1516083347261,40.580156654586006],[-74.15160861083362,40.5801568095217],[-74.15190553274043,40.5803208306329],[-74.15221203985317,40.58047430870079],[-74.15221229348262,40.5804744335095],[-74.15221254797216,40.58047455010803],[-74.15252765251581,40.58061699332646],[-74.15230805664582,40.58057930315598],[-74.15221318034136,40.580658606474245],[-74.1521151960018,40.58073568160211],[-74.1519733760242,40.58089729302439],[-74.1519556993406,40.58091462125375],[-74.15193441568641,40.58092940557179],[-74.15191014489999,40.58094121541737],[-74.15188359381449,40.58094970685409],[-74.15185553567287,40.5809546325869],[-74.15181886526418,40.580964333255615],[-74.1517845375256,40.58097814595042],[-74.15175334025123,40.58099575368174],[-74.15172598939486,40.58101675236694],[-74.15166041491588,40.58108226834488],[-74.15160060486008,40.58115091601748],[-74.15154681570903,40.581222401025926],[-74.15149927812928,40.581296416843784],[-74.15139547344623,40.58134241928412],[-74.15137773863495,40.581358769889604],[-74.15136297008873,40.58137675289104],[-74.15135142302451,40.581396057525],[-74.15134329698968,40.58141635018875],[-74.15132060264138,40.581482135913284],[-74.15129019503193,40.581546086407805],[-74.15125232354623,40.58160767714307],[-74.15106245010067,40.58194149713174],[-74.15102941310145,40.58200475205189],[-74.15098847316024,40.582065261057934],[-74.15094001748265,40.58212245183171],[-74.15088450436429,40.58217578343852],[-74.15082245885696,40.582224751444166],[-74.15034675129628,40.582610172142154],[-74.15029939551856,40.582650855520356],[-74.15028711700388,40.58266870948302],[-74.15027800115774,40.58268763289846],[-74.15027220405662,40.58270730177646],[-74.15026982495628,40.5827273793632],[-74.15010129987954,40.58283005325401],[-74.14968332381191,40.58318203857224],[-74.14951157638892,40.58332384535371],[-74.1494275355754,40.58339323573232],[-74.14938027609023,40.58340966405807],[-74.14933557602943,40.583429830880846],[-74.14929394233285,40.58345350749154],[-74.1492558471666,40.58348042537653],[-74.14901596114392,40.58367217656058],[-74.14876919237835,40.58386942726962],[-74.14869239651362,40.583930769987106],[-74.1481686618932,40.584349114706086],[-74.14816792902724,40.58436957056873],[-74.14816304152008,40.58438969194158],[-74.14815411777505,40.5844089913542],[-74.14814137398,40.58442700124895],[-74.14812511887023,40.584443285308495],[-74.14809912226546,40.58446219712634],[-74.14806962245218,40.584477838494436],[-74.14803732025841,40.5844898378191],[-74.14800298308988,40.58449791003095],[-74.14796742669847,40.58450186335758],[-74.14794814874911,40.58449962855576],[-74.14792865199935,40.58449987961741],[-74.14790948403753,40.58450260949126],[-74.14789118321755,40.58450774150565],[-74.14787426353904,40.5845151315222],[-74.14785920021112,40.58452457198376],[-74.14784641630555,40.58453579774412],[-74.14783627087436,40.584548493514596],[-74.14727483653,40.58501222200032],[-74.1476204136833,40.58501946947192],[-74.14727716720638,40.58526814847206],[-74.1469457984731,40.585526357754595],[-74.146626967995,40.58579358092265],[-74.14632131213396,40.58606929759279],[-74.14617040031884,40.586689113439675],[-74.14603887469339,40.58731167786272],[-74.14592687790294,40.58793646068396],[-74.14583447983993,40.58856291924371],[-74.14567102750144,40.58993631815176],[-74.14601293171194,40.5901146559646],[-74.14716471394918,40.5907868821437],[-74.14766869592218,40.591085908866894],[-74.14815141964068,40.59136915069162],[-74.15056979481264,40.59279187939641],[-74.15088082115254,40.59296074240246],[-74.15124670812973,40.593174059701546],[-74.15220300041075,40.593710530881815],[-74.15420389670996,40.594873790762705],[-74.1552269842483,40.595533091790244],[-74.15677025545618,40.595856634723305],[-74.15767939004184,40.59605063374422],[-74.15856048912865,40.596236809643415],[-74.15965237425597,40.59646657216342],[-74.16138795192342,40.596428296881044],[-74.16145007981457,40.596705627370106],[-74.16079851443564,40.596771465960735],[-74.1609389151924,40.59767444957905],[-74.16143657105373,40.59762885265928],[-74.16164192098019,40.59871787618296],[-74.16248602878936,40.59861264566525],[-74.16259280772229,40.59860869909453],[-74.16290329757823,40.600211088889566],[-74.16294417352204,40.60044225856619],[-74.16312017394885,40.600986647857944],[-74.1631712943985,40.601137753492615],[-74.16325749648077,40.601525035784846],[-74.16329246161689,40.60168211830171],[-74.16338348071325,40.60169101224277],[-74.16533084824788,40.601881182305675],[-74.1662653210428,40.60197786536896],[-74.1671963485262,40.60207531162632],[-74.16762539238009,40.59984998665439],[-74.16799697178736,40.597922492213065],[-74.168284581315,40.59643316494351],[-74.1683527782501,40.59623235298082],[-74.16886362385469,40.59472808664895],[-74.16854630357285,40.59456858860462],[-74.16795693433157,40.594272340245084],[-74.16778450060231,40.594185665422415],[-74.16758182925638,40.594103423564405],[-74.16737549968704,40.59402664962989],[-74.16716576566189,40.59395543803983],[-74.16695288513301,40.59388987637394],[-74.16673711991963,40.593830045263054],[-74.16651873543464,40.59377601810028],[-74.16629800020551,40.59372786151906],[-74.16607518570537,40.59368563474423],[-74.16585056596307,40.59364938970791],[-74.16562441722601,40.59361917098539],[-74.16439050466633,40.59348246138835],[-74.16360268159286,40.59337419916025],[-74.16373226781319,40.593310716237276],[-74.16388780640001,40.59314054216083],[-74.16404855135755,40.593016072548764],[-74.1643768958441,40.59284224325489],[-74.16445415374628,40.59274567137755],[-74.16447346900848,40.592649099133574],[-74.1644836334903,40.59248441827962],[-74.16467677726945,40.59241630993825],[-74.16473472102155,40.59241630981225],[-74.16488008729357,40.59243562387839],[-74.16509254587052,40.59231973801434],[-74.16514133862499,40.59224248016623],[-74.16530500321446,40.59212659399165],[-74.16551847792067,40.59206865133328],[-74.16574008624941,40.592049336737965],[-74.16593424634766,40.5920493366364],[-74.16634912201098,40.592028673784334],[-74.16741383716311,40.592086515743404],[-74.17081747187488,40.59059296988561],[-74.170985988763,40.59054592856551],[-74.17118612070426,40.59047530534299],[-74.17139152983061,40.59040668358481],[-74.17157851540604,40.59034813572078],[-74.1717208219866,40.59033988624264],[-74.1719131549169,40.59031146825198],[-74.17200802985943,40.590307308406594],[-74.17210285300334,40.5902830545556],[-74.1722529883196,40.590244653611286],[-74.17239789384267,40.590222333611194],[-74.1725533378485,40.590197989258066],[-74.1726930188222,40.59019376054834],[-74.17279320039633,40.59020365635804],[-74.17285128206866,40.59021760429831],[-74.17296778731095,40.59017562782957],[-74.17304783986702,40.590155873449746],[-74.1731301050987,40.59014240094349],[-74.17321373712346,40.59013534883992],[-74.1732978760059,40.590134789651444],[-74.17338165659952,40.59014072912783],[-74.17346421744165,40.59015310619725],[-74.17354470961018,40.59017179359402],[-74.17362230545257,40.59019659916732],[-74.17366383813815,40.59023809832625],[-74.17372827253739,40.59026080807322],[-74.17377865807279,40.590276199391425],[-74.1738293778559,40.59029495635458],[-74.17386173342626,40.59029343230459],[-74.1739175966811,40.59029524163244],[-74.17397266228242,40.59030263729335],[-74.17402597320604,40.59031549075307],[-74.1740724263591,40.59032704242307],[-74.1741201791574,40.59033377948146],[-74.17425412845996,40.5903541882674],[-74.17429700675314,40.59035206178321],[-74.17432794300278,40.59034147975278],[-74.17433971995864,40.59033030491465],[-74.17435813761881,40.59032789218514],[-74.17439026546323,40.59033383479218],[-74.1744326997465,40.59034968201195],[-74.17448813725854,40.59035326707622],[-74.17452354068226,40.590351910097],[-74.17457537709709,40.59035502631224],[-74.17463339815396,40.5903577868212],[-74.17477831653478,40.590363340896374],[-74.17483771378484,40.59035755670581],[-74.17488943506275,40.59035051881639],[-74.17494634118978,40.5903330251921],[-74.17499231297116,40.59031277373398],[-74.17501948094348,40.59029726819913],[-74.17504369253147,40.59028605659003],[-74.17506920564149,40.59027002768881],[-74.17508758180632,40.59025373273036],[-74.17509550134646,40.5902349906827],[-74.17510478680835,40.590212105723154],[-74.17511331348807,40.5901950228001],[-74.17510750608123,40.590176730378396],[-74.17508980455803,40.59016442767448],[-74.17504247475794,40.59014593063222],[-74.1750017276751,40.59013558341097],[-74.17486355634892,40.590129605720016],[-74.17483118090406,40.59010889437738],[-74.17482968284727,40.59009726536288],[-74.17483077891926,40.59008561032088],[-74.17483443771822,40.590074263146036],[-74.17484055442526,40.590063548913136],[-74.17484895380741,40.59005377456426],[-74.17485939523792,40.59004522011557],[-74.17487157958932,40.59003813063526],[-74.17488515780352,40.590032709222946],[-74.17490131219537,40.59002874969912],[-74.17493011269906,40.59001216951029],[-74.17495223013563,40.59000515688775],[-74.17499422304459,40.590000448854106],[-74.17503157942159,40.58999395429567],[-74.17506076698406,40.58998144060119],[-74.17508043456958,40.58997217874779],[-74.17511770142897,40.58996943545367],[-74.17517331451357,40.58998577110247],[-74.17521523281816,40.58999435004454],[-74.17523907699001,40.58999609670111],[-74.17527500287696,40.589988659042824],[-74.17529673336952,40.58997758016225],[-74.1753139647514,40.58995210511675],[-74.17533290797483,40.58992585397217],[-74.17535485805425,40.589912378066515],[-74.1753929589421,40.58989494374168],[-74.17543524743904,40.5898745528138],[-74.17548331690017,40.58985861050285],[-74.17552331578337,40.58985639749174],[-74.17556290071842,40.589854548470996],[-74.1755955296387,40.58985001702783],[-74.17562947006012,40.58983111053307],[-74.17565857805201,40.58980838353111],[-74.1756820450974,40.58979209945716],[-74.17570798635903,40.58977363555255],[-74.17572440704232,40.589758423377354],[-74.1757258469083,40.58974540144193],[-74.17571212117137,40.58969507391165],[-74.175712264468,40.58962150037038],[-74.17571765713146,40.589598384592904],[-74.17572759992154,40.5895808054124],[-74.17575102749835,40.58955941441068],[-74.17578115272609,40.5895379935573],[-74.1758075713396,40.589519843352384],[-74.1758218665944,40.58950577026566],[-74.1758300689519,40.58949339620475],[-74.17584794656757,40.58947469549006],[-74.17587010033364,40.589449289052176],[-74.17587305875581,40.58943345850117],[-74.17587005532216,40.5894206827641],[-74.17587064750533,40.58941281634093],[-74.17588682540683,40.589404428666],[-74.17590472948692,40.58940479981159],[-74.1759231761237,40.58940616374208],[-74.17593373971515,40.589399789483274],[-74.17593427595527,40.589377281389375],[-74.17593818997695,40.58936207961995],[-74.17596202981147,40.589340324571424],[-74.17599786582421,40.58933663881761],[-74.17602849686891,40.58933460415731],[-74.17605791813978,40.58932922962853],[-74.17608930956177,40.58932578838071],[-74.17613210153192,40.589324782451044],[-74.17619989962387,40.58933771918209],[-74.17622659033529,40.58933181521526],[-74.17625051614446,40.58931161749799],[-74.17627992923832,40.589282177123316],[-74.17636281019296,40.58920447232284],[-74.17638411489683,40.589190267115214],[-74.17639863177178,40.58915093315998],[-74.1763988054924,40.58912784864759],[-74.17640347566544,40.5891045297269],[-74.17643247269568,40.58907545667349],[-74.17646323517764,40.58905593394483],[-74.1764969892514,40.589034530783174],[-74.17651055771967,40.58901969897915],[-74.17651235962369,40.58899962950923],[-74.17650310669603,40.588972219788545],[-74.1764909417464,40.58893256460409],[-74.17648742812842,40.58889865412472],[-74.17649166210596,40.588870536815314],[-74.1765078988089,40.58884523231973],[-74.17652852241426,40.588823486951],[-74.17655367237582,40.58881183347894],[-74.17659345421188,40.588802168708376],[-74.1766596773954,40.588770108619784],[-74.17668560215378,40.588757038134354],[-74.17671041196073,40.58873162811783],[-74.17673950461302,40.58870990518499],[-74.17677263216996,40.588691850297366],[-74.17680900693833,40.588677892755044],[-74.1768544042177,40.5886803316474],[-74.176937084557,40.588680467884245],[-74.17699828966498,40.58868250962315],[-74.17704422192912,40.58868382332492],[-74.1771241824669,40.58868125834883],[-74.17714832075394,40.588680212106034],[-74.17719082935379,40.588664336620496],[-74.17723943641346,40.588634337673476],[-74.17730460356006,40.58861581959343],[-74.17732766218586,40.58861386864342],[-74.17734927239204,40.58860777205735],[-74.17737590259377,40.5885955334519],[-74.17740472541769,40.58856970262126],[-74.17741056019491,40.58854666247189],[-74.17739952732849,40.58852021903312],[-74.17738308785894,40.58848855517144],[-74.17737641993943,40.58845473686959],[-74.1773972972979,40.588386297920664],[-74.17745704576767,40.588340014380435],[-74.17753455677033,40.58829456212277],[-74.17767553792363,40.58825449057598],[-74.17774438490169,40.5882246271416],[-74.1778107533631,40.58819151156205],[-74.17785469686254,40.588181391603825],[-74.17792737444661,40.58816441052278],[-74.1779873215287,40.588153941226146],[-74.17801747389163,40.588157550012916],[-74.17803682301437,40.58816420597573],[-74.17807656988377,40.58815681629996],[-74.17812295268658,40.58814278583411],[-74.17817116479937,40.58813077459611],[-74.17820052377415,40.58813147005135],[-74.1782248023453,40.588150955633836],[-74.17824912004255,40.58817760237382],[-74.17828868822687,40.58820815384971],[-74.17833103512835,40.58822550552462],[-74.17836912292148,40.588233190632195],[-74.17838528168825,40.58823645599741],[-74.17843730712788,40.58823996722071],[-74.1784869130821,40.58823459255169],[-74.17854670284677,40.588223155388654],[-74.17858009429003,40.58820526678026],[-74.1786107529918,40.5881815056366],[-74.17864497918315,40.58814642867463],[-74.17868980607628,40.5880966961391],[-74.1787048137031,40.58806725492288],[-74.17871499373685,40.58804747594873],[-74.1787352575372,40.58802721354555],[-74.17875793269631,40.58800212102482],[-74.17878586381897,40.58798620764915],[-74.1788154021992,40.587962500797595],[-74.17883419198795,40.58793802260831],[-74.17884563315476,40.58791989886303],[-74.17886681067469,40.587910739383844],[-74.17887769342153,40.58789950013163],[-74.17889750157507,40.58788054715066],[-74.17890953777069,40.58786282219826],[-74.17891740590909,40.58784229694251],[-74.17893266237316,40.58782270370807],[-74.17895810898136,40.58781076645532],[-74.17899987376467,40.58780576631048],[-74.1790458026423,40.58780356745938],[-74.17909176656788,40.58779493640065],[-74.17912424808382,40.587779662514144],[-74.17918420606577,40.58774978459602],[-74.1793177700988,40.58766480671381],[-74.17932206306187,40.587662074976166],[-74.17945339897013,40.58755839019419],[-74.17954869392128,40.58746834187651],[-74.1795873512105,40.58743058376449],[-74.17965584695303,40.58737175485024],[-74.17969693009356,40.587321885536966],[-74.17974598398584,40.587266081565176],[-74.17978580704539,40.58720726776991],[-74.17981265936487,40.58716233047303],[-74.1798211953115,40.58712765404761],[-74.17981972220953,40.587101573654564],[-74.17980625725323,40.58708032565857],[-74.17978778182908,40.58705973451118],[-74.17976522618066,40.58704446981746],[-74.17973588548605,40.58703594355836],[-74.17971367656797,40.587039522387634],[-74.17970878656033,40.587040032960005],[-74.17969201264489,40.58704196568167],[-74.17966329260186,40.58703501790336],[-74.17963158043754,40.58702609744271],[-74.17959374378151,40.58702350894943],[-74.17955391966825,40.587023596988374],[-74.1795048407369,40.587020781775166],[-74.17946624076266,40.587016096960575],[-74.17942369311548,40.58701120452972],[-74.17937720021457,40.58700610480949],[-74.17933157665958,40.58699839175813],[-74.17928900485111,40.586999061468646],[-74.17924629422403,40.586992468129864],[-74.17919190621946,40.586986954120235],[-74.17915262546232,40.58698102400866],[-74.17913525753748,40.58696959272618],[-74.17910400060761,40.58693626786193],[-74.1790956679545,40.58691962538291],[-74.17908085419197,40.586893937186964],[-74.17906546784569,40.58686229168761],[-74.17905370208048,40.586827450443636],[-74.17904277751191,40.586795556242755],[-74.17902869698095,40.586759989011156],[-74.17901605905317,40.58672776275282],[-74.17900110920301,40.58669480882764],[-74.1789945666228,40.58666683569645],[-74.17899867535934,40.58660801631887],[-74.17899551875158,40.58657262036756],[-74.17900448171535,40.58651873035978],[-74.17903027164222,40.58647225563543],[-74.17905086752026,40.586423863915314],[-74.17907405046446,40.586387773216124],[-74.179105757238,40.58636073945134],[-74.17916134737206,40.58633782150059],[-74.17920550108022,40.586327380042185],[-74.17926312373983,40.58632449492235],[-74.17935303021213,40.58633307805725],[-74.17959359239482,40.58632111209163],[-74.17963047179066,40.58631868456627],[-74.17967142771113,40.58631822365195],[-74.17970852271834,40.58631107645247],[-74.17974054261447,40.58628830967389],[-74.17974942806823,40.58627166342423],[-74.17974764866229,40.58625504424521],[-74.17974160587185,40.58623389888416],[-74.17972747562105,40.58620967273746],[-74.17971720650392,40.58619213202142],[-74.1796979110128,40.58615870835992],[-74.17969833529118,40.58613386337513],[-74.17970432099489,40.58610064744682],[-74.17971267153082,40.58606904213553],[-74.17973271009828,40.586028378302565],[-74.1797496766409,40.58599940229159],[-74.1797756673393,40.585986308383234],[-74.17979614632574,40.58598494632084],[-74.17980645856102,40.58598871585258],[-74.17982036287351,40.585995714090416],[-74.17982879080758,40.586003812353844],[-74.17984577912054,40.58602169737114],[-74.17986857955937,40.58604271095146],[-74.17988948067698,40.58606084062886],[-74.17991365605296,40.58608518488368],[-74.1799461121433,40.586108724587156],[-74.17997783671589,40.586122966020504],[-74.18000374939109,40.58613407922135],[-74.18004407802381,40.58614453355001],[-74.1800891625972,40.58615180036135],[-74.18012954484212,40.586155888949506],[-74.18015994857957,40.586160434945846],[-74.18020860064821,40.58615650881731],[-74.18025346170533,40.58614681889227],[-74.18028722222549,40.58613042507576],[-74.1803126333919,40.586113990910285],[-74.1803335981904,40.58609054824343],[-74.1803558043531,40.5860687469231],[-74.18038682629206,40.58605290352269],[-74.18040690527009,40.586046468341955],[-74.18044349425406,40.586044792046984],[-74.18047586156989,40.58605306509265],[-74.18055154942046,40.58606741304362],[-74.18058835111317,40.586075483582235],[-74.18061959553573,40.5860765966245],[-74.18064632756541,40.58606985793378],[-74.18068080996925,40.58605555212943],[-74.18071833817855,40.58603050219915],[-74.18077315325193,40.586005933847844],[-74.18083352513277,40.585988320935215],[-74.18092628010486,40.58595098499345],[-74.18098554386236,40.58593342366945],[-74.18104498060691,40.585903975976095],[-74.18107456110486,40.58588395663692],[-74.18110862919586,40.585857368747455],[-74.18111963868837,40.585848805199646],[-74.18114486291165,40.58583704455297],[-74.18117571404876,40.58579787855764],[-74.18121656922251,40.5857436480836],[-74.18122210322004,40.58573634477606],[-74.18123944069906,40.585714276716395],[-74.1812552683337,40.585694405172724],[-74.18126579233002,40.58567093189595],[-74.18128375438685,40.585627528436085],[-74.18129984952014,40.58560380998145],[-74.18131104972622,40.58556709525634],[-74.18131802257365,40.585511390000185],[-74.18132029620067,40.58548231280059],[-74.18131673246336,40.585457325836956],[-74.18131631890387,40.58542964454728],[-74.18131616156082,40.585405361026304],[-74.1813323546188,40.58536075698312],[-74.18134532366197,40.58532524349835],[-74.18135515295991,40.58528518117465],[-74.18135834546446,40.58521643131509],[-74.1813498564905,40.58515586462232],[-74.18133668910097,40.5850946866251],[-74.18132068870285,40.58506171052911],[-74.1812913634663,40.58501912886262],[-74.18127478744782,40.58498577103045],[-74.18124939553067,40.58493885468154],[-74.18123113999214,40.584916723984705],[-74.18121155611576,40.58490373965553],[-74.18119702993465,40.58489873617008],[-74.18116782919381,40.584887087133474],[-74.18114786987056,40.584869997064104],[-74.1811316919175,40.58484693060533],[-74.18112503338952,40.584815520732256],[-74.18113613140137,40.58478894106158],[-74.18112208658022,40.5847240968603],[-74.18111347489689,40.58468907896156],[-74.1811099958423,40.58466286285819],[-74.18110699058158,40.58464775909322],[-74.18109114007937,40.58463416273595],[-74.1810699539171,40.58461548740961],[-74.18104999403954,40.584598396821235],[-74.18103116212384,40.584575883859905],[-74.18101851735487,40.58455593038388],[-74.18100228990187,40.584538229962035],[-74.18098348203692,40.58452190382821],[-74.18096459987689,40.584504754902326],[-74.18094256165813,40.58448860087681],[-74.18092225304778,40.58447359119964],[-74.18089515591156,40.58444945597257],[-74.18087570011328,40.58441585885977],[-74.18086680144383,40.58439075630645],[-74.1808579549263,40.58437184523454],[-74.18084311394745,40.58435822044907],[-74.18082924780491,40.58434908325441],[-74.18080736544334,40.5843354370454],[-74.18077999755091,40.58430970967932],[-74.18076345335881,40.58428957450946],[-74.18074401884724,40.584267535887825],[-74.1807295780867,40.58424109141693],[-74.18071621521497,40.584214586613484],[-74.18070721159975,40.58419403281264],[-74.18069460469967,40.58418110979434],[-74.18068338978719,40.58417141187867],[-74.18066563199832,40.58416125231896],[-74.18064923742651,40.58415968555933],[-74.18063068820034,40.58415823912043],[-74.18061135338885,40.584148579092435],[-74.18060032640415,40.58413515568181],[-74.18057808014372,40.58411203502112],[-74.18054117419612,40.58408848975295],[-74.1805178509711,40.584065427732945],[-74.18050083786068,40.58404036420155],[-74.18042892950388,40.58396220523813],[-74.18041206374373,40.58395571213472],[-74.18039650994365,40.583951622193545],[-74.18037181969353,40.583936891701704],[-74.18035863506717,40.5839235884232],[-74.18034786818949,40.58390726112181],[-74.18033224494566,40.58388542267667],[-74.18031012788039,40.58386931355125],[-74.18028604343728,40.58384959539966],[-74.18025767058867,40.583841676725285],[-74.18023018966876,40.58383742420602],[-74.18020662615874,40.583828825342835],[-74.18016312180096,40.583815554347346],[-74.18014252442747,40.58380968038211],[-74.18013043880995,40.58380787509888],[-74.18011050059911,40.583803202455506],[-74.18008827501885,40.5837916398798],[-74.18007693258332,40.583774930146966],[-74.1800728445039,40.58374914853224],[-74.18007495484092,40.58372591387418],[-74.18007530482225,40.583706903222236],[-74.18006808463292,40.58369368069305],[-74.18004479184644,40.58366525137829],[-74.1799931319292,40.58361197543383],[-74.17996256008225,40.583581059301615],[-74.17993490824382,40.583546678763874],[-74.17991085197981,40.583521593841205],[-74.17988944260318,40.583512876279364],[-74.17987289128965,40.5835096676954],[-74.17985103261445,40.583507579647105],[-74.17982253099372,40.58349264860642],[-74.1797992888816,40.583470407543935],[-74.17978200824587,40.58344824996009],[-74.17975208809985,40.583435461481734],[-74.17973422335072,40.58342984954045],[-74.17970503885273,40.58341908499867],[-74.17967559624779,40.58339429978543],[-74.17965684815223,40.583368094780774],[-74.17963260475426,40.58334673528394],[-74.17959848184938,40.58332963961267],[-74.17957087290087,40.583318375345655],[-74.17952495826123,40.58329120206828],[-74.17946503911152,40.583264806040134],[-74.17943514644236,40.58324665196085],[-74.1794016021307,40.58322993796541],[-74.1793538168369,40.58321153722068],[-74.17931793193274,40.58319866797686],[-74.17930979209264,40.583187148602256],[-74.17931330281388,40.583174791489355],[-74.17931411702297,40.58315305474043],[-74.17930127151874,40.583120734843234],[-74.17928366830037,40.58309528556027],[-74.1792804940351,40.58306779469192],[-74.1792857311136,40.583031989263745],[-74.17927094391818,40.58299069145737],[-74.1792557395971,40.58293372473882],[-74.1792482803776,40.58290110459457],[-74.17919977281304,40.58287531098646],[-74.17917314233934,40.58287492531801],[-74.17914802703199,40.58286662903852],[-74.17912015045039,40.58284133848373],[-74.17909164189251,40.58280947738486],[-74.17905154359698,40.58277536967369],[-74.17901801400765,40.582753285041534],[-74.17898860941007,40.5827346876392],[-74.178966775638,40.582710300000116],[-74.17895201243742,40.58268056317594],[-74.1789420082949,40.58264395423825],[-74.17891951952892,40.58260143485867],[-74.17888179097878,40.582558110265744],[-74.17884886586351,40.582531035774046],[-74.1788228255886,40.58251927081935],[-74.17880049125834,40.58249532469826],[-74.1787797115719,40.58245931719362],[-74.17869988744847,40.58234326903289],[-74.17869164277222,40.58233125137593],[-74.17867092935407,40.58229525095197],[-74.17867597957144,40.5822570133078],[-74.17866584370829,40.582224146829816],[-74.17864305264577,40.58218908712801],[-74.17862411236759,40.58216041688376],[-74.17861598208331,40.5821373430838],[-74.17861458030494,40.582111012096135],[-74.17861733171432,40.58208280217144],[-74.17861376817798,40.58204503795701],[-74.178600944414,40.582018093975655],[-74.17858850782729,40.58199525839369],[-74.17857668129336,40.581967435673526],[-74.17857497059987,40.581937820743946],[-74.17857880527004,40.581921106034315],[-74.1785949430234,40.58189711330295],[-74.17860303459157,40.58186242172646],[-74.17859828167157,40.58182925972733],[-74.17858357225384,40.581799533827315],[-74.17856993827009,40.58176974694836],[-74.17855465106351,40.581739639304544],[-74.17853617390746,40.581715894705766],[-74.17851034395535,40.581677287397234],[-74.17849359938937,40.58165468633823],[-74.17847727752086,40.58163082362352],[-74.17846417765368,40.581595231832814],[-74.17846561946395,40.58156461938984],[-74.17847117109012,40.5815259413751],[-74.17846622155352,40.58148494983578],[-74.17845908432588,40.58144944377126],[-74.17845318522542,40.58142707330085],[-74.17843513175681,40.58140206719815],[-74.17840611268865,40.58136982441627],[-74.1783646719445,40.58133784969363],[-74.17833373104045,40.58130818682002],[-74.178302326788,40.58127359827636],[-74.17827665137995,40.58123663263376],[-74.17826328566198,40.581203943517586],[-74.17824665309524,40.58117679733269],[-74.17822155380209,40.58114021241658],[-74.17820895551345,40.58110418055434],[-74.17819023180003,40.581054867718144],[-74.17816823636029,40.58099954412536],[-74.17815321043966,40.58095498021119],[-74.17804732624106,40.58082503384883],[-74.17801926436407,40.580785723245874],[-74.17800313334583,40.58075813715228],[-74.1779894143452,40.580715977421455],[-74.17798103855995,40.580667335222756],[-74.17798159298933,40.58063305609345],[-74.17800372567994,40.58060378467293],[-74.17801674474144,40.5805754259993],[-74.17802537889378,40.58054648139838],[-74.17803274804666,40.580521319736846],[-74.17803989005976,40.58050524876086],[-74.17806547910475,40.58046670891443],[-74.17808481063763,40.58044790707023],[-74.17812479189557,40.58042425840303],[-74.1781711916889,40.580394068786546],[-74.17819933625267,40.58038262222083],[-74.1782213711613,40.58038100086418],[-74.17823648105484,40.58037480931212],[-74.17824819745591,40.58035559724627],[-74.17826051988321,40.580319848377876],[-74.17825857736409,40.580287772283796],[-74.17825778047477,40.580244902477546],[-74.17826025530937,40.58020804342228],[-74.17825235029846,40.58017588008174],[-74.17823763209473,40.58013459894701],[-74.17822453462891,40.58009900812611],[-74.17819816170508,40.580054652297555],[-74.1781859574064,40.58003427782372],[-74.17817578744,40.58000677799917],[-74.17817617437626,40.579975315302434],[-74.1781936965982,40.57990260079861],[-74.17821437907482,40.57984594046144],[-74.17822796718109,40.579761581863735],[-74.17823790713172,40.57967539715274],[-74.17826373889028,40.579618960007664],[-74.1782837895495,40.57957515402609],[-74.1783213657107,40.57947881331237],[-74.17841336045136,40.579380184569985],[-74.17854577383125,40.5792458818031],[-74.17854769476303,40.57924107540294],[-74.17863332632167,40.57904476152496],[-74.17877806629721,40.57891283717195],[-74.17885398221046,40.578881110323586],[-74.17894218825666,40.57879463061466],[-74.17922610006698,40.578517038271784],[-74.179473993972,40.57820583955211],[-74.17959796042767,40.57805814200388],[-74.1796162593682,40.57803789157568],[-74.17963837350003,40.578019990664714],[-74.17966379152074,40.57800485315701],[-74.17969192574009,40.57799282904568],[-74.17972212566805,40.57798419633914],[-74.17974932899673,40.57797424238708],[-74.17977387515414,40.57796086243124],[-74.17979502946658,40.577944456938354],[-74.17981215878126,40.57792551693044],[-74.1798247504159,40.57790460928782],[-74.17983242750371,40.577882359782265],[-74.17983496027247,40.57785943434709],[-74.17983227292109,40.57783651914581],[-74.1798572922129,40.57779943030653],[-74.17988881238868,40.57776534372384],[-74.17992622490408,40.57773491748022],[-74.17996880745909,40.577708738990154],[-74.18001573794277,40.57768731365968],[-74.18006611030519,40.57767105512886],[-74.1801189520498,40.57766027728694],[-74.18017324300729,40.57765518821212],[-74.18028356594455,40.57756356294259],[-74.1803426744026,40.577514371025934],[-74.18030592781287,40.57726873763555],[-74.1803263924462,40.57724856742196],[-74.18035257913324,40.57721659747098],[-74.18037932858049,40.57720133991099],[-74.18041015239294,40.57719200650336],[-74.18046132806488,40.57719511824117],[-74.18050506995489,40.57719338461075],[-74.18053873356763,40.57718916893194],[-74.1805594677739,40.57717162763397],[-74.18056050426665,40.57715922661792],[-74.18059050794722,40.577136282817584],[-74.18064118989676,40.577112103130176],[-74.18067524792501,40.57708362930567],[-74.18070702005056,40.577061020266086],[-74.18077632866903,40.57702691455954],[-74.18083443028245,40.577001850447836],[-74.1809773379223,40.5769584988716],[-74.18116281718031,40.576902027406184],[-74.18141029369706,40.57682466378445],[-74.18152117980635,40.57679942465725],[-74.18155965133346,40.576790821348645],[-74.18162515811146,40.576775357325964],[-74.18174517376522,40.576755089237295],[-74.18195455205577,40.57675294899019],[-74.18200739562667,40.57674867502623],[-74.18205420667356,40.576741245455956],[-74.18206342853415,40.57673592500345],[-74.18208172899982,40.57671787028886],[-74.1821081954813,40.57669542641199],[-74.18212827181596,40.57667203187591],[-74.18214587624098,40.57665270620012],[-74.18217121159265,40.576648228832305],[-74.1821871350316,40.57665301185601],[-74.1822003104261,40.576664934165315],[-74.18219718004602,40.57667995600477],[-74.18220174572998,40.57669760172101],[-74.18222150507562,40.576706534904666],[-74.18227382057331,40.57670272722115],[-74.18234354685849,40.57668353257472],[-74.18239232749308,40.57666682478424],[-74.18243413835006,40.57666098548449],[-74.18249037491293,40.576662196701506],[-74.18252232822874,40.57666695371179],[-74.18260500006652,40.57669287825642],[-74.18266812838071,40.576700252577766],[-74.18271138960397,40.57670350171184],[-74.18278972052782,40.576720065092104],[-74.18281998457887,40.576731029008585],[-74.18284530602536,40.57675013050578],[-74.1828590436984,40.576773810598716],[-74.18286696857066,40.57678471791644],[-74.18288317811957,40.576804330802354],[-74.18291963883719,40.576820186584364],[-74.18297023735373,40.57682826404373],[-74.18303039369557,40.5768344949848],[-74.18312561100682,40.57683613782649],[-74.18332725741173,40.57681914700039],[-74.18347291893417,40.57680355063642],[-74.18357915790766,40.57678885658246],[-74.18366130710271,40.576773767209524],[-74.1837235383626,40.57676590922901],[-74.18381447637071,40.576764735967394],[-74.18393161108277,40.57676209133015],[-74.18411630077685,40.57677705226585],[-74.18419098848369,40.57678552381114],[-74.18427555802121,40.5767777198457],[-74.18436588367989,40.57677614422052],[-74.1844233667655,40.5767724820625],[-74.18449191343325,40.57678260740858],[-74.18455535383316,40.576799131344],[-74.18459059440575,40.57681418324039],[-74.18464000526407,40.576833677191054],[-74.18469929721904,40.57683689914102],[-74.18477884287813,40.576836364464484],[-74.18485533178607,40.57683381775917],[-74.18493005949806,40.57682136779648],[-74.18498730241124,40.576808174130576],[-74.18501930599139,40.57679616632106],[-74.18503160107316,40.5767816741157],[-74.18503547859177,40.57676263697894],[-74.18503589046372,40.57675824133672],[-74.18503341693703,40.57674976278035],[-74.18502394284424,40.57673437701747],[-74.18500499446048,40.57671082686497],[-74.18498233828636,40.57667660197975],[-74.1849137541937,40.5765377920923],[-74.1853973339789,40.57652120861235],[-74.18591612588715,40.576708639462716],[-74.18687589344295,40.57705509844864],[-74.18962320315437,40.57678676105391],[-74.19028871045512,40.576701361622625],[-74.19046207034867,40.57667911971797],[-74.1906405294124,40.576685028521034],[-74.19176844244967,40.576623635117926],[-74.19363299112693,40.577261709390754],[-74.1992558079049,40.579180746529616],[-74.20072627133175,40.579324901292175],[-74.20249120907043,40.57950533531432],[-74.20275369941473,40.579562557946495],[-74.20290359760153,40.579583547493975],[-74.20301858562955,40.57958334435631],[-74.2031301377722,40.57959908781706],[-74.20322067801473,40.57958033053952],[-74.20334616876346,40.57959604879924],[-74.20348190988105,40.57954533019343],[-74.20349918708989,40.579497477340325],[-74.20360736800802,40.579550420798114],[-74.20374670710032,40.57953688999143],[-74.20384420835995,40.5795154628523],[-74.20395913180191,40.5794940047022],[-74.20408146771337,40.57947490097037],[-74.20606648947762,40.579603274972854],[-74.20909808421233,40.57885998080661],[-74.20722018385597,40.587939266295386],[-74.20359337786171,40.59265347704825],[-74.19952011304316,40.59753860597444],[-74.19940829427695,40.60020116521081],[-74.2038123313213,40.605960695046285],[-74.20312809732813,40.61410903593729],[-74.20186318717217,40.61855716418345],[-74.20373777322006,40.62422688039151],[-74.20348902435089,40.62505054856078],[-74.20244094598947,40.628520771114005],[-74.20224710449818,40.63090315521318],[-74.20046907598682,40.63263017375204],[-74.19750077546104,40.63536049868227],[-74.19620359550302,40.63468605023377],[-74.19315316778108,40.63305156475561],[-74.19286910878506,40.63289794274185],[-74.1923802896671,40.632630642711696],[-74.19188757838008,40.632367525113786],[-74.19139103659145,40.632108622856016],[-74.19089072644584,40.631853968318374],[-74.19038671055712,40.631603593349666],[-74.18987905200031,40.63135752926269],[-74.1893678146843,40.631115806872025],[-74.18885306220373,40.63087845636282],[-74.18833485897028,40.63064550741816],[-74.18781326982466,40.63041698917053],[-74.18728836002947,40.63019293019769],[-74.18676019526018,40.62997335851969]]]]},"properties":{":id":"row-zxbr.bheh-sfv8",":version":"rv-4vue~32xp-udhj",":created_at":"2025-11-24T21:48:59.646Z",":updated_at":"2025-11-24T21:48:59.646Z","coun_dist":"50","shape_leng":"238162.427177","shape_area":"1138256088.1"}},
{"type":"Feature","geometry":{"type":"MultiPolygon","coordinates":[[[[-74.0016172746772,40.692549071104125],[-74.0010471755208,40.692264597912235],[-74.00058547434564,40.69212586286186],[-74.00062303464179,40.692041490667535],[-74.00019040386195,40.69189644662763],[-73.99991517300599,40.691767230010356],[-73.9995127413904,40.69165145081147],[-73.9993654019507,40.691613078775475],[-73.99928819562555,40.691593959927125],[-73.99920161872038,40.69157183434764],[-73.99910057338587,40.69153697399388],[-73.99893829000438,40.69149514453191],[-73.9984527178269,40.69136998347758],[-73.99803048644992,40.691253722876255],[-73.99776924445038,40.69119469786078],[-73.99623278100584,40.69075777408381],[-73.99436092830206,40.690239479581805],[-73.9923636697722,40.68969012377696],[-73.99262286020634,40.68916054883597],[-73.99268552762909,40.68903324653125],[-73.99292889021893,40.688519422125154],[-73.99300451644851,40.68836463553734],[-73.99326829936861,40.68782445132586],[-73.9933382296489,40.68767879743648],[-73.99360423147121,40.68712723004814],[-73.99090003264867,40.68608821866888],[-73.98871156098788,40.685224617977084],[-73.98828293729366,40.68586678562212],[-73.98611912237091,40.685024330008154],[-73.98395292782652,40.684181429202745],[-73.98199244006882,40.68341814241465],[-73.97968897158509,40.68252197286138],[-73.97961680085271,40.6824912692081],[-73.97918390577782,40.683128837470306],[-73.97876022462941,40.683765443980576],[-73.97842970688984,40.68435561266225],[-73.97838862495654,40.68442334204889],[-73.97807729640682,40.68491493988754],[-73.97745722097207,40.684052286608136],[-73.97666659450552,40.682972215301255],[-73.97656872289862,40.68282705954558],[-73.9763162849723,40.68250861208768],[-73.97583405737346,40.68183563025567],[-73.97514316788867,40.68087190530677],[-73.97469118307255,40.680266616302],[-73.97431048111943,40.67973482307113],[-73.9735088335374,40.678639121471996],[-73.97305251679812,40.67799867687744],[-73.9727161502031,40.67752281068692],[-73.97244492512222,40.67716200860371],[-73.97188596838802,40.67639465347954],[-73.96949738784467,40.67590637996428],[-73.96969317549178,40.67536085443341],[-73.96958278332608,40.67529665251225],[-73.96947828395048,40.67522696818342],[-73.96938014618358,40.67515211408647],[-73.96928881029815,40.675072426053966],[-73.96920468593518,40.67498826183692],[-73.96912815057787,40.67489999879779],[-73.9690595475674,40.674808032924],[-73.96899918465299,40.67471277681395],[-73.96891154617332,40.674563562138964],[-73.96883890252336,40.67440897649519],[-73.96878202025574,40.67425035313731],[-73.9687414343899,40.67408910734116],[-73.96871733138406,40.673926683599205],[-73.96871387984453,40.6738065075725],[-73.96871761786875,40.673686336511906],[-73.96872853766618,40.67356641962163],[-73.96874661650178,40.67344700571455],[-73.96877181689013,40.6733283422833],[-73.968804086535,40.67321067540172],[-73.96882876520945,40.6731421764509],[-73.9688810403825,40.672980353541774],[-73.96894206417251,40.672887491772975],[-73.96920280799267,40.67279515787756],[-73.96898047730879,40.67239044189757],[-73.96834373900109,40.67154320361735],[-73.96771257561592,40.6706935538651],[-73.96708700271454,40.66984151387549],[-73.96646703571665,40.66898710494215],[-73.96585268990006,40.66813034841701],[-73.96524398067073,40.66727126574305],[-73.96464092275106,40.666409878355324],[-73.964043530991,40.66554620777779],[-73.96345182009729,40.664680275590555],[-73.96286580463294,40.663812103429414],[-73.96238822274212,40.66308961256189],[-73.96277174436504,40.66272366715559],[-73.96283008683994,40.66267544620926],[-73.96288312039525,40.66262379222512],[-73.96293049803869,40.662569043181406],[-73.96297190978757,40.66251155730683],[-73.9630070846969,40.66245171073655],[-73.96303579252125,40.66238989501123],[-73.96305784554791,40.662326514640846],[-73.96307309950225,40.66226198432544],[-73.96308145459726,40.6621967262879],[-73.96308285618579,40.66213116751147],[-73.96281298442588,40.660509392810674],[-73.96245536633201,40.6582869775248],[-73.96188086439827,40.654881191549684],[-73.9641466633954,40.65399497235045],[-73.96621321959275,40.65318940454661],[-73.97145620308554,40.65114031195982],[-73.97170570708818,40.651109906422846],[-73.97170241905276,40.65105939137663],[-73.97170296858174,40.651008816025275],[-73.971707353595,40.650958349182964],[-73.97171555968055,40.65090815960997],[-73.97174864822975,40.650857739596965],[-73.9717896249888,40.650810800668076],[-73.97183786910455,40.650768055207706],[-73.97189264751911,40.65073015182673],[-73.97193822364895,40.65070697163729],[-73.97198630280641,40.65068693831645],[-73.97203651258035,40.65067020723744],[-73.97208846173392,40.65065690875398],[-73.97215147256594,40.65065094852296],[-73.9722149312639,40.650649315501134],[-73.9722783271529,40.65065202253136],[-73.97234114898954,40.6506590481552],[-73.97243699737624,40.650678772836045],[-73.97253476542733,40.65069194315842],[-73.97263368259284,40.65069845526464],[-73.97273296826137,40.65069825771857],[-73.97286569314129,40.65067778316958],[-73.97299645019407,40.650650950896214],[-73.97312471497354,40.650617868519],[-73.9732499728585,40.65057866846],[-73.97337172160968,40.65053350821191],[-73.973489472918,40.65048256890586],[-73.97374089731854,40.650384432580886],[-73.97392734365067,40.65031168212989],[-73.97382237621213,40.65017165626322],[-73.97393931103936,40.65019568442516],[-73.97426058548164,40.65007986374228],[-73.97442967829774,40.650012940751026],[-73.97451232623484,40.649982301588345],[-73.97459081175377,40.6499458621291],[-73.97466261231858,40.649905088008765],[-73.9747291891918,40.649859460709],[-73.97478997890182,40.64980936640291],[-73.9748444669609,40.649755229069854],[-73.97489219221947,40.64969750690675],[-73.97493275076886,40.64963668844991],[-73.97496579935925,40.64957328844007],[-73.97499105830444,40.649507843465464],[-73.97500831384816,40.64944090742057],[-73.97501741997257,40.64937304681772],[-73.97501829963323,40.6493048359926],[-73.97493875075271,40.64885505954151],[-73.97492723923084,40.648789860721166],[-73.97472847878824,40.647773709375564],[-73.97422537800855,40.64512485743876],[-73.97413996909536,40.64502975403025],[-73.97381361443847,40.64333594038796],[-73.97271968852287,40.64345607634004],[-73.9716477490299,40.64357305559675],[-73.97071645854808,40.643677570348544],[-73.97008897727095,40.64374583950691],[-73.96872003965564,40.64389525823841],[-73.96858425844985,40.64317443738597],[-73.96845478380736,40.642497851909766],[-73.96832837434822,40.64181883574065],[-73.96791657397743,40.63964977748279],[-73.96753201979405,40.63761499231036],[-73.96822343385395,40.63729690644196],[-73.96803868487798,40.636650985436376],[-73.96935965791307,40.636505550149224],[-73.97029036228922,40.63640634141821],[-73.9713614349551,40.63628530509936],[-73.97245788143668,40.63616399315231],[-73.97273457248993,40.6361341525729],[-73.97289573333302,40.63611624853743],[-73.97301022453938,40.63610352855805],[-73.97410674810654,40.63598121114693],[-73.97503397601368,40.63587921677323],[-73.97596212214592,40.635778817021674],[-73.9768886114649,40.63567486202826],[-73.97802158944135,40.635552702905265],[-73.97761642237326,40.63315364240383],[-73.97865137446766,40.63304465096831],[-73.97870463020467,40.63332433555015],[-73.97897292672519,40.633476643933996],[-73.98143157832752,40.634955117211675],[-73.98363416933249,40.636284609032444],[-73.9858367541277,40.637615426493944],[-73.98803983879293,40.638946822975974],[-73.99024413605389,40.64027520619963],[-73.9926445605762,40.64172829094649],[-73.99192812309575,40.64220490408609],[-73.99121277446031,40.64268589050539],[-73.99049634082614,40.643164441188446],[-73.98977890274075,40.64364488673098],[-73.98905872459589,40.644119241039284],[-73.9883498673701,40.644562243887364],[-73.98528412809576,40.645767938226996],[-73.98307340073981,40.64662513470494],[-73.98230939759495,40.646927403808405],[-73.98180533857207,40.64712779926231],[-73.98136132975007,40.647318350748705],[-73.98036334656312,40.647693744101524],[-73.98071174701887,40.6495240870795],[-73.98110911943493,40.65159173203387],[-73.98129697378938,40.65263750669711],[-73.98145293838228,40.65341633637395],[-73.98179568718419,40.65524609715823],[-73.98402397206463,40.65659116961081],[-73.98622761311839,40.65792048276327],[-73.9884313525216,40.65925121115527],[-73.98901286624817,40.65869079560107],[-73.9895923812105,40.65813406083362],[-73.9901884150102,40.65760081883124],[-73.99238339483462,40.65889901642447],[-73.99296401975991,40.65833740945996],[-73.99516890132156,40.659669522044084],[-73.99458790590316,40.66022793371428],[-73.99400419125496,40.660789835902314],[-73.99342089317346,40.66134895281027],[-73.9928383061919,40.6619084808981],[-73.99225494068332,40.66246874407543],[-73.99167274856696,40.663028680009035],[-73.99108906811847,40.66358978487064],[-73.99081670378847,40.66388939663877],[-73.99073747123356,40.66397655526424],[-73.99071343701041,40.66400299309545],[-73.99065052866543,40.664057891778015],[-73.99058419389551,40.66412533832625],[-73.9905450274587,40.664165161205496],[-73.98981472099938,40.66496334351603],[-73.98931273086802,40.665566337813466],[-73.98880924062982,40.666169518536414],[-73.98830660707078,40.66676994093128],[-73.98780391547002,40.66737358649717],[-73.9873008595717,40.66797541780226],[-73.98679977144553,40.668578355455956],[-73.98630429134728,40.66917266537455],[-73.98864720057537,40.67032468844639],[-73.98871322517387,40.67035690652925],[-73.98877003658335,40.67038404473307],[-73.99102303826234,40.67145846732878],[-73.99337906043188,40.67260415431955],[-73.99628368526835,40.6740166721326],[-73.99631939526641,40.67403403669759],[-73.99666043540708,40.674142780841365],[-73.99696673342599,40.67378415974907],[-73.99717696106482,40.6735282933719],[-73.99745115649252,40.67319456848806],[-73.9980574165226,40.672469545103226],[-73.99812844659408,40.67244074975709],[-73.99847134124688,40.6720591009894],[-73.99855090521784,40.67192594185834],[-73.99860480587697,40.67200858232499],[-73.99874427186708,40.67222241175192],[-73.99888182894544,40.67243331360471],[-73.9989477252599,40.672535054705236],[-73.99906065566577,40.67271162547219],[-73.99917708685332,40.67289367028822],[-73.99922834674494,40.672973814269945],[-73.99976336972766,40.67382981663715],[-73.9998144838321,40.67391293664703],[-73.9998952185976,40.674044223749696],[-73.99999061307939,40.67418940923541],[-74.00035615498572,40.67474573340799],[-74.00045011468973,40.67476942502323],[-74.00077979381057,40.675293900751576],[-74.00096041051934,40.6755720318113],[-74.00102399932594,40.6756699495578],[-74.0011248166459,40.67569755434143],[-74.00119794934224,40.675840756154265],[-74.00123567217459,40.67590920826215],[-74.00129702509295,40.676012507706474],[-74.00135378434672,40.67610262089499],[-74.00166154434359,40.67659123060172],[-74.0021657804283,40.67733166995808],[-74.00233213348979,40.677575693604716],[-74.00242456429932,40.67770613061152],[-74.00294835460167,40.678422271493616],[-74.00301660321229,40.67849854642329],[-74.00319411396163,40.67869578873474],[-74.00338485087516,40.67890736589076],[-74.00351558274367,40.67905238147115],[-74.00359543948622,40.679140963284915],[-74.0037437418681,40.67930925551954],[-74.00381787011096,40.67939317004141],[-74.0039419243392,40.67953360229576],[-74.00401833463141,40.679618184205765],[-74.00407944440684,40.67968543453019],[-74.00417383393305,40.67978867191246],[-74.00440073266431,40.680036838603435],[-74.00445706737511,40.680100991822584],[-74.00454676379029,40.68020320079068],[-74.00465189931585,40.68032393309981],[-74.0047552172587,40.68044351095321],[-74.00504095185785,40.68080225439151],[-74.00510060923806,40.680879007233145],[-74.005156381254,40.68095076286775],[-74.00535329076308,40.68120409872071],[-74.00545402477331,40.68134001787218],[-74.00580802587378,40.68186097478524],[-74.0058209675818,40.68188057838127],[-74.00635210294242,40.682685284094184],[-74.0064117432581,40.68277564031855],[-74.00645819271602,40.68284601271682],[-74.00672517003923,40.683251445708024],[-74.006795931253,40.68335890815668],[-74.00687573255429,40.68348768539355],[-74.00671295147946,40.68361546025575],[-74.00694908106118,40.68378445460003],[-74.00713597574207,40.68403795578186],[-74.00731714368649,40.68426944824912],[-74.00860072436832,40.685909564654835],[-74.00851294191325,40.68596254908633],[-74.00842516151923,40.686015531942594],[-74.0081641459391,40.686174717161514],[-74.00798184065677,40.686275822095915],[-74.00793441476988,40.686281943481234],[-74.00788712164156,40.68624579479343],[-74.00782695474203,40.68624062883432],[-74.00776833635145,40.68624913667157],[-74.007717074958,40.68626442901839],[-74.00754474403941,40.68631824459362],[-74.00701988682654,40.6865264171941],[-74.00644146832336,40.68628849023215],[-74.00588224183232,40.68619576889363],[-74.00566680246703,40.68669807883382],[-74.005629863304,40.68678420604366],[-74.0050037331507,40.6876059848983],[-74.00459270521768,40.68821522248404],[-74.0038203891973,40.68892964419675],[-74.00340921558495,40.68961326116016],[-74.00297565436566,40.69042657592073],[-74.00196321992863,40.690136379460775],[-74.00185304524621,40.690387986741854],[-74.0009615685494,40.690128767847526],[-74.00069905841879,40.69061185841908],[-74.00132562399813,40.691463100332086],[-74.00196938526081,40.691843208317515],[-74.00181765040732,40.69222196248143],[-74.00181122055704,40.692238012881106],[-74.00179839892095,40.69227001601021],[-74.00174362045013,40.692406749705526],[-74.00169989372672,40.69238276713661],[-74.0016172746772,40.692549071104125]]]]},"properties":{":id":"row-356d~ieyz~2gdp",":version":"rv-9d4x~4mp7_ughj",":created_at":"2025-11-24T21:48:59.646Z",":updated_at":"2025-11-24T21:48:59.646Z","coun_dist":"39","shape_leng":"72283.4657502","shape_area":"118294435.493"}},
{"type":"Feature","geometry":{"type":"MultiPolygon","coordinates":[[[[-73.9369479266854,40.65869756943335],[-73.93686392947171,40.65794217015058],[-73.93632541133573,40.65797512076855],[-73.9359047433601,40.65799865099506],[-73.93544420495793,40.65803008290238],[-73.93496155979447,40.65806072548295],[-73.93448946593507,40.65808904022408],[-73.93399584821424,40.65811864639313],[-73.93209047896595,40.658235090754374],[-73.93108323098912,40.65829591603632],[-73.93090354932272,40.656610355984185],[-73.93190743894837,40.656537652543],[-73.93284657358834,40.656478482051924],[-73.93381012074782,40.656422992675026],[-73.93478437377932,40.6563603955899],[-73.93571813327273,40.656303296729746],[-73.93617927816082,40.6562739720697],[-73.93668469506126,40.656241823300924],[-73.93654899663406,40.65497630692098],[-73.9363866206994,40.65344517602154],[-73.93617544519422,40.65146836907974],[-73.93598888381969,40.6497522202287],[-73.93695957021265,40.649693141441766],[-73.93789309468977,40.64963384643401],[-73.93857097308988,40.649590510240486],[-73.93886143839855,40.64957194121663],[-73.93983368096585,40.649511741523014],[-73.94076397251226,40.649453682005664],[-73.9416999498788,40.64939398695818],[-73.94263113204175,40.64933975773207],[-73.94312244902682,40.64930918342263],[-73.94360431385017,40.6492789952337],[-73.94457678369558,40.64921950323639],[-73.94550822643463,40.64916002697499],[-73.9464788237257,40.64910075087272],[-73.94746680206256,40.649039584800995],[-73.9484010751963,40.64898282415224],[-73.94937003719757,40.648923046299494],[-73.94928589455863,40.64814094553566],[-73.9491520465801,40.646885834565204],[-73.94896388096369,40.645131678397],[-73.94888841428103,40.64442649263551],[-73.94876122759192,40.643245001489156],[-73.94972808402709,40.64318503020554],[-73.95066545346141,40.64312739778482],[-73.9516516728088,40.6430659688435],[-73.95262169259254,40.643006317325764],[-73.95355481397625,40.64294723712041],[-73.95452484043685,40.642887587478306],[-73.95549344942532,40.64282732533319],[-73.95642457777373,40.642770957647926],[-73.95763644642231,40.64268949946349],[-73.9574635987085,40.64237167027891],[-73.95707031021693,40.64196067140506],[-73.9557159997168,40.64058252627347],[-73.95563820687701,40.64050392611583],[-73.95476763190231,40.63962444686534],[-73.95597076354943,40.63906747556342],[-73.95683911143733,40.63864939551812],[-73.95770794616844,40.63823157260178],[-73.9586734709619,40.63776647203633],[-73.95979790671463,40.63722301098062],[-73.96068086616494,40.636801927805095],[-73.96158252368646,40.63636804775152],[-73.9624805888576,40.6359331050144],[-73.96277454645814,40.635792562699706],[-73.96285500515415,40.635754095688405],[-73.963087598095,40.635642889761804],[-73.96334865313487,40.635518075552405],[-73.96411574576196,40.63514821747515],[-73.96421566828714,40.635100038089014],[-73.9650826358503,40.63468367989781],[-73.96595081024462,40.63426593708667],[-73.9671853026322,40.63370377749769],[-73.96889435666613,40.63291731689403],[-73.97159583155702,40.631618323493264],[-73.97144921430287,40.630875502355615],[-73.97131935862664,40.63010797501575],[-73.97109232328961,40.628966140624236],[-73.97097694782876,40.62822821551052],[-73.97095950945233,40.62811668275267],[-73.97093901614893,40.62800852843942],[-73.97086451159367,40.627615339228264],[-73.97066323798003,40.62659864693747],[-73.97092126268777,40.62656998550554],[-73.97108160338057,40.62655370831829],[-73.97119209843841,40.62654269641986],[-73.97229894843689,40.62643116816193],[-73.97322001066978,40.62631854258552],[-73.97414911512986,40.62621489784491],[-73.97507611264214,40.62611376711569],[-73.97563580928465,40.62603520874363],[-73.97623453682755,40.62597635073027],[-73.97644970375615,40.627008255472894],[-73.97650131886712,40.62723584218485],[-73.97651462034234,40.62729448999119],[-73.97653344961586,40.627377605481776],[-73.97657775623188,40.62757318681885],[-73.97669604371914,40.628354564208806],[-73.9768496430902,40.629088581478435],[-73.97699848928193,40.62987149612541],[-73.9770709902352,40.63025228039007],[-73.97716511994669,40.63074665412938],[-73.97761642237326,40.63315364240383],[-73.97802158944135,40.635552702905265],[-73.9768886114649,40.63567486202826],[-73.97596212214592,40.635778817021674],[-73.97503397601368,40.63587921677323],[-73.97410674810654,40.63598121114693],[-73.97301022453938,40.63610352855805],[-73.97289573333302,40.63611624853743],[-73.97273457248993,40.6361341525729],[-73.97245788143668,40.63616399315231],[-73.9713614349551,40.63628530509936],[-73.97029036228922,40.63640634141821],[-73.96935965791307,40.636505550149224],[-73.96803868487798,40.636650985436376],[-73.96822343385395,40.63729690644196],[-73.96753201979405,40.63761499231036],[-73.96791657397743,40.63964977748279],[-73.96832837434822,40.64181883574065],[-73.96845478380736,40.642497851909766],[-73.96858425844985,40.64317443738597],[-73.96872003965564,40.64389525823841],[-73.97008897727095,40.64374583950691],[-73.97071645854808,40.643677570348544],[-73.9716477490299,40.64357305559675],[-73.97271968852287,40.64345607634004],[-73.97381361443847,40.64333594038796],[-73.97413996909518,40.64502975453284],[-73.97422537800855,40.64512485743876],[-73.97472847878824,40.647773709375564],[-73.97492723923084,40.648789860721166],[-73.97493875075271,40.64885505954151],[-73.97501829963305,40.6493048364952],[-73.9750174199446,40.64937304727758],[-73.97500831379769,40.64944090783593],[-73.97499105823691,40.64950784383495],[-73.97496579928028,40.649573288762646],[-73.97493275068413,40.64963668872504],[-73.97489219213479,40.649697507134185],[-73.97484446688198,40.649755229249806],[-73.97478997883438,40.64980936653599],[-73.97472918914144,40.64985946079621],[-73.97466261229077,40.64990508805149],[-73.97459081175377,40.6499458621291],[-73.97451232623484,40.649982301588345],[-73.97442967829774,40.650012940751026],[-73.97426058548146,40.65007986424486],[-73.97393931103936,40.65019568442516],[-73.97382237621213,40.65017165626322],[-73.97392734365067,40.65031168212989],[-73.97374089731854,40.650384432580886],[-73.9734894729178,40.65048256940843],[-73.97337172159561,40.65053350854708],[-73.9732499728445,40.65057866862741],[-73.97312471497354,40.650617868519],[-73.97299645019407,40.650650950896214],[-73.97286569314129,40.65067778316958],[-73.97273296826137,40.65069825771857],[-73.97263368259284,40.65069845526464],[-73.97253476542733,40.65069194315842],[-73.97243699737624,40.650678772836045],[-73.97234114898954,40.6506590481552],[-73.97227832748283,40.65065202254274],[-73.97221493192379,40.65064931550131],[-73.97215147289587,40.65065094851175],[-73.97208846173392,40.65065690875398],[-73.97203651258033,40.65067020723744],[-73.97198630280641,40.65068693831645],[-73.97193822364895,40.65070697163729],[-73.97189264751911,40.65073015182673],[-73.97183786910455,40.650768055207706],[-73.9717896249888,40.650810800668076],[-73.97174864822975,40.650857739596965],[-73.97171555968055,40.65090815960997],[-73.971707353595,40.650958349182964],[-73.97170296858174,40.651008816025275],[-73.97170241905276,40.65105939137663],[-73.97170570708818,40.651109906422846],[-73.97145620308554,40.65114031195982],[-73.96621321959275,40.65318940454661],[-73.9641466633954,40.65399497235045],[-73.96188086439827,40.654881191549684],[-73.96245536633201,40.6582869775248],[-73.9628129844256,40.660509393313255],[-73.96308285618579,40.66213116751147],[-73.96308145459726,40.6621967262879],[-73.96307309950225,40.66226198432544],[-73.96305784554791,40.662326514640846],[-73.96303579252125,40.66238989501123],[-73.9630070846969,40.66245171073655],[-73.96297190978757,40.66251155730683],[-73.96293049803869,40.662569043181406],[-73.96288312039525,40.66262379222512],[-73.96283008683994,40.66267544620926],[-73.96277174436504,40.66272366715559],[-73.96238822274212,40.66308961256189],[-73.96224973835139,40.66319867819502],[-73.9621314632963,40.66320816261758],[-73.96170958974497,40.663235759405275],[-73.96095595453626,40.66328505483428],[-73.96061544798397,40.66330275016818],[-73.95973906018104,40.66336064718122],[-73.95720935457155,40.66351739728042],[-73.95384851077019,40.66372780885379],[-73.95097410077457,40.663904867863906],[-73.94940638959486,40.66400530778234],[-73.94816604109279,40.664081821978534],[-73.94546293654459,40.66422610463919],[-73.94489227687055,40.66417414358656],[-73.94408198675569,40.664128572936896],[-73.94269628960099,40.66405512923562],[-73.93992612603009,40.66390388876599],[-73.93944250599117,40.663877457261854],[-73.93715847223591,40.66375259953473],[-73.93722002610768,40.66342480725215],[-73.93726377502635,40.66319183379349],[-73.9373969392932,40.6629203834212],[-73.93734069186819,40.66239632387849],[-73.93726248659637,40.66167060044063],[-73.93718729654961,40.66094689540438],[-73.93715311226877,40.66062934466407],[-73.9371107239336,40.660235588255844],[-73.93703513401192,40.65952669645231],[-73.9369479266854,40.65869756943335]]]]},"properties":{":id":"row-zy2r-uz5h_mahr",":version":"rv-tutg_z9tn.acq5",":created_at":"2025-11-24T21:48:59.646Z",":updated_at":"2025-11-24T21:48:59.646Z","coun_dist":"40","shape_leng":"54130.5323638","shape_area":"73666507.1805"}},
{"type":"Feature","geometry":{"type":"MultiPolygon","coordinates":[[[[-73.95266136728188,40.78659501962442],[-73.95255145535161,40.78654858066246],[-73.95246430166776,40.7865104309183],[-73.9522294760314,40.78641155023187],[-73.9512967085309,40.78602007486519],[-73.95092812788218,40.78586538067528],[-73.95033804130387,40.78561715001319],[-73.94933170560994,40.785193126055056],[-73.94982390342892,40.78451557104543],[-73.94926506167415,40.78427980963047],[-73.94833792871142,40.78388866997906],[-73.94757763320617,40.783567905703045],[-73.94521308542932,40.78257074657101],[-73.94525035523525,40.78251986372316],[-73.94536565108628,40.78236245082986],[-73.9456698164536,40.781947176189504],[-73.94573785309689,40.78185404204143],[-73.94588094490058,40.781658165988055],[-73.94613091651325,40.78131597838768],[-73.94619718641084,40.78122601824229],[-73.94630631684217,40.78107787603926],[-73.94642443300467,40.780917534019736],[-73.9464776424549,40.78084530304352],[-73.94659059180266,40.78069197357352],[-73.9464462821936,40.78063181558344],[-73.94637350532334,40.78060147706915],[-73.94552211864158,40.780246554485345],[-73.94545202158804,40.78021733120015],[-73.94509380195643,40.78006799496502],[-73.94435789485777,40.7797610922873],[-73.94419493020563,40.7801277904007],[-73.94424592141976,40.78050705854699],[-73.94447433668958,40.78147059901303],[-73.94448629698903,40.78161893356596],[-73.94448660923054,40.78182756442508],[-73.94447051056174,40.78203527318518],[-73.94443826908824,40.78224095413407],[-73.94439719745503,40.78238161037327],[-73.944342041241,40.78252010776297],[-73.94433165868122,40.78254047299034],[-73.94432285362952,40.78255774847164],[-73.94427315665554,40.782655230724046],[-73.94426008488233,40.78267603540329],[-73.94422224326162,40.7827363057724],[-73.94419113834061,40.782785817899594],[-73.94418042939921,40.78280000562579],[-73.94409680370364,40.7829107897901],[-73.94405439380257,40.78296435754335],[-73.94395460163102,40.78291552015384],[-73.94389324605929,40.782887727332565],[-73.94383256609946,40.7828590889724],[-73.94376005340587,40.782828932220056],[-73.94367358284843,40.78271662373098],[-73.94364823539011,40.7826561613333],[-73.94237173854094,40.78245922288446],[-73.93940313246783,40.7820205762729],[-73.93820455699068,40.781850292732784],[-73.93701720159764,40.78109046634221],[-73.93776081649467,40.780112086035174],[-73.93594318474871,40.77888576169357],[-73.93474353077397,40.778076335377406],[-73.93508232558261,40.77794423372817],[-73.93585452641504,40.77721168462421],[-73.936089196991,40.77718432207707],[-73.936380228837,40.77692145606044],[-73.9370301283993,40.77589320499802],[-73.9370470208763,40.775866486538476],[-73.93765483024703,40.77508568538333],[-73.93785811888885,40.774087568973414],[-73.93781335903448,40.77356289414501],[-73.93746638603186,40.77253149512557],[-73.93746637681015,40.77250376846241],[-73.93560853449772,40.77193127768452],[-73.93556797115848,40.7719187780365],[-73.93495593369758,40.771730170218916],[-73.93532259466005,40.77048459404705],[-73.93640381802317,40.769474884014706],[-73.93800409632081,40.768810499002974],[-73.93983559349122,40.76798800593934],[-73.94035103718326,40.767653375484535],[-73.94046256951705,40.767530469300645],[-73.94131174941451,40.76691800476966],[-73.94158523205661,40.76661608765733],[-73.94350281966635,40.76449904074351],[-73.94467628079377,40.76293008559957],[-73.94471460869173,40.76287884042692],[-73.94473048905996,40.762856547008894],[-73.94570525640735,40.76148815705664],[-73.94580554804877,40.76144956712107],[-73.94596424219853,40.761292606610304],[-73.94783189582996,40.75898919330466],[-73.949150218094,40.75732894589754],[-73.95066341826288,40.75543632283315],[-73.9507252463368,40.75536293504839],[-73.95077122659485,40.75530796915598],[-73.95080763818348,40.75526368011433],[-73.95083917075976,40.75521808361621],[-73.95087702017686,40.75516691420259],[-73.95101792666448,40.755086919222194],[-73.95131438087404,40.754579550641985],[-73.95153689279796,40.75433062843174],[-73.95166990038587,40.75418341452917],[-73.95193018728062,40.7538848218475],[-73.95201001989038,40.75383501329084],[-73.95256792486424,40.75316767151413],[-73.95278760145926,40.75298088510845],[-73.9529079071637,40.75286038947275],[-73.95289896144124,40.75279991912684],[-73.95292971005213,40.75276364990684],[-73.9536210397199,40.75208520818345],[-73.95375312856626,40.75200155085596],[-73.95389216624743,40.751890757770404],[-73.9539489670387,40.75182340686358],[-73.95391958666158,40.75179900365118],[-73.95449858097594,40.75122583574042],[-73.95447585982694,40.751097265559885],[-73.95553187698107,40.75021593221353],[-73.95606245734433,40.74976427782966],[-73.95608794510929,40.74976872866699],[-73.95612066411361,40.74975988536967],[-73.9562013686721,40.74968563332401],[-73.95619953007305,40.749670714925394],[-73.95617416492492,40.749665094491874],[-73.95704097276841,40.748920350873824],[-73.957493440047,40.748336464762914],[-73.9575188932104,40.748303619089704],[-73.95845316793555,40.74709794562891],[-73.95830782323915,40.74706834919522],[-73.95835800818824,40.74697401659773],[-73.9583981422614,40.74691780160345],[-73.95840693332745,40.74688730730444],[-73.95848340479128,40.74683777746199],[-73.95857744304874,40.74675108484956],[-73.95866490674983,40.74664202069645],[-73.9587203632675,40.74664630211677],[-73.95922245790949,40.74601752710451],[-73.95974727111383,40.745242385264525],[-73.96010476040178,40.74471436658877],[-73.96437765404313,40.7464950880389],[-73.96444522752678,40.74641042475806],[-73.96458318426947,40.74645440067335],[-73.96458702399427,40.74651589854462],[-73.96454518192616,40.7465641499704],[-73.96578077420813,40.74708027015982],[-73.9676063413784,40.74784279036702],[-73.96791272994395,40.747970935642165],[-73.96532405586477,40.75104771827205],[-73.96494444689378,40.751462643216804],[-73.9647095277505,40.751719414593026],[-73.96373572283169,40.75278377577703],[-73.96316074049717,40.75341220783075],[-73.96286896769232,40.75374250915693],[-73.96289729202545,40.75376551709434],[-73.96268703046536,40.754004373286655],[-73.96223125165561,40.754522130924464],[-73.96219381838414,40.75450431515328],[-73.96213559058114,40.75457323097074],[-73.96162927534888,40.75515238476172],[-73.96102790867137,40.75561058508165],[-73.96079723052026,40.755804655852245],[-73.9607970991498,40.75580477274067],[-73.96065638180474,40.75592314955021],[-73.96036455140823,40.75626941113343],[-73.96003900990587,40.75672535074147],[-73.95966400300077,40.75721141268949],[-73.95965770876627,40.757260145625835],[-73.95918103219992,40.75785611105225],[-73.95917264248838,40.75786478039404],[-73.95907003031206,40.757939098020316],[-73.9587779082273,40.75827092034619],[-73.95854329679058,40.75849562293584],[-73.9584911954165,40.75854590383049],[-73.9586070489439,40.758593859435955],[-73.95871908226934,40.7586402326136],[-73.95875669779167,40.75858870204885],[-73.95893448513704,40.75833515544848],[-73.9590368100845,40.75838378260454],[-73.95948743866096,40.75774747411264],[-73.96018161162462,40.75803666202137],[-73.96243278464179,40.7589806513506],[-73.96400432096223,40.7596492379941],[-73.96480079594998,40.75998213940584],[-73.96703649630003,40.76092299632282],[-73.96658338422283,40.761550935074006],[-73.96612747295728,40.76217929969565],[-73.9656695995005,40.76280455560935],[-73.96521328054038,40.7634313585585],[-73.9647554491405,40.764057070097145],[-73.96429790392955,40.76468198711795],[-73.96384291091098,40.76530968617275],[-73.96340154149789,40.765911191035194],[-73.96292865765733,40.76655862794684],[-73.96246998928213,40.76718493328528],[-73.96201413119725,40.767812308492985],[-73.96154785584113,40.76843158184961],[-73.96110997058013,40.76906440780268],[-73.96060180571425,40.76974918670624],[-73.9601095519654,40.77043221096543],[-73.95964440707836,40.7710642658524],[-73.9591818003835,40.77169682395601],[-73.9587170744176,40.772331674653934],[-73.95857052638041,40.77253279547061],[-73.95825534937201,40.77296533708622],[-73.95779380470225,40.7735998974568],[-73.95729410043843,40.774283554572754],[-73.95679749082419,40.77496631066822],[-73.95658387298086,40.77525931675068],[-73.9563349232549,40.775600783380554],[-73.95586933682172,40.77623622584277],[-73.95540729695496,40.77686847989659],[-73.95494520074165,40.777503946664254],[-73.95448224114962,40.77813866502171],[-73.95398370221397,40.77882211011831],[-73.953758286736,40.77913141267709],[-73.95371393355009,40.77919227192713],[-73.95349212383219,40.77949662267626],[-73.95509307435572,40.78017205814202],[-73.95463127552428,40.78080040966031],[-73.95417676597198,40.78142905868964],[-73.95371787718483,40.78205558055956],[-73.95325927645636,40.782682351112676],[-73.95371589021596,40.78287378916984],[-73.95374775525089,40.78288714786698],[-73.95476707162067,40.78331449153106],[-73.95487698963585,40.78336293804044],[-73.95498705400064,40.78340606909169],[-73.95648701068308,40.78404455166525],[-73.95603053204493,40.784669921278244],[-73.95556988507148,40.78529743006717],[-73.95676645279575,40.785810493790486],[-73.95716243390692,40.785979637757116],[-73.95671863064405,40.786600793322044],[-73.95626130919686,40.787222875777324],[-73.95465609839754,40.78655237303476],[-73.9541647699251,40.78722756357649],[-73.95371344994508,40.78703758502394],[-73.95341646690392,40.78691257113917],[-73.95266136728188,40.78659501962442]]]]},"properties":{":id":"row-mmrp-e8yx~dt4u",":version":"rv-ewwu-6jj2_pcsb",":created_at":"2025-11-24T21:48:59.646Z",":updated_at":"2025-11-24T21:48:59.646Z","coun_dist":"5","shape_leng":"47849.7056999","shape_area":"63986702.2946"}},
{"type":"Feature","geometry":{"type":"MultiPolygon","coordinates":[[[[-73.93221954627964,40.76096999396604],[-73.9328970703245,40.7601897150667],[-73.93297331990884,40.760105497442645],[-73.93301955829227,40.76005442709111],[-73.93315340784251,40.759906588336406],[-73.93320800372535,40.75984628671849],[-73.93337783018912,40.75965871146916],[-73.93342954183312,40.75960159425174],[-73.9335878983896,40.75942668388645],[-73.93364495206009,40.75936366670663],[-73.934250207451,40.758695133791605],[-73.93335306611257,40.758274334022595],[-73.93215200341925,40.75771038532744],[-73.93135128749974,40.75733408502368],[-73.9305526747699,40.75695894252397],[-73.92975052086942,40.75658057764607],[-73.92895587459019,40.75621258415927],[-73.92815372595571,40.755835855564214],[-73.9269027994674,40.75737884061819],[-73.9266676714301,40.75766934155167],[-73.9256536137131,40.75892217392004],[-73.92485423983119,40.75855071996119],[-73.92405428664307,40.75817635062407],[-73.92325796493276,40.75780282362846],[-73.92283071770126,40.75760188346767],[-73.92246264052949,40.75742317958747],[-73.92370440093876,40.75588003693086],[-73.92290475799622,40.7555061650716],[-73.92211889935726,40.755139615833315],[-73.92132060669522,40.75476023077472],[-73.92052102382542,40.75438764719089],[-73.91972167869119,40.75401258149085],[-73.91892348120214,40.75363612390905],[-73.91763192835664,40.75385784877927],[-73.91650534553833,40.753891590793934],[-73.91547326264958,40.75379181759751],[-73.91468429733857,40.753680069158975],[-73.91446450844816,40.75367641156909],[-73.9126108757212,40.7559709419054],[-73.91239683714694,40.75623591374894],[-73.91068364489192,40.75831898029214],[-73.90988590118529,40.757947657499834],[-73.90906577535371,40.75756516229934],[-73.90699706498172,40.76014455658276],[-73.90632326954608,40.75983682031968],[-73.90649338814876,40.75956398987947],[-73.9070578187741,40.758678145096],[-73.907487272867,40.75810766991003],[-73.90826756296154,40.75719499821189],[-73.90821305770318,40.75717071813631],[-73.90815868723101,40.757146498116626],[-73.90810909435172,40.75712440711739],[-73.90805750232892,40.75710142426788],[-73.90800137520536,40.75707642092759],[-73.90794875372646,40.75705297885578],[-73.90782817537729,40.756999264898866],[-73.90794888874272,40.75667581454599],[-73.90798755686227,40.75657220612675],[-73.90802408393071,40.75647433174013],[-73.90806081675633,40.75637590751685],[-73.908100138838,40.75627054239684],[-73.90813601060768,40.75617442362346],[-73.90817188205352,40.75607830483738],[-73.90820623782426,40.75598624817548],[-73.90824210906605,40.75589013037006],[-73.90827537849934,40.755800982747424],[-73.90830736888418,40.75571526234923],[-73.90835663281564,40.75558325835022],[-73.90840546758697,40.75545240019987],[-73.90846544647921,40.75529168584286],[-73.90850901790957,40.75521110507048],[-73.90853125293187,40.75516998402148],[-73.9085493213348,40.75513657105278],[-73.9086026549191,40.75503793750967],[-73.90862474294856,40.754997090732765],[-73.90865671475994,40.75493796129239],[-73.90868067342451,40.75489365372614],[-73.9087137112322,40.754832554504965],[-73.90873645133006,40.75479050035924],[-73.90876818485029,40.75473181480917],[-73.90879316462834,40.754685616322504],[-73.90901259079544,40.75427981484067],[-73.90917451199502,40.7540641670069],[-73.90922139788023,40.75400172309784],[-73.90922902664897,40.75399264232655],[-73.90944851160427,40.75373135373758],[-73.9096931479372,40.7534697326379],[-73.9099543967448,40.75321782275457],[-73.91023124734723,40.75297652297081],[-73.90823661127834,40.753162424544755],[-73.90759425855093,40.75322228410138],[-73.90690889767504,40.75328484873504],[-73.90668453990526,40.75317857006142],[-73.90646018286523,40.75307228106516],[-73.9061783200389,40.75295512948642],[-73.90607483241672,40.752913469352436],[-73.90525018444902,40.752564928478],[-73.9044200360667,40.75220974893917],[-73.90357127809096,40.75184043825882],[-73.90257813769162,40.75190777114829],[-73.902157935214,40.751931520495916],[-73.90155848839066,40.75199492835984],[-73.90132813958685,40.75201748634808],[-73.90087073360992,40.75206227324649],[-73.90076337440016,40.75146963789908],[-73.90106300853678,40.7507832148738],[-73.90078670358858,40.75066560518057],[-73.90005125588628,40.750352555954066],[-73.89971252856658,40.75020381287725],[-73.89963349033899,40.75017100187436],[-73.89922765579034,40.75000253162996],[-73.89908385186348,40.750272477582406],[-73.89865893426986,40.75031889425348],[-73.89772784804417,40.7504165331639],[-73.89744301933598,40.750442801993294],[-73.89730930560381,40.75045856602126],[-73.89719220955807,40.7504686610656],[-73.89711602662592,40.75047771333812],[-73.89703218861678,40.7504870967853],[-73.89673437675525,40.75052042923293],[-73.89631037800208,40.74962770937082],[-73.89615573567092,40.749334601519294],[-73.89573080028957,40.74861505141122],[-73.8957024792071,40.74856607158243],[-73.89567278648558,40.74851821192472],[-73.89564469814556,40.74847370507537],[-73.89554649212248,40.74832228590123],[-73.89547085005869,40.74820565485027],[-73.89524045017727,40.747850402076814],[-73.89489689828707,40.747281057263336],[-73.89444688750346,40.74653527081285],[-73.89344313818822,40.744957954136616],[-73.89217865751209,40.74287277803941],[-73.89168988552937,40.74214484470079],[-73.89127017953258,40.74142824878962],[-73.89088670316742,40.7406872451642],[-73.89050358299947,40.73990275097769],[-73.89025427973525,40.7393922536498],[-73.890177442278,40.73923493384192],[-73.89015983787488,40.73919887858658],[-73.89013366873242,40.739144463468364],[-73.89005151424372,40.73897360369718],[-73.88967163475104,40.73831513999446],[-73.8887607883864,40.736536363292174],[-73.88838317163516,40.73575838180613],[-73.88823587820687,40.73544116088811],[-73.88770199270428,40.734291322758615],[-73.88852285901477,40.73453116001536],[-73.88910318982454,40.734592396462446],[-73.88993450671572,40.7345599562407],[-73.8911385273115,40.73451296966639],[-73.89138497925259,40.734504988551386],[-73.89175016416739,40.73448480973191],[-73.89232644055681,40.73447014076232],[-73.89255554589548,40.734478125807044],[-73.89278405665993,40.73449596275154],[-73.89301088048923,40.7345235756999],[-73.89323494452191,40.73456081205567],[-73.89347408234183,40.734602177545725],[-73.89370905653134,40.73465745228156],[-73.89393780540267,40.734726210044535],[-73.89415835505042,40.7348077916827],[-73.89424644899582,40.734841813167115],[-73.89440759654237,40.73489932365149],[-73.89457531869759,40.73494649181182],[-73.89457544857858,40.73494652861907],[-73.89457557913671,40.73494655504024],[-73.89474809027577,40.734982751493625],[-73.89474827940192,40.73498278734964],[-73.89474847999331,40.73498281500733],[-73.89492421708293,40.73500772218342],[-73.895101334044,40.73502118308945],[-73.89602931590736,40.73501789160894],[-73.89659952200017,40.73509450345147],[-73.89691188038539,40.735086601830986],[-73.89783236941891,40.73516035418235],[-73.8980688299364,40.73518359879585],[-73.89806895986233,40.73518360778975],[-73.89806910146027,40.73518361712903],[-73.8983078669028,40.73519417432692],[-73.89830799616651,40.735194184325124],[-73.89830812676674,40.73519418444046],[-73.89854758662763,40.73519190955452],[-73.89854772823969,40.73519190967927],[-73.89854787096642,40.735191900926125],[-73.8987862131798,40.73517682016891],[-73.8987863429133,40.73517681090144],[-73.89878646142799,40.73517679291273],[-73.89902209966382,40.735149083986215],[-73.89922944702828,40.73511159877353],[-73.8994334853209,40.7350625901659],[-73.89963257895873,40.73500235780046],[-73.89982513040265,40.734931395019],[-73.90000969412725,40.734850320112166],[-73.90009738988509,40.73481850539983],[-73.90018211218751,40.734782327832015],[-73.90026348644035,40.73474194736764],[-73.90034115285475,40.734697542548325],[-73.90041476803798,40.73464930970905],[-73.90048400644943,40.73459746217705],[-73.90054856203292,40.734542229130085],[-73.90060814937114,40.734483854778254],[-73.9006625050157,40.73442259722008],[-73.9007113886519,40.73435872730128],[-73.900910948234,40.73412603673589],[-73.90107970900375,40.73391463427672],[-73.90259650842611,40.73210442784327],[-73.90416853267389,40.73018659053055],[-73.90421888938106,40.73012526841379],[-73.90518057919772,40.72895657697377],[-73.90557740103739,40.72863668431536],[-73.9057242363777,40.72852001958622],[-73.9067302812899,40.72773268283041],[-73.90693049911647,40.72757602977217],[-73.90706867295428,40.72746652277254],[-73.90712253078468,40.72742472843784],[-73.90716705244378,40.727388654289896],[-73.90730013750373,40.72729436941201],[-73.90740997290789,40.72720873888018],[-73.90804680880586,40.72673388740762],[-73.9088917379164,40.72606842547405],[-73.90971646081555,40.7254459556241],[-73.91134506901571,40.72418216995183],[-73.91257187743852,40.7232396349499],[-73.91316969805791,40.723081525896376],[-73.91384828242975,40.722898412353324],[-73.91423632914547,40.72277369421513],[-73.91597755003271,40.72225169127548],[-73.91610640677094,40.72222588626126],[-73.91610654838921,40.72222585956015],[-73.91610667900898,40.722225823972124],[-73.91623166966652,40.72218743607599],[-73.91623175205322,40.72218740882906],[-73.91623184722168,40.722187373215085],[-73.91634995236811,40.72213698609726],[-73.9163500230956,40.722136949962845],[-73.91645824620089,40.72207586549908],[-73.91645842314053,40.72207576628405],[-73.91645860077394,40.72207564060029],[-73.91655467946633,40.72200550698253],[-73.91789308389592,40.72227069621814],[-73.9190389757071,40.72252449328497],[-73.92006712173418,40.72274304895144],[-73.92053198334331,40.72294034289499],[-73.92127506385552,40.72308633549012],[-73.92168122492836,40.72203620145657],[-73.92212546865574,40.720886205742794],[-73.92231554503068,40.72038594584741],[-73.92315863748294,40.72015328760108],[-73.92358228639648,40.72005834998384],[-73.92387879178406,40.71999048627014],[-73.92388751535601,40.71995384955635],[-73.9238864822008,40.71993940020047],[-73.92388228309103,40.71992528656606],[-73.923875036641,40.719911907321155],[-73.92387531462353,40.7199022946464],[-73.92387758468863,40.71989283604369],[-73.92388178984424,40.71988376897637],[-73.923887824517,40.71987532107788],[-73.92389553720264,40.71986770443708],[-73.9239047342698,40.71986111027354],[-73.9239151848211,40.7198557041371],[-73.92393107773343,40.71984847396005],[-73.92394815558457,40.719839786577204],[-73.92395208918505,40.71983536747137],[-73.92395506385702,40.71982208740347],[-73.92395747204438,40.71980702246511],[-73.92395877931119,40.719791949093306],[-73.92395955005578,40.71977990123744],[-73.92396065775972,40.71976392744435],[-73.92396287796257,40.71974726819591],[-73.9239648383145,40.7197302499332],[-73.92396652595409,40.71971430332728],[-73.92396737063306,40.719699400359566],[-73.92396839140737,40.719686280664156],[-73.92396920113471,40.719672098373906],[-73.92397048345934,40.71965861816579],[-73.92397146819152,40.71964620959804],[-73.92397252474447,40.7196320281408],[-73.92397261212326,40.71961854714349],[-73.92397241310012,40.71960578649011],[-73.92397250096985,40.71959090999423],[-73.92397259069284,40.71957421583295],[-73.92397167240813,40.7195600313962],[-73.92397133400605,40.71954495643443],[-73.92397159621746,40.71953397974416],[-73.92397236820874,40.71952122040195],[-73.92397393346603,40.71950774138553],[-73.9239753970332,40.71949037031753],[-73.92397661433341,40.71947192842258],[-73.92397695445668,40.71945383792232],[-73.92397560486772,40.71943325132849],[-73.9239751187825,40.719412332093825],[-73.92397464452628,40.71939281774729],[-73.9239747379351,40.719373663790854],[-73.92397537276426,40.71935664448431],[-73.92397599362971,40.7193410568532],[-73.92397555119679,40.71932472185266],[-73.92397505073146,40.71931640984355],[-73.92397434741036,40.719300434853466],[-73.92397336653752,40.71927800235643],[-73.92397287854028,40.719259919015116],[-73.92397268650923,40.71924218784315],[-73.92397140459938,40.719224428979615],[-73.9239701691875,40.71920740843769],[-73.92396786815661,40.71919109851115],[-73.92396381455366,40.71917548199353],[-73.92395903593759,40.719162330490015],[-73.9239551926601,40.71914956809894],[-73.9239548419985,40.71913501514196],[-73.92395341018396,40.71912455984854],[-73.92395050174608,40.719110887901145],[-73.92394943901691,40.719098839335715],[-73.923947867228,40.71908640126902],[-73.92394603448044,40.719073999885815],[-73.92394312815335,40.71905944624554],[-73.92393867329353,40.719042756787026],[-73.92393252267023,40.71902927166734],[-73.92392427474284,40.719017190376995],[-73.92391649801992,40.71900741540505],[-73.92390904140784,40.7189972878325],[-73.92390285173914,40.71898715389321],[-73.92389434500927,40.7189740014302],[-73.92388855796298,40.71896318106355],[-73.9238795888907,40.71895018978967],[-73.9238745498032,40.71893821917459],[-73.92386706032457,40.71892526456123],[-73.92386007813948,40.71891424672616],[-73.92385334923793,40.718899312447014],[-73.92384376877956,40.71888261959428],[-73.92383512191189,40.71886842183373],[-73.92382198001303,40.7188513386307],[-73.92380674737504,40.7188314640496],[-73.92379402849951,40.71881723611653],[-73.92378202677514,40.71880761933189],[-73.92376638207153,40.71879536242292],[-73.92375491695674,40.7187814965036],[-73.92374465735294,40.71877012585698],[-73.92373690462077,40.71875963739141],[-73.92373164866818,40.718750575227986],[-73.9237261139593,40.718736901534385],[-73.92371971500313,40.718723065269394],[-73.92371016687841,40.71870972279687],[-73.92370267524062,40.71869870461434],[-73.92369561174804,40.71868682227627],[-73.92368935199553,40.71867545327032],[-73.92368412977203,40.71866675114228],[-73.92367688864421,40.718655021804864],[-73.92366925753883,40.7186429409045],[-73.9236621693762,40.71863050068336],[-73.92365661849297,40.71862020415018],[-73.92365007474687,40.71860919496895],[-73.92364276737895,40.71859302578753],[-73.92363730133299,40.718580946320856],[-73.92363171765366,40.718568533397324],[-73.92362567099293,40.718556453544906],[-73.9236192364073,40.71854223143588],[-73.92361279629031,40.71852342444663],[-73.92360642980806,40.718502041277176],[-73.92360061655481,40.71848323470311],[-73.92359359652148,40.71846440102606],[-73.9235894363975,40.718448090526536],[-73.9235857756141,40.71843104039194],[-73.92358200882822,40.718413306844596],[-73.92357920969756,40.71839733917034],[-73.92357623361899,40.7183820729812],[-73.9235721422235,40.71836823890916],[-73.92356761226802,40.718354754844555],[-73.92356368450363,40.71834338771441],[-73.9235596975112,40.71833202121492],[-73.92355479997047,40.71831959131999],[-73.92354915568167,40.71830822271449],[-73.92354379439057,40.71829756662102],[-73.923538102794,40.71828655799881],[-73.92353040240097,40.718272172542505],[-73.9235224401299,40.71825939751535],[-73.92351380173464,40.718246964630936],[-73.9235046909444,40.718235395535785],[-73.92349359141218,40.7182231233481],[-73.92348314173049,40.718212112231214],[-73.92347694825929,40.71820464294831],[-73.92346794587336,40.71819052600551],[-73.92345716590845,40.71817876699405],[-73.92344762772217,40.718167045328144],[-73.92344225406634,40.71815701845256],[-73.92344083317347,40.7181478775747],[-73.92346464691344,40.71813625933444],[-73.92346602654162,40.71813033432228],[-73.92342616708203,40.718097367504754],[-73.9232392822604,40.717926488066674],[-73.92305769386275,40.71776157414346],[-73.92279414745396,40.717534576144004],[-73.92267615719464,40.71731326978029],[-73.92259771919811,40.717165712626276],[-73.92312683417494,40.717023660709394],[-73.92427812427114,40.71853611888966],[-73.92417994181544,40.7200199958211],[-73.92534378232239,40.72163798246557],[-73.92653850915221,40.724065201364105],[-73.92722485839732,40.725332797858556],[-73.92780120581342,40.72649447638894],[-73.92882562752067,40.727470527993745],[-73.92889300860104,40.72753472564397],[-73.92895219965253,40.727591120336385],[-73.92901607413788,40.727651978450616],[-73.9290837094531,40.72771641721506],[-73.92913994128631,40.72774454270748],[-73.9292129495289,40.72777998231514],[-73.929263417673,40.7277935488155],[-73.93182484500824,40.72848207315359],[-73.93442537989591,40.728817789443156],[-73.93752479496175,40.729815232463906],[-73.93966003894438,40.73148681456022],[-73.94026756090614,40.73288021149801],[-73.94031451311628,40.73321749826815],[-73.9403681651746,40.733269388761826],[-73.94216327198303,40.735678236039284],[-73.94680755125286,40.737445668624964],[-73.95044067866206,40.73859661561281],[-73.95075119096842,40.73869497641507],[-73.95245443077786,40.73920471308639],[-73.95254005862446,40.73922826106867],[-73.95260236654799,40.73924641358629],[-73.95267129728042,40.73925795015971],[-73.95270993854588,40.73926022278123],[-73.95274851176016,40.739262490503585],[-73.95392212242838,40.73942834054928],[-73.95511821216857,40.73939618780132],[-73.9570598777079,40.739166594434906],[-73.9624758399415,40.73680079809707],[-73.96260819816908,40.7387955390568],[-73.96262015898662,40.73903266212607],[-73.96243079005292,40.73967148008277],[-73.96220916557856,40.740006175498316],[-73.96179048329138,40.740013130919664],[-73.96153655773276,40.74015982360471],[-73.96143157483469,40.74029669069466],[-73.96141027195469,40.74032362162816],[-73.9612851752419,40.74034928438402],[-73.96124697945442,40.74042359711516],[-73.96124682219394,40.7404247317182],[-73.9612610793983,40.74044679454139],[-73.96131588369362,40.74047063906246],[-73.96150536577223,40.74053026738219],[-73.96171990194298,40.74059943429353],[-73.96182638976718,40.74063163419442],[-73.96193750086432,40.74079487881593],[-73.96188806318123,40.740982169809804],[-73.96180397423018,40.74109767347201],[-73.96168381413284,40.74158179284798],[-73.96161273075094,40.74186818406238],[-73.96159887447966,40.74192400540897],[-73.96138101600145,40.74280172431412],[-73.96129088595727,40.7428938792512],[-73.96118284225614,40.743005154556656],[-73.96083283070968,40.74363938352978],[-73.96056856858465,40.744029666585426],[-73.96051732536297,40.74410534057842],[-73.96010476040178,40.74471436658877],[-73.95974727111383,40.745242385264525],[-73.95922245790949,40.74601752710451],[-73.9587203632675,40.74664630211677],[-73.95866490674983,40.74664202069645],[-73.95857744304874,40.74675108484956],[-73.95848340479128,40.74683777746199],[-73.95840693332745,40.74688730730444],[-73.9583981422614,40.74691780160345],[-73.95835800818824,40.74697401659773],[-73.95830782323915,40.74706834919522],[-73.95845316793555,40.74709794562891],[-73.9575188932104,40.748303619089704],[-73.957493440047,40.748336464762914],[-73.95704097276808,40.74892035137641],[-73.95617416492459,40.74966509499445],[-73.95619953007305,40.749670714925394],[-73.9562013686721,40.74968563332401],[-73.95612066411361,40.74975988536967],[-73.95608794510929,40.74976872866699],[-73.95606245734433,40.74976427782966],[-73.95553187698107,40.75021593221353],[-73.95447585982728,40.75109726505729],[-73.95449858097594,40.75122583574042],[-73.95391958666194,40.7517990031486],[-73.95394896703836,40.75182340736615],[-73.95389216624743,40.751890757770404],[-73.95375312856626,40.75200155085596],[-73.95362103972025,40.752085207680885],[-73.95292971005249,40.75276364940426],[-73.95289896144124,40.75279991912684],[-73.9529079071637,40.75286038947275],[-73.95278760145926,40.75298088510845],[-73.95256792486424,40.75316767151413],[-73.95201001989038,40.75383501329084],[-73.95193018728062,40.7538848218475],[-73.95166990038587,40.75418341452917],[-73.95153689279796,40.75433062843174],[-73.95131438087441,40.754579550139425],[-73.95101792666411,40.755086919724775],[-73.95087702017686,40.75516691420259],[-73.95083917075976,40.75521808361621],[-73.95080763818348,40.75526368011433],[-73.95077122659485,40.75530796915598],[-73.9507252463368,40.75536293504839],[-73.95066341826288,40.75543632283315],[-73.949150218094,40.75732894589754],[-73.94783189582996,40.75898919330466],[-73.94596424219853,40.761292606610304],[-73.94580554804836,40.76144956762364],[-73.94570525640735,40.76148815705664],[-73.94473048905996,40.762856547008894],[-73.94471460869173,40.76287884042692],[-73.94437302146086,40.76270717729955],[-73.94427501269077,40.76265791134901],[-73.94406497729776,40.76256695461052],[-73.9426849761258,40.76204275657046],[-73.94247180541667,40.76199390314672],[-73.94161515020409,40.76168584295755],[-73.94079611584873,40.76139140032793],[-73.93997969130884,40.76109974520496],[-73.93914473427407,40.76080161938451],[-73.93868998365882,40.76151593290826],[-73.93863960931813,40.76159505837368],[-73.93851422708904,40.76179200428114],[-73.93846454912664,40.76187003659744],[-73.93830467439322,40.76212115661043],[-73.93825366632025,40.762201276329655],[-73.93813490744462,40.76238781345894],[-73.93808717008406,40.76246279617018],[-73.938045225329,40.762528677784324],[-73.93781117068829,40.762913650688155],[-73.93776487442966,40.76298979834284],[-73.93764293527882,40.76319036150428],[-73.93759028136542,40.76327696478425],[-73.93735680359886,40.763660979125255],[-73.93729934334928,40.7637554872065],[-73.93711698580267,40.764055415648436],[-73.93706586222922,40.76413949942307],[-73.93700478603877,40.764239954217],[-73.93687031077759,40.76417791750612],[-73.936842491866,40.7641650826823],[-73.9362557492865,40.76389439701039],[-73.93621639228724,40.76387581253042],[-73.93619185008461,40.76386422424714],[-73.9361686178303,40.76385325334688],[-73.93614654179937,40.763842829216934],[-73.93541372919566,40.7634967883366],[-73.933980922041,40.76282598226059],[-73.93393250884927,40.762803393802606],[-73.93390756494863,40.762791756050035],[-73.93304039826455,40.76238714728287],[-73.93269690931487,40.762226876344414],[-73.93224736019282,40.76201610922902],[-73.93187062611219,40.76184157053008],[-73.93183060408394,40.761822653622986],[-73.93158049256584,40.761705947724444],[-73.9316205552401,40.76165981193479],[-73.931644733332,40.7616319672333],[-73.93180189671754,40.761450974791934],[-73.93182663207013,40.76142249009749],[-73.93197499522236,40.76125162869544],[-73.93200523086222,40.76121680903537],[-73.93218988481448,40.76100415296431],[-73.93221954627964,40.76096999396604]]]]},"properties":{":id":"row-tb4p_kif2.rg47",":version":"rv-6gdt~dczd_gh3u",":created_at":"2025-11-24T21:48:59.646Z",":updated_at":"2025-11-24T21:48:59.646Z","coun_dist":"26","shape_leng":"72887.4805612","shape_area":"172020842.025"}},
{"type":"Feature","geometry":{"type":"MultiPolygon","coordinates":[[[[-73.72959149713321,40.68432533835689],[-73.72872058412526,40.68406239115027],[-73.72785251210112,40.6838004421807],[-73.72718272494008,40.683597330018785],[-73.72675245947069,40.683464094000286],[-73.72666460718152,40.68343688915013],[-73.72658306386138,40.68341483045136],[-73.72586264182358,40.68324108094791],[-73.72590660060679,40.68265660462408],[-73.72582367599013,40.6816357506113],[-73.72579858919681,40.68138669262495],[-73.72575419126902,40.68094591409462],[-73.72568736760775,40.68025045486148],[-73.725630051199,40.679587950781396],[-73.72584106190583,40.67875212635887],[-73.72601116023156,40.67807833833025],[-73.72619464997592,40.677385590669786],[-73.72624013595103,40.67722107946045],[-73.72629437250846,40.67705811280527],[-73.72635726971032,40.676896960410396],[-73.726428723535,40.67673788891497],[-73.72654317319555,40.67648672962044],[-73.7267140299945,40.676089462494964],[-73.7269938310577,40.675438870361944],[-73.72714134203694,40.67509587584454],[-73.72744080458705,40.67442874135091],[-73.72753358420483,40.674213864119146],[-73.72755616356449,40.67416158819159],[-73.72753500302508,40.67393028429242],[-73.7277905018081,40.67148951396285],[-73.72788358626994,40.670796436623725],[-73.7279257285005,40.67009714852276],[-73.72799989246337,40.6694050451439],[-73.7281725558933,40.66871742933866],[-73.72824131145609,40.66802409699747],[-73.72822217040637,40.66731363955724],[-73.72826620785708,40.66660628634411],[-73.72827272254973,40.666429592083645],[-73.72821911892156,40.66591458495424],[-73.72814252038626,40.66551437427632],[-73.7281135139642,40.66534531493943],[-73.7278578721934,40.66506797018411],[-73.72787486694183,40.66469513221488],[-73.72780900717227,40.664614093338145],[-73.72777029254485,40.66406439892202],[-73.72783352319881,40.66397643744309],[-73.72781392393442,40.66322396947807],[-73.72781751015889,40.66311678348347],[-73.72833071875961,40.66304394373118],[-73.72815281591822,40.662454142504096],[-73.72804607904854,40.6623989965438],[-73.72793124345495,40.66174883510332],[-73.72759175906096,40.66109448823846],[-73.72720802031435,40.66042232069462],[-73.72680978650396,40.659794856129565],[-73.72644438608457,40.65916161491964],[-73.72621139836993,40.65847881689552],[-73.72602875911896,40.657998998871456],[-73.72592687741198,40.65773131935289],[-73.72566237240038,40.656990343594295],[-73.72556769770618,40.65672514257881],[-73.72554976546652,40.65639229281244],[-73.72550259072494,40.655516515572295],[-73.72498470779026,40.65425343490301],[-73.72505569119356,40.6535078941445],[-73.72509934582095,40.652345748311795],[-73.72522608107016,40.65200100014748],[-73.72649790179555,40.651663514400234],[-73.73028652972182,40.65036852267443],[-73.7305145730104,40.650310312006496],[-73.73207263096897,40.65008747472281],[-73.73398259880899,40.649852209297585],[-73.73513501472306,40.64973204046685],[-73.73673508636625,40.64909981649745],[-73.73904482131434,40.64820118034443],[-73.74143706042345,40.64688917832147],[-73.74143890900164,40.646344843917376],[-73.74143979626777,40.64608557627322],[-73.7414476004258,40.64594171818903],[-73.7414681120102,40.64556352656654],[-73.74148523606586,40.64524783324459],[-73.74162258209032,40.64271602742688],[-73.74166141251554,40.64219806218097],[-73.74205084886792,40.64147420452423],[-73.74142279314964,40.64050339075334],[-73.74227387159944,40.640123381450024],[-73.74125900067384,40.63889749993762],[-73.74033103263201,40.637260301458745],[-73.73955759631794,40.63586253426098],[-73.73947121560819,40.63570643182792],[-73.73986921392029,40.63524791272374],[-73.73995957504606,40.63514380937185],[-73.74000496417456,40.63513832893149],[-73.74080176352498,40.63498604799637],[-73.74109508063712,40.634930885222616],[-73.74167778605714,40.63483817921843],[-73.74223694410644,40.634851185569936],[-73.74265042535217,40.63504535070666],[-73.74267328183127,40.63540765538319],[-73.74262901021571,40.63553723549394],[-73.74257994532388,40.63564827896925],[-73.7425310531288,40.635714861553836],[-73.74208083275028,40.636381114984744],[-73.7412702693037,40.6372570702636],[-73.74118698439844,40.63741249905434],[-73.74120088501465,40.63759037634162],[-73.74150142862928,40.637850410538235],[-73.74236137351252,40.638093174621226],[-73.74329499308526,40.63804772338929],[-73.7441765741354,40.63735637218094],[-73.74602227992546,40.635212202568646],[-73.7480011727666,40.63463096414537],[-73.76745253234701,40.62655451861426],[-73.76746717645287,40.626529099532014],[-73.767482561084,40.62650393726012],[-73.76749867961131,40.62647904099899],[-73.76751552121584,40.62645442345871],[-73.76772115376393,40.62619061644283],[-73.7677576800432,40.62611334397572],[-73.76777226548654,40.62601239884997],[-73.76777231403112,40.625996172229364],[-73.76776906265269,40.62595858934643],[-73.76776911582101,40.625940654941544],[-73.76777364641008,40.625925291606066],[-73.76777702988258,40.625918464418326],[-73.76778153361875,40.625911639493225],[-73.76785103285677,40.62582695458052],[-73.76793346877702,40.625726586685666],[-73.76814178021641,40.6254630702849],[-73.76815415886912,40.62544942904686],[-73.76816878319774,40.62543493743392],[-73.76823286293786,40.62538296251048],[-73.76825648322348,40.6253608019398],[-73.76826773773408,40.625348012487784],[-73.76827674997199,40.62533521851527],[-73.76828239759841,40.625323271824996],[-73.76828692639795,40.62531046780999],[-73.7682903815059,40.62528399559642],[-73.76829278895076,40.625236167484985],[-73.768293978947,40.62521652355566],[-73.76830091517203,40.625155891763114],[-73.7683054617409,40.62513796473718],[-73.76831111967057,40.62512260030091],[-73.76832578243385,40.625097005573636],[-73.76834605632294,40.62506971418963],[-73.76836632086594,40.62504498430611],[-73.76841808468401,40.62498871313676],[-73.7684417203506,40.62496142750226],[-73.76845860816763,40.62494096112287],[-73.76850023932995,40.624896628085025],[-73.76851422643831,40.62487967866247],[-73.76856340685745,40.62480123625649],[-73.768604087208,40.62473271841225],[-73.76861714896998,40.62466282802311],[-73.76862359431985,40.62458532183653],[-73.76862177083066,40.62457367689046],[-73.76862069531668,40.62456197749494],[-73.76862036921962,40.62455025163026],[-73.76862079683777,40.62453852778509],[-73.76863549882782,40.62449292983296],[-73.76865793069308,40.62444919733666],[-73.76868770406365,40.62440808742195],[-73.76872430347137,40.62437031180931],[-73.76873772423703,40.62436567950897],[-73.76875001878875,40.624359493104606],[-73.76876087967104,40.62435190730266],[-73.7687700352811,40.62434311180491],[-73.76877725666097,40.62433332656455],[-73.76878236322318,40.62432279628556],[-73.76878522726666,40.62431178430339],[-73.76878577717011,40.624300565999484],[-73.76878399918303,40.62428942191477],[-73.76878110198622,40.62422270256722],[-73.76877796169735,40.624213771743364],[-73.76877666932334,40.6242045785359],[-73.76877725587575,40.62419534354857],[-73.76877970727865,40.62418628838761],[-73.76878396470656,40.62417763034403],[-73.76878992599602,40.62416957717933],[-73.76879744809725,40.624162322140066],[-73.76880635050688,40.62415603932066],[-73.76881633645012,40.62414308834659],[-73.76882362605154,40.6241291323239],[-73.76882805030607,40.62411449481793],[-73.76882950664094,40.62409951519374],[-73.7688279612936,40.6240845407481],[-73.76882345009429,40.624069918657405],[-73.76881607763514,40.62405598792867],[-73.7688088263758,40.62404169526112],[-73.76880487560392,40.62402667045156],[-73.76880434074445,40.624011352470276],[-73.76880723742168,40.62399618885258],[-73.7688134810031,40.62398162262364],[-73.76882288907218,40.623968079354746],[-73.76883518675834,40.62395595472991],[-73.76883841714194,40.623952206386086],[-73.76884079423498,40.62394810419686],[-73.76884225326648,40.62394375993883],[-73.7688427544809,40.62393929198455],[-73.76884228422131,40.623934822076926],[-73.76884085530156,40.62393047201212],[-73.76883850665705,40.62392636032082],[-73.76883530228385,40.62392259903842],[-73.76875748095118,40.62381998847355],[-73.76875291656019,40.62380835432074],[-73.76875103406637,40.62379629648523],[-73.7687518890722,40.62378417112429],[-73.76875545632163,40.62377233638945],[-73.76876163044602,40.62376114184768],[-73.76877022907682,40.62375091815626],[-73.76866759925666,40.62358869174063],[-73.76863983633933,40.62347903433764],[-73.76864312846782,40.62343138841988],[-73.76861015664358,40.623373370060094],[-73.76858406054966,40.623313354063896],[-73.76856504540415,40.62325181243649],[-73.76855326073446,40.62318922918033],[-73.7675712030193,40.62147739562542],[-73.76745926884585,40.620511322061255],[-73.76671931113236,40.61500423164764],[-73.76542355299954,40.61502581427513],[-73.76524406067081,40.61494226711067],[-73.76467674954482,40.61454526256418],[-73.76349692758198,40.61371990187401],[-73.76208449807649,40.612731772750855],[-73.76002143380326,40.61134899771904],[-73.75933356938566,40.61125761558293],[-73.75730460922652,40.61100719922712],[-73.75522662131263,40.61059985433779],[-73.75473219572571,40.61040524167845],[-73.75345836130873,40.61051986290735],[-73.75008771076791,40.61164055382721],[-73.74912000614299,40.6117943265423],[-73.74821585882674,40.61201107758951],[-73.74799307317252,40.61231015796782],[-73.74761418929185,40.61199801088489],[-73.74721567819248,40.61217883864928],[-73.7469209640804,40.611726499918184],[-73.74685539024355,40.61157410005967],[-73.74576150178679,40.611991654748756],[-73.74562112446519,40.61174249245285],[-73.74536751646617,40.6112035520989],[-73.74456658067479,40.61011745293753],[-73.74386981848707,40.60889248448114],[-73.74337071079557,40.60816234284897],[-73.74310894573772,40.60771599650382],[-73.74332493333937,40.60753686992224],[-73.74339731588086,40.60747217106811],[-73.7431465521456,40.60725986609586],[-73.74121366918371,40.60551892033113],[-73.7402913897634,40.60459823177844],[-73.73920739803121,40.60404014330121],[-73.73840394453826,40.60312113528212],[-73.7383943842241,40.6028025717903],[-73.73822597728028,40.6025660277125],[-73.7382621923228,40.60159949830813],[-73.73836459856824,40.59845285384269],[-73.7383696113826,40.598339345480206],[-73.73836602993693,40.598226331197154],[-73.73836504535092,40.59819142929161],[-73.73836154630341,40.598140963995796],[-73.73835517194122,40.59801872853597],[-73.7383561770227,40.59760047830718],[-73.73838360335252,40.59711740856227],[-73.73841065252807,40.59683821918327],[-73.7384123103415,40.59592350494682],[-73.73805163626737,40.5947334530017],[-73.73803230960151,40.59467797679512],[-73.73798981846915,40.59455604324502],[-73.73741188702402,40.59306395829193],[-73.73845769146803,40.593049107016974],[-73.73918526463825,40.59302602506167],[-73.74123820730061,40.5929608645992],[-73.74236945956501,40.59292463547405],[-73.74337481950798,40.59285161136417],[-73.74446706624184,40.59289888416185],[-73.74777892700651,40.59152951219157],[-73.74923765521498,40.59040272922836],[-73.7509812187964,40.589045023286786],[-73.75238129161049,40.587958364383674],[-73.75518904700121,40.58560102189527],[-73.7554487315386,40.58307265316006],[-73.75701065826807,40.56786126826195],[-73.75811876173955,40.55553917210287],[-73.76721662291693,40.53795221599858],[-73.7687651743245,40.53377408844246],[-73.77298640885148,40.53341527580885],[-73.79497619756509,40.58137966561322],[-73.79789447636827,40.58071306652507],[-73.80048965938269,40.58017829511843],[-73.80133785981269,40.585407171788724],[-73.80121923058715,40.58542487923567],[-73.80114381734899,40.58543306441828],[-73.80108649809523,40.58543228335431],[-73.80103074950812,40.58542060649792],[-73.80061273946134,40.58548151390621],[-73.80049010750011,40.58553408699359],[-73.80041519052904,40.585555333350946],[-73.80035893384195,40.58559175259002],[-73.80028320145307,40.58563285894031],[-73.80058253087353,40.586367762121505],[-73.80048312059358,40.586675612995045],[-73.80046779662209,40.58669165107697],[-73.80045551052378,40.58670914307519],[-73.80044649565444,40.586727756759224],[-73.800440923239,40.58674713859385],[-73.80043889958088,40.58676692041028],[-73.80044046265398,40.58678672648058],[-73.80044558277349,40.58680618062127],[-73.80045416269417,40.58682491333265],[-73.80046829920506,40.58684754182196],[-73.80048689755537,40.58686820962765],[-73.80050950137343,40.58688640959286],[-73.80053555633518,40.586901694833365],[-73.80056442269354,40.58691369052249],[-73.80059539211543,40.586922102305145],[-73.80063313017061,40.5869254763371],[-73.80067106495413,40.586923827317484],[-73.80070474074395,40.58715782783395],[-73.80070879881528,40.58719384724086],[-73.80078708087792,40.58770826672195],[-73.80081701613463,40.587868759697926],[-73.80086935809294,40.588219904178565],[-73.80092510085657,40.58857804938467],[-73.80100528021855,40.589108344536996],[-73.80107985698173,40.589090595059986],[-73.8020217336877,40.588860423918405],[-73.8027886801181,40.58865813736757],[-73.80355434536685,40.5884773563408],[-73.80430462522459,40.58832727298925],[-73.8047307422074,40.58827007536228],[-73.80514380026949,40.5882146294912],[-73.80634592258141,40.588080340842836],[-73.80728311982742,40.58800142671927],[-73.80986542337814,40.58774216415525],[-73.81125223422286,40.587566794219676],[-73.81143710642213,40.5889334097949],[-73.8114416835406,40.588967241553085],[-73.81121520693425,40.58909903101551],[-73.81100065066626,40.589242727379],[-73.81092997565113,40.58929706479475],[-73.81093376648731,40.589331278586535],[-73.81095249381025,40.589500296605145],[-73.81039325653211,40.58994035302285],[-73.81030826269686,40.59030542076367],[-73.81064780601075,40.5904520368552],[-73.81026601961008,40.590471741167654],[-73.80985433381169,40.59189005408286],[-73.8098575542331,40.592032684616434],[-73.80973232610616,40.59204066718664],[-73.80977109201095,40.59236975944954],[-73.80973138393715,40.59240418605334],[-73.80970982436389,40.592439608339454],[-73.80963095573712,40.59249217851542],[-73.80948665744751,40.59276603563915],[-73.80948581021978,40.59286856975122],[-73.80951453505682,40.593002894896614],[-73.8097012886361,40.59353404259572],[-73.80961679374374,40.593575726914594],[-73.80993591208427,40.59432200561551],[-73.81026190210986,40.595084335503614],[-73.8108113053374,40.59636771891652],[-73.81157550345533,40.59814119925956],[-73.8117281140933,40.598275573205306],[-73.81178922516612,40.59832495396639],[-73.81193874831044,40.59839522978756],[-73.81205766969293,40.59845767362342],[-73.81222073287903,40.598553907975194],[-73.81222404674807,40.59858503769894],[-73.81221034899129,40.598616140295576],[-73.81222386438917,40.5986498812188],[-73.81224417176409,40.59868881978421],[-73.81226787481623,40.59873035775288],[-73.81228818953018,40.59876670363492],[-73.81239671422719,40.59889656730699],[-73.81253246018443,40.59902647477989],[-73.81261044089474,40.599127757298874],[-73.81272920416654,40.59924726207332],[-73.81297362360121,40.59945515748975],[-73.81305369627482,40.599503712015306],[-73.81307061661511,40.59959632724381],[-73.81319899361397,40.599784499084194],[-73.81329385096052,40.599934169808336],[-73.81346702939484,40.600135230124955],[-73.81357883372245,40.60023793708948],[-73.81359530121162,40.600361847853335],[-73.81373524807461,40.60042188128625],[-73.81377983468917,40.60051166408539],[-73.8139139273107,40.60066139684698],[-73.81400893096574,40.60075980401055],[-73.81410386353667,40.600883842657566],[-73.81421007725226,40.60098226795145],[-73.8142937779244,40.60111483178124],[-73.81451206094769,40.601221981833085],[-73.81460712559047,40.601299029252544],[-73.81470749883364,40.60148288268711],[-73.81477424433037,40.601666681837166],[-73.81484101498793,40.601841936981586],[-73.81489670641665,40.60197018272379],[-73.81501471568708,40.60205629055844],[-73.81559187994824,40.60439746520281],[-73.81463119057659,40.60526750535792],[-73.81517810349868,40.60655980336623],[-73.81534146914568,40.6069389913129],[-73.81553537170855,40.60738585059029],[-73.8157933411415,40.608005367971906],[-73.81608988044356,40.608844742457656],[-73.81695750414728,40.61215297811054],[-73.81724670838881,40.61325563408375],[-73.81749811036143,40.61421413206781],[-73.82017347885925,40.61518061913669],[-73.82075892570705,40.61523267951869],[-73.82141601575428,40.61505476393365],[-73.82157060225663,40.61490869082999],[-73.82163922005782,40.61487061489574],[-73.82191221593666,40.61519298511833],[-73.82372306950873,40.61733268855334],[-73.82389463552828,40.617544751695036],[-73.82406037647591,40.617759488300024],[-73.82422022058637,40.61797680546122],[-73.82437409864372,40.618196609154154],[-73.82452194401121,40.618418804277596],[-73.8246636926604,40.61864329469465],[-73.82479928324592,40.61886998319197],[-73.8249286569947,40.61909877176917],[-73.82505175786494,40.619329561433645],[-73.8251685325274,40.619562252325956],[-73.82527893038845,40.61979674376298],[-73.82538290361208,40.62003293428147],[-73.82580324038653,40.62117261654104],[-73.82866385375469,40.6312124443719],[-73.8291144078247,40.632745405285554],[-73.8292796149175,40.63326018082645],[-73.8294887568654,40.63376247770193],[-73.82971945340583,40.634259267416034],[-73.82994495844513,40.63469845287341],[-73.83002738101878,40.63487423808083],[-73.83011532620696,40.635048463233616],[-73.83020874445816,40.63522102697157],[-73.83030758048834,40.63539183027317],[-73.8303884313827,40.63552610959619],[-73.83047308585333,40.63565902163067],[-73.830561504105,40.63579050386066],[-73.83065364535918,40.63592049439996],[-73.83074946550897,40.63604893213525],[-73.83084891950506,40.63617575665396],[-73.83214069387253,40.637800166456756],[-73.83235120688195,40.63806753187323],[-73.83255084784973,40.63833985851009],[-73.83273933307188,40.638616763877835],[-73.83289974229247,40.63886268506493],[-73.83281266635605,40.638881937219026],[-73.83221658819181,40.638928490220806],[-73.82938003995748,40.63707492736809],[-73.82866782109745,40.636614718448016],[-73.82808567221335,40.63587972683463],[-73.82706379083321,40.6358114570262],[-73.82665496763235,40.63581084143676],[-73.82650998539208,40.63578398206911],[-73.82636306759211,40.63576414466545],[-73.82621479962422,40.63575140826749],[-73.82606577225866,40.6357458236231],[-73.82591657929073,40.6357474129841],[-73.8257678151754,40.635756170017764],[-73.82562007265929,40.6357720598319],[-73.82547394041953,40.63579501911394],[-73.82533000071858,40.635824956383075],[-73.82518882708493,40.63586175235479],[-73.8250509820282,40.63590526041584],[-73.82491701479836,40.63595530720853],[-73.82478745919758,40.63601169332111],[-73.82466283145365,40.63607419408231],[-73.82454362816323,40.636142560456236],[-73.82443032431341,40.636216520034566],[-73.82413577557986,40.63878799720515],[-73.82457379956307,40.63935387324025],[-73.82419331921297,40.63995407216305],[-73.82532399178272,40.64423439047437],[-73.8263924284449,40.64832434861564],[-73.8267194361284,40.64957881932031],[-73.8268962332487,40.65034970898684],[-73.8270132439765,40.65085989862637],[-73.82712509975829,40.651325685969894],[-73.82724192613374,40.65181216271282],[-73.82736078914716,40.65230711930853],[-73.8274780709604,40.652795477781105],[-73.8275964169202,40.653288265980635],[-73.82770683601528,40.653748035688004],[-73.82782507502198,40.65424036172488],[-73.82807181096604,40.655267702199986],[-73.82827925614903,40.656033532922876],[-73.82859942404697,40.657196973016035],[-73.82931420152829,40.65889865674554],[-73.82991335753279,40.659665668685605],[-73.830031319839,40.65989400883218],[-73.83029375208027,40.66040199153215],[-73.83107771065983,40.66205622373803],[-73.83185737951368,40.66365393012607],[-73.83247768214017,40.66496821331485],[-73.83270533904125,40.66540577261348],[-73.8325528659157,40.665370354428134],[-73.83225430936324,40.66530100017867],[-73.83069417337946,40.66505729499012],[-73.82964475327974,40.66489335451704],[-73.82868611554764,40.664743586267605],[-73.82804392626008,40.66464325267552],[-73.82721680047811,40.664514018004176],[-73.82668817343972,40.66443280669437],[-73.82610953108411,40.66434390822326],[-73.82474114015534,40.66413366609619],[-73.82296101186255,40.66386013824646],[-73.82281530719037,40.66384161010308],[-73.82085663599929,40.663592525146846],[-73.81891002049518,40.66334493723046],[-73.81836976384389,40.663276216381306],[-73.81695356033092,40.66311562208295],[-73.81509147469114,40.66290443835954],[-73.81500255201998,40.6628945881226],[-73.8141052031907,40.66279518228418],[-73.81381049426538,40.662792004255635],[-73.8136190882954,40.66279938518303],[-73.81337390077513,40.66280884804316],[-73.81326843415741,40.662812917534126],[-73.81304328171622,40.66284029620115],[-73.81279691643348,40.66287025335091],[-73.81257206026618,40.6629055023969],[-73.81245701383156,40.66292889920026],[-73.81235422172489,40.66295282700808],[-73.81207833370085,40.66301704644886],[-73.81192946601486,40.66305714600299],[-73.81168861253221,40.66313287201342],[-73.81155793075592,40.66317766601923],[-73.81120008913645,40.66332531290179],[-73.8108400810156,40.66347385222317],[-73.81006837021374,40.66379225210482],[-73.80991993418621,40.66385362453628],[-73.80945926931707,40.66404408886309],[-73.808845942016,40.66429766939553],[-73.80845016180642,40.66446130076232],[-73.80830197156637,40.66449030989199],[-73.80779777593615,40.6645890087488],[-73.80764810718698,40.664618306233265],[-73.80695639747601,40.6647527805236],[-73.80614395972853,40.66491273021004],[-73.80603103456615,40.66527832197235],[-73.80574371816292,40.66615223116228],[-73.80491690214224,40.66612766216814],[-73.80266384488905,40.665937078488106],[-73.80192953316087,40.665885766398084],[-73.8018364634917,40.66588109373755],[-73.8017453426706,40.66587323763563],[-73.80163603620706,40.66621338393089],[-73.8016211540967,40.66625969627976],[-73.80155117214362,40.666257990591696],[-73.80117487092284,40.66624696663757],[-73.80083226944859,40.666237895385635],[-73.80056506507191,40.66623081860758],[-73.80026835217161,40.666220812344434],[-73.80000863857609,40.666212049379],[-73.79983941146368,40.66620634288554],[-73.79911443925563,40.66617728070116],[-73.79896131564766,40.666171142007535],[-73.79809387666575,40.666147569547924],[-73.79747645493794,40.66612790534217],[-73.79739728489328,40.66612608294668],[-73.79687578554478,40.66611407762262],[-73.79625985189254,40.6661071803705],[-73.79567821850762,40.666106148788906],[-73.79516058940047,40.66610522825176],[-73.79495002001582,40.666102862039544],[-73.79454618063627,40.666098332915546],[-73.79401560397012,40.66610085947842],[-73.79395910326416,40.66610141266172],[-73.79383197266051,40.666102656126604],[-73.79295946354421,40.66613584909882],[-73.79224211898523,40.666171051547046],[-73.7905262446001,40.666255233428664],[-73.79003473759681,40.66627934134354],[-73.78948846058469,40.66631689346279],[-73.7888141906275,40.66636750398611],[-73.78822687012617,40.66641158576921],[-73.78764894818141,40.666454957008725],[-73.78710453766602,40.666504607866656],[-73.78694414225227,40.666519234353004],[-73.78588753865738,40.66661558753265],[-73.78539699814998,40.66666083091863],[-73.78505544088624,40.66669233139579],[-73.78440242464359,40.6667525558307],[-73.78369144831109,40.66681520598364],[-73.78364934675797,40.66681891463034],[-73.78238330731773,40.666930451199995],[-73.78198478828723,40.66695792016054],[-73.78160892098632,40.66698382615789],[-73.7802712410594,40.66707526373117],[-73.7802245599788,40.66707845359403],[-73.77961031130552,40.66712073049716],[-73.77918845178775,40.66714976287936],[-73.77894438352129,40.66716977249055],[-73.7785597406208,40.667201299888],[-73.7783886089673,40.667215325528005],[-73.77766158064615,40.667274912936946],[-73.7769564390296,40.667315683699535],[-73.77684871424438,40.66732191190245],[-73.77614463362373,40.66736261659063],[-73.77536409973787,40.66739466714657],[-73.77526816481863,40.66739597898948],[-73.77520120942475,40.66739689556028],[-73.77513345160217,40.66739782325579],[-73.77473877271369,40.66740322352844],[-73.77444735864555,40.667402769474435],[-73.77371141419911,40.66740571914058],[-73.77342924182884,40.66740486404264],[-73.77341434948501,40.66740481929875],[-73.77300709940269,40.66740358389183],[-73.7722846000856,40.6673823710707],[-73.77188668000987,40.66736763430192],[-73.7716964609546,40.667360585472494],[-73.77153158932379,40.667354475409525],[-73.77105218351396,40.66733670882283],[-73.77017064733106,40.66726327917924],[-73.76998560103466,40.66724238492268],[-73.76828517361764,40.667050365528574],[-73.76702249561129,40.666907761453196],[-73.76699023419042,40.66697161511088],[-73.7669687307558,40.6670201362282],[-73.76685751331182,40.66723399373092],[-73.76675402184335,40.667432995113735],[-73.7665591066411,40.667859850550194],[-73.76624893493484,40.66851036764381],[-73.76589858799778,40.66914609663547],[-73.76560462694147,40.66966619668339],[-73.76525729411317,40.67027850798162],[-73.76508484432794,40.670587761970786],[-73.76465994992546,40.67131788051658],[-73.76454651572773,40.6715124575267],[-73.76435325021397,40.67185336868699],[-73.76404718764478,40.672845669793986],[-73.76383169291798,40.673633892913934],[-73.76380287351138,40.6737843709174],[-73.76371825104604,40.67431589223475],[-73.76309864151276,40.67397854439763],[-73.76009928813647,40.672345435008815],[-73.75949576939982,40.67245855953501],[-73.75864198749949,40.672623785213325],[-73.75849761584008,40.672648444994394],[-73.75861795554917,40.67304083303951],[-73.75870172164636,40.673116535935804],[-73.75868507982197,40.67317152777425],[-73.75866044632768,40.67322475261607],[-73.75862813167532,40.67327553950757],[-73.75858854320818,40.673323248226396],[-73.75854218003907,40.673367277397176],[-73.758489626536,40.67340707194519],[-73.75843154518499,40.6734421302151],[-73.75836866816044,40.67347201025703],[-73.75829345229573,40.673497207523646],[-73.75823398641737,40.67349223095503],[-73.75719953815134,40.673427925951316],[-73.7569188171903,40.676528870874975],[-73.75687349701155,40.67641731831961],[-73.75680933196342,40.67630971493242],[-73.75672742391518,40.6762087654121],[-73.75662976397336,40.67611691264326],[-73.75648885835807,40.67602276208851],[-73.7557616922747,40.67588590942051],[-73.75635352615454,40.67675262240754],[-73.75729013638315,40.67812418801308],[-73.7580162880098,40.67918751471761],[-73.75804707300132,40.679221213614795],[-73.75740220341586,40.67948189802433],[-73.75617298422708,40.67996951926059],[-73.75605617707484,40.6800161182113],[-73.75593700589495,40.68005910831782],[-73.75581566297004,40.680098420214165],[-73.75569234412184,40.68013399054051],[-73.75556724828994,40.680165761832335],[-73.75544057731963,40.680193682825276],[-73.75522007930407,40.68022547873699],[-73.75499604777437,40.680245377553355],[-73.75477014620401,40.68025309280746],[-73.75454409022763,40.680248517244124],[-73.7543196201163,40.68023172594507],[-73.75409840302109,40.680202988684634],[-73.75342641485632,40.680135731746084],[-73.75336391181798,40.680129475297846],[-73.75323817195327,40.680116886008115],[-73.7532105791824,40.68015428817302],[-73.75268290987269,40.680869616860804],[-73.75247059869118,40.68118051487039],[-73.75225828685599,40.681491410971496],[-73.75180409149453,40.68240332399189],[-73.75154215522466,40.68304604216523],[-73.75125793539004,40.68373412593292],[-73.75103020622572,40.68422286736819],[-73.75096994322234,40.684201691060444],[-73.75019667155684,40.685592827515634],[-73.75001704350878,40.68589131900863],[-73.74935259566362,40.686639419351835],[-73.7487668076481,40.68742045693239],[-73.7485034106603,40.68778183545838],[-73.74746788938735,40.68932218056846],[-73.74722434623159,40.689716702907866],[-73.74617365169983,40.68936883472855],[-73.74530282884932,40.68910370765855],[-73.74443429750673,40.688841245107405],[-73.74180878373348,40.68805211408953],[-73.74114627119812,40.68782655052864],[-73.74104311549594,40.687794968046276],[-73.74094497406261,40.68776489764462],[-73.74006080976669,40.68749123569105],[-73.73918555747947,40.687227718053826],[-73.73831418946602,40.6869648065077],[-73.737441637057,40.686700767385595],[-73.73732190884782,40.68666432060212],[-73.73657845709182,40.68643801445047],[-73.73569987886334,40.686172697177035],[-73.73483039826961,40.68590609746653],[-73.73451246130902,40.68580834287467],[-73.73396025358669,40.6856385625244],[-73.73361575193054,40.68553440408485],[-73.73355835321235,40.6855170533051],[-73.73350033567306,40.685500584607816],[-73.73308454574295,40.68538253502765],[-73.73222005766598,40.68512109568411],[-73.73132732793677,40.684850544055486],[-73.73045845029635,40.68458679458458],[-73.72959149713321,40.68432533835689]]]]},"properties":{":id":"row-pyc4-xxep.98gu",":version":"rv-c4zb_tsr6~qk8u",":created_at":"2025-11-24T21:48:59.646Z",":updated_at":"2025-11-24T21:48:59.646Z","coun_dist":"31","shape_leng":"178114.486209","shape_area":"819748996.774"}},
{"type":"Feature","geometry":{"type":"MultiPolygon","coordinates":[[[[-73.8572928725826,40.711467677191834],[-73.85667714366808,40.70769187446603],[-73.8562989930861,40.70774016652535],[-73.8559156604042,40.70777133124176],[-73.85552956026463,40.70778495813644],[-73.85552916924769,40.70778497523606],[-73.85552876814198,40.70778497473265],[-73.85514158233042,40.70778085899503],[-73.85475503981806,40.70775896711466],[-73.85437162334222,40.707719472948774],[-73.85399350038558,40.70766274766983],[-73.85399338154551,40.70766272992872],[-73.85399326402747,40.70766271168672],[-73.85362230057132,40.707589272026944],[-73.8528369086014,40.70741289532068],[-73.85275370628592,40.70739714706207],[-73.8526822564776,40.70741814532183],[-73.85110121675427,40.707900983021666],[-73.8505905109869,40.70803988342422],[-73.85042905370632,40.70808706705499],[-73.84951207404191,40.70834566137498],[-73.84933156147979,40.708388333680006],[-73.84914591506968,40.708419320478036],[-73.84895712614191,40.70843813752295],[-73.84876725233286,40.70844457893105],[-73.84857838740805,40.708438720827964],[-73.84762410188809,40.70833262298425],[-73.8474634046936,40.70832142456184],[-73.84730234910879,40.70831376789427],[-73.84714106989622,40.70830965938829],[-73.84697970229173,40.708309102259214],[-73.84681838103113,40.708312097412254],[-73.846657241116,40.70831864234093],[-73.84615958443666,40.70835082054904],[-73.84567198215157,40.70841036612491],[-73.84528898563947,40.70847667899529],[-73.84491011169791,40.708560330867904],[-73.84453738846393,40.708661054971],[-73.84417281256285,40.708778420841156],[-73.84381825734695,40.708911820124904],[-73.84356973293389,40.70901960948481],[-73.84348630432207,40.709055775293265],[-73.84325880825111,40.709168179635896],[-73.8431462530142,40.709223455916245],[-73.84296437511087,40.70919495865227],[-73.84290926105348,40.709186319792245],[-73.84280177943675,40.709169478299096],[-73.8422073619959,40.70907631676961],[-73.84161615952344,40.70898537934326],[-73.84151213291106,40.708969380710194],[-73.8414458685927,40.70895751111472],[-73.84090806614348,40.708875011242164],[-73.8406993758812,40.70884116908608],[-73.83975789326811,40.708688512963455],[-73.83938086731436,40.70862603372055],[-73.83911666079273,40.70857492944382],[-73.83901101218892,40.70855449233491],[-73.83828428836239,40.7084093586259],[-73.83714702922832,40.70795704626244],[-73.83784315908488,40.7069519253095],[-73.83808137940346,40.70656204347502],[-73.83810907786643,40.7064879826447],[-73.83812853158547,40.706412417166256],[-73.83813960400465,40.70633587758424],[-73.83814221741352,40.7062589012806],[-73.83813635325515,40.70618202879254],[-73.83812205297728,40.70610579976027],[-73.8380994170094,40.706030749379806],[-73.8380686043038,40.70595740457029],[-73.8378459509484,40.70562954088088],[-73.83733095588208,40.70485497645566],[-73.83696237744985,40.70421245233227],[-73.83841399490893,40.70338280879367],[-73.83856418282986,40.703296969393406],[-73.83867901361887,40.70322073519017],[-73.83947815175421,40.70269019433071],[-73.84156378094542,40.70110059821504],[-73.84215844799792,40.70090256363503],[-73.8423651234897,40.700832543962555],[-73.84236528893018,40.700832489910255],[-73.84236544338393,40.70083242763405],[-73.8425650701426,40.700750735857],[-73.84256526008005,40.700750654865985],[-73.84256543770998,40.70075056564923],[-73.84275648798824,40.7006577681377],[-73.84275664246611,40.7006576953068],[-73.84275678331429,40.70065761491846],[-73.8429378956664,40.70055442871768],[-73.84359398129972,40.70017235192515],[-73.84427352170454,40.69978050560965],[-73.84502472877107,40.69935937701625],[-73.84700405316411,40.698825211012405],[-73.84789669792492,40.69860032932235],[-73.84820912855385,40.69851840854607],[-73.8486811575304,40.698458523855884],[-73.84913837242894,40.698282741201915],[-73.84947763541791,40.69819580739424],[-73.84894128916666,40.69755684757056],[-73.84773325527163,40.69477527996691],[-73.84661793860852,40.69249518305605],[-73.84596733040553,40.691165965053145],[-73.84504194943192,40.68931894732217],[-73.84500533216844,40.68924391192708],[-73.84496028134232,40.68916262508462],[-73.84426826350679,40.68936293806166],[-73.84415010344566,40.68939328640712],[-73.84386364489947,40.68883211206458],[-73.84356447799856,40.68821396125549],[-73.84300297441014,40.687037916878296],[-73.84217464572754,40.6853535589003],[-73.84119605663334,40.68335136634137],[-73.84012856127174,40.681146650583784],[-73.83952065325151,40.67996186921124],[-73.83794250969271,40.67679420925289],[-73.8381194669117,40.67662988905895],[-73.8378437218932,40.676078124160256],[-73.83749571782113,40.67540682376923],[-73.83713760391187,40.674665134774365],[-73.83680894764285,40.67396111770303],[-73.83641423893975,40.67311558923181],[-73.83600752809691,40.67226955971801],[-73.83547485805212,40.671201870047675],[-73.83528117594399,40.670813642799914],[-73.83334819269342,40.666773187015444],[-73.83293516794696,40.66590272787697],[-73.83288329378848,40.66581006770773],[-73.83285442629493,40.66575125618693],[-73.83270533904125,40.66540577261352],[-73.83247768214017,40.664968213314886],[-73.83185737951352,40.6636539301261],[-73.83107771065973,40.66205622373808],[-73.83029375208022,40.660401991532204],[-73.830031319839,40.65989400883222],[-73.82991335753279,40.65966566868564],[-73.82931420152833,40.65889865674554],[-73.82859942404691,40.657196973016035],[-73.82827925614761,40.65603353342551],[-73.82807181096592,40.655267702199986],[-73.8278250750219,40.6542403617249],[-73.82770683601528,40.653748035688004],[-73.82759641691885,40.65328826648322],[-73.8274780709603,40.65279547778114],[-73.82736078914716,40.65230711930853],[-73.82724192613374,40.65181216271282],[-73.82712509975705,40.65132568647246],[-73.82701324397634,40.650859898626415],[-73.82689623324859,40.65034970898684],[-73.8267194361284,40.64957881932031],[-73.8263924284449,40.648324348615674],[-73.82532399178268,40.644234390474395],[-73.82419331921291,40.63995407216309],[-73.82457379956307,40.63935387324025],[-73.82413577557982,40.63878799720519],[-73.82443032431325,40.636216520034566],[-73.82454362816324,40.63614256045628],[-73.8246628314535,40.63607419408237],[-73.82478745919751,40.63601169332115],[-73.82491701479837,40.63595530720852],[-73.82505098202827,40.63590526041585],[-73.82518882708493,40.63586175235485],[-73.82533000071857,40.63582495638312],[-73.82547394041954,40.63579501911394],[-73.82562007265929,40.63577205983195],[-73.82576781517531,40.63575617001778],[-73.82591657929068,40.6357474129841],[-73.82606577225863,40.635745823623154],[-73.8262147996243,40.63575140826752],[-73.82636306759193,40.63576414466549],[-73.82650998539206,40.63578398206915],[-73.82665496763235,40.63581084143679],[-73.82706379083315,40.63581145702624],[-73.82808567221335,40.635879726834666],[-73.82866782109734,40.636614718448016],[-73.82938003995736,40.63707492736814],[-73.83221658819181,40.638928490220806],[-73.83281266635599,40.638881937219026],[-73.83289974229247,40.63886268506493],[-73.83273933307184,40.638616763877835],[-73.83255084784962,40.63833985851013],[-73.83235120688195,40.63806753187323],[-73.83214069387243,40.63780016645679],[-73.83084891950506,40.63617575665396],[-73.83074946550884,40.63604893213528],[-73.830653645359,40.63592049440002],[-73.830561504105,40.63579050386071],[-73.8304730858532,40.63565902163066],[-73.83038843138272,40.63552610959618],[-73.83030758048828,40.63539183027317],[-73.83020874441206,40.63522102698658],[-73.83011532620691,40.635048463233616],[-73.83002738112332,40.63487423805129],[-73.82994495844507,40.634698452873444],[-73.82971945340573,40.63425926741606],[-73.8294887568654,40.63376247770198],[-73.82927961491744,40.63326018082645],[-73.82911440782455,40.632745405285554],[-73.82866385375458,40.63121244437194],[-73.82580324038643,40.62117261654108],[-73.82538290361204,40.62003293428147],[-73.82527893038838,40.61979674376302],[-73.82516853252727,40.619562252326],[-73.82505175786497,40.61932956143368],[-73.8249286569947,40.61909877176917],[-73.82479928324582,40.61886998319201],[-73.82466369266044,40.61864329469465],[-73.82452194401122,40.61841880427761],[-73.82437409864364,40.618196609154154],[-73.82422022058634,40.61797680546122],[-73.82406037647593,40.617759488300024],[-73.8238946355283,40.61754475169508],[-73.82372306950869,40.61733268855334],[-73.82191221593662,40.61519298511837],[-73.82163921939824,40.61487061489473],[-73.82157060225657,40.61490869083004],[-73.82141601575428,40.615054763933685],[-73.8207589257084,40.615232679016145],[-73.8201734788592,40.61518061913669],[-73.81749811036131,40.61421413206781],[-73.81724670706974,40.61325563408165],[-73.8169575028283,40.61215297810846],[-73.81608988044356,40.6088447424577],[-73.8157933411415,40.608005367971906],[-73.81553537170855,40.60738585059029],[-73.81534146782674,40.60693899131078],[-73.81517810349872,40.60655980336626],[-73.81463119057653,40.60526750535797],[-73.8155918786293,40.6043974652007],[-73.81501471568703,40.60205629055848],[-73.81489670641665,40.601970182723846],[-73.81484101498788,40.601841936981586],[-73.81477424301153,40.60166668183504],[-73.81470749883358,40.60148288268715],[-73.81460712559036,40.601299029252544],[-73.81451206094769,40.601221981833085],[-73.81429377792436,40.601114831781274],[-73.81421007725216,40.60098226795145],[-73.81410386353657,40.60088384265761],[-73.81400893096574,40.6007598040106],[-73.81391392731058,40.60066139684702],[-73.81377983468907,40.60051166408539],[-73.81373524807448,40.60042188128628],[-73.81359530121162,40.600361847853385],[-73.81357883372245,40.60023793708951],[-73.81346702939473,40.60013523012499],[-73.81329385096036,40.599934169808336],[-73.81319899229518,40.599784499082084],[-73.81307061529627,40.59959632724167],[-73.81305369627472,40.599503712015355],[-73.81297362360121,40.59945515748979],[-73.81272920416643,40.599247262073355],[-73.81261044089469,40.599127757298874],[-73.81253246018443,40.59902647477989],[-73.81239671290841,40.59889656730489],[-73.81228818953024,40.59876670363492],[-73.8122678748163,40.59873035775291],[-73.81224417176405,40.59868881978421],[-73.81222386438911,40.59864988121883],[-73.81221034899123,40.59861614029561],[-73.812224046748,40.598585037698975],[-73.81222073287898,40.598553907975194],[-73.81205766969288,40.59845767362342],[-73.81193874831044,40.59839522978756],[-73.81178922450665,40.59832495396535],[-73.81172811343383,40.598275573204226],[-73.81157550345522,40.598141199259594],[-73.81081130533735,40.59636771891657],[-73.81026190210981,40.59508433550366],[-73.8099359107656,40.59432200561334],[-73.80961679374374,40.593575726914594],[-73.80970128731744,40.59353404259359],[-73.80951453505682,40.593002894896614],[-73.80948580890112,40.59286856974905],[-73.80948665744756,40.5927660356392],[-73.80963095573702,40.59249217851546],[-73.80970982668552,40.592439603401196],[-73.80973138393709,40.59240418605334],[-73.80977109201095,40.59236975944954],[-73.8097323261061,40.59204066718664],[-73.8098575542331,40.592032684616434],[-73.80985433381163,40.59189005408286],[-73.81026601960994,40.59047174116769],[-73.8106478060108,40.59045203685524],[-73.81030826269676,40.59030542076367],[-73.81039325653201,40.58994035302288],[-73.81095249381019,40.589500296605145],[-73.81093376648721,40.58933127858657],[-73.81092997565113,40.58929706479479],[-73.81100065066622,40.589242727379],[-73.81121520693432,40.58909903101555],[-73.8114416835406,40.588967241553114],[-73.81143710642206,40.5889334097949],[-73.81125223422286,40.587566794219676],[-73.80986542337808,40.58774216415528],[-73.80728311982736,40.588001426719316],[-73.80634592258131,40.588080340842886],[-73.80514380026949,40.5882146294912],[-73.8047307422074,40.58827007536231],[-73.80430462522459,40.58832727298925],[-73.80355434536685,40.5884773563408],[-73.80278868011804,40.58865813736757],[-73.80202173368765,40.58886042391845],[-73.80107985698156,40.589090595059986],[-73.80100528021843,40.589108344537024],[-73.80092510085647,40.58857804938467],[-73.800869358093,40.58821990417861],[-73.80081701613463,40.587868759697926],[-73.80078708087777,40.58770826672195],[-73.80070879881517,40.58719384724086],[-73.80070474074395,40.58715782783395],[-73.80067106495409,40.58692382731752],[-73.80063313017068,40.58692547633714],[-73.80059539211543,40.586922102305145],[-73.80056442269348,40.58691369052254],[-73.80053555633518,40.58690169483338],[-73.80050950137331,40.5868864095929],[-73.80048689755539,40.58686820962765],[-73.80046829920505,40.58684754182196],[-73.80045416269407,40.58682491333265],[-73.80044558277338,40.58680618062131],[-73.80044046265402,40.586786726480625],[-73.80043889958095,40.586766920410284],[-73.8004409232389,40.58674713859388],[-73.80044649565441,40.58672775675928],[-73.80045551052386,40.58670914307519],[-73.80046779662199,40.586691651077004],[-73.80048312059364,40.58667561299509],[-73.80058253087343,40.58636776212154],[-73.80028320145296,40.58563285894035],[-73.8003589338419,40.585591752590055],[-73.80041519052894,40.585555333350946],[-73.80049010750005,40.58553408699359],[-73.8006127394614,40.585481513906274],[-73.80103074950806,40.585420606497955],[-73.80108649809517,40.58543228335435],[-73.80114381734893,40.58543306441828],[-73.80121923058708,40.58542487923567],[-73.80133785981273,40.58540717178876],[-73.80048965938269,40.58017829511843],[-73.79789447636833,40.58071306652507],[-73.79497619756502,40.581379665613255],[-73.77298640753395,40.53341527580623],[-73.77700416285123,40.53307401569464],[-73.78383383892292,40.5324882216126],[-73.79290971144333,40.530471211894195],[-73.80430491526585,40.52791908963929],[-73.80687636349195,40.527426155721635],[-73.80838979647854,40.52703339965232],[-73.8093885127446,40.52677420541703],[-73.81411047264564,40.52571833510155],[-73.82572710068597,40.523113546044506],[-73.83307639547908,40.5203115392799],[-73.84396857500622,40.51612783324227],[-73.85455859092109,40.512060945028786],[-73.86963021801189,40.50282497708949],[-73.87674998820899,40.501174514127186],[-73.88226208764289,40.494826281144476],[-73.88660721219286,40.48982100656608],[-73.94991533196033,40.525538028599115],[-73.9524792506842,40.52507962501745],[-73.95912926213435,40.52389945455124],[-73.99154780304458,40.51819693838211],[-74.0133730049737,40.514358621989984],[-74.01472524196575,40.514121158091534],[-74.04216496133066,40.50930505904604],[-74.03810590931151,40.538297667998705],[-74.0375150514343,40.54278200892561],[-74.03637294938014,40.55101205067158],[-74.02501649857429,40.55282662966142],[-74.02366022568498,40.553055883503575],[-73.99708582402201,40.55725869016674],[-73.95928126955259,40.56307888683801],[-73.95166001758967,40.564280888733734],[-73.95068256276451,40.564426146160855],[-73.94379310010217,40.565494216891835],[-73.93650796259381,40.5664295022475],[-73.92805204952806,40.56776832770442],[-73.92621455510992,40.568081671447146],[-73.92040677288209,40.56897938053704],[-73.91846539850516,40.56929127602435],[-73.91336523304517,40.57007858057342],[-73.90878996029453,40.570799362511096],[-73.903871058556,40.57161873752356],[-73.89051533221908,40.57270719916484],[-73.88629181044695,40.573503692692604],[-73.88519092035637,40.5737199512649],[-73.88512899981778,40.57373434684241],[-73.88508290338287,40.5737436840777],[-73.88503643111767,40.57375092244151],[-73.87923424879816,40.57467567900082],[-73.8714184406939,40.5785352789188],[-73.86923199935949,40.57934200072427],[-73.86737333502653,40.58030199590518],[-73.86600041528479,40.58098954219919],[-73.85948722056844,40.5839369444318],[-73.85493753105467,40.58597967678594],[-73.85352199896508,40.586592000853436],[-73.84985226311555,40.58866933551961],[-73.84738575102864,40.592028175657134],[-73.846678994803,40.59320908299788],[-73.84440774091419,40.59588828816376],[-73.84195659799062,40.598376915451176],[-73.83573587587428,40.60579318845246],[-73.83446265554294,40.60719253294151],[-73.83437386502172,40.607851513919776],[-73.83430322962653,40.60915089815328],[-73.83401888134499,40.61438116641973],[-73.8339526640577,40.615757833497874],[-73.83380776614774,40.618770101563186],[-73.8337015227212,40.62097860184692],[-73.83368214952584,40.621381305686455],[-73.83362242002201,40.6226026393321],[-73.83357550576136,40.62359791727834],[-73.83355923814608,40.62393603399648],[-73.83319939394366,40.62677938539399],[-73.83304100841805,40.62826127105961],[-73.836187901662,40.631066811154724],[-73.83765174362401,40.632839732956114],[-73.84833830902224,40.64352083248768],[-73.85449975709341,40.64312927817652],[-73.8550203320244,40.64309618131471],[-73.85510124665954,40.643533910236016],[-73.85614826788893,40.64919764437242],[-73.85664852076063,40.64970068793376],[-73.8572233098436,40.650278670541454],[-73.85902154958846,40.65266017636717],[-73.85991265091505,40.65384023778094],[-73.8600132282511,40.6539734253587],[-73.8604959578875,40.65455882498136],[-73.8605407788247,40.654623996610546],[-73.86057836202481,40.654675329143444],[-73.86061323156244,40.654719471240334],[-73.86086853824884,40.65507780623989],[-73.86098917353907,40.65520976710519],[-73.86216345892701,40.65684662437246],[-73.86243848439256,40.657257512938855],[-73.86269778233533,40.657618309011646],[-73.86317083274403,40.6582765129481],[-73.86174759025207,40.658938356510966],[-73.86118875547496,40.65925462588911],[-73.8603049456405,40.659634655304],[-73.85938691846935,40.65977271538208],[-73.85851436327641,40.65989894246782],[-73.85761537251572,40.660118933154706],[-73.85793640977955,40.66137443712477],[-73.85802504298081,40.661721050092545],[-73.85811779269261,40.66203657079233],[-73.85842950857399,40.663453360429344],[-73.85753563345138,40.66359786251387],[-73.85659075119851,40.66374715959916],[-73.85611710208867,40.66380840263723],[-73.85568461155025,40.663867492874765],[-73.85611740229831,40.66550937960369],[-73.8561880966017,40.665846554626896],[-73.8564631194296,40.66704176389158],[-73.8566799570519,40.66792415867412],[-73.85670509094143,40.668026440106324],[-73.85684676162342,40.66860293533222],[-73.85722693696049,40.67009621313904],[-73.85724675715898,40.67017405117861],[-73.85726744668743,40.67025529379311],[-73.8572848668308,40.670321989904856],[-73.85730947739036,40.67041623336488],[-73.85763323174355,40.67165619403887],[-73.85855466622876,40.67151814610223],[-73.85947416457977,40.6713805320374],[-73.86038519920734,40.67125171099057],[-73.86077512857476,40.67280562223915],[-73.86107192499021,40.67401981439718],[-73.86114396102502,40.67433014745005],[-73.8613186364856,40.675021268816224],[-73.86139775866671,40.67533659048254],[-73.86171238717547,40.67661059597515],[-73.8620284308972,40.67788611453534],[-73.86225943089211,40.67881678615639],[-73.86234580535132,40.67916478564435],[-73.86286742413668,40.67912212114281],[-73.86328297030332,40.67907937117609],[-73.86330964181911,40.67916796966293],[-73.86334943593049,40.679351640889756],[-73.86378674469513,40.68111374702436],[-73.86398968858047,40.68192956266758],[-73.86410096679128,40.682372850292644],[-73.8645649429913,40.68224614957357],[-73.86499404457244,40.68212896989902],[-73.86601993220725,40.681919587028084],[-73.86627174201591,40.68303406835572],[-73.8662900301626,40.68311500720763],[-73.86630263853489,40.68318669460304],[-73.86631496942941,40.68324894282325],[-73.86650407890409,40.68447405226478],[-73.86659848283243,40.685269559069155],[-73.86687058632356,40.68633059062477],[-73.86701802992113,40.68683034903647],[-73.86728057407015,40.68774928510368],[-73.86745694077533,40.68840044165924],[-73.86752749889669,40.68871618273964],[-73.86762340412434,40.68914534234806],[-73.86776832168441,40.689803288876],[-73.8679094844675,40.690476261266134],[-73.86797688044027,40.690795584283315],[-73.86805885286167,40.69118395773684],[-73.86859478038951,40.69388437469118],[-73.86868454370573,40.69403469190564],[-73.86840519015207,40.694731186244624],[-73.8689176275688,40.69514656101229],[-73.87004292899778,40.694941484652674],[-73.87402053240761,40.694191294714905],[-73.87939315108166,40.69120963169438],[-73.87950641220809,40.69114676934582],[-73.8795613942397,40.69110478082606],[-73.88117469097533,40.689872587835254],[-73.88226665508788,40.689038551150865],[-73.88377698649354,40.687863410682404],[-73.884522508914,40.686684749094944],[-73.88728392925596,40.68562247544994],[-73.88808341776607,40.6852936316679],[-73.88829811172326,40.685154193213464],[-73.88908895286676,40.68464055300123],[-73.88962787578838,40.684236453750366],[-73.89015418672804,40.68500399030714],[-73.89063086856,40.68470017855128],[-73.89166010725283,40.68404417791003],[-73.89258303168414,40.68349191038528],[-73.89274142443098,40.683670186165834],[-73.89344031315585,40.68445679053486],[-73.89398568665801,40.68507059471044],[-73.89404098849204,40.68513283510368],[-73.89414255485782,40.6852471462718],[-73.894174632671,40.68528324867323],[-73.89491067388055,40.68450848683566],[-73.8950492690324,40.68436259903907],[-73.89530504948846,40.6840805195652],[-73.89554859504653,40.68379189231625],[-73.8956147649847,40.683707421568116],[-73.89577945436976,40.683497183357524],[-73.89599727382058,40.683196879280565],[-73.89620169557435,40.6828914822515],[-73.89628634753659,40.6827583825879],[-73.89635898837489,40.68262086673322],[-73.89636799029405,40.68259975713358],[-73.89641909073698,40.68247987624376],[-73.89643010477418,40.682446359838906],[-73.89646625062909,40.682336422475345],[-73.89652644236399,40.682403299241614],[-73.90116155060399,40.687877935355594],[-73.90042465113096,40.68818389887686],[-73.90188776254817,40.69107772057588],[-73.90139840662029,40.69158999203784],[-73.90113245169466,40.691877004713405],[-73.90058403345911,40.69239778675994],[-73.90074962354969,40.69248266292352],[-73.90033072445077,40.69314537559136],[-73.90020195747972,40.693398462374745],[-73.90003039216383,40.693437450574265],[-73.89973223451202,40.69351918299953],[-73.89858277036556,40.693897027652426],[-73.89736265798818,40.69411084723286],[-73.89691021266253,40.69384227053796],[-73.89742730179745,40.69328897964712],[-73.89764233465448,40.693408651375634],[-73.89768631842641,40.69336525848038],[-73.89695653441446,40.69194920744626],[-73.89571125656875,40.692309149916625],[-73.89551858614546,40.69236141730379],[-73.89474270964175,40.69263695279005],[-73.89326209935479,40.69220094695709],[-73.89357934937716,40.693085329231614],[-73.89398113148148,40.6930759650392],[-73.8955862545723,40.693979162011935],[-73.89507694381916,40.694591389702445],[-73.892452076251,40.69522572828692],[-73.89190386196516,40.69431533641816],[-73.88937097070769,40.69481978813288],[-73.8881820500067,40.695057767368105],[-73.88865416919128,40.69582954890075],[-73.88648530211006,40.6964399145886],[-73.88689234345307,40.69664887394973],[-73.88707111908053,40.6967602011211],[-73.88723871677388,40.69688468053079],[-73.88739272258873,40.697021285267205],[-73.88753095198668,40.69716867252747],[-73.88765156141358,40.69732519209835],[-73.88775309681063,40.697488967817165],[-73.88783456925432,40.69765794773196],[-73.88789549787731,40.697830041009496],[-73.88793588496823,40.69800314186498],[-73.88788297628412,40.69801512064852],[-73.8880990947475,40.6987632964781],[-73.8881802578614,40.698857911241475],[-73.88771297954062,40.699678076357664],[-73.88676728328298,40.69982608539444],[-73.8858420540326,40.69996547193255],[-73.88492223136599,40.70010402751469],[-73.88513902334758,40.70158570382094],[-73.88465849583763,40.70162652095843],[-73.88545738237099,40.70358605966648],[-73.8860371606042,40.705001277148334],[-73.88652826814828,40.706225206377404],[-73.88554946917888,40.706154618534384],[-73.88553214158803,40.70644568324881],[-73.88456244603707,40.70636218742469],[-73.88377296852019,40.70629420165412],[-73.88266573808916,40.706355516414305],[-73.88178017688789,40.70640454852148],[-73.88088332654777,40.70645397777026],[-73.8800010457674,40.7064929340465],[-73.87900684284193,40.70653683936732],[-73.87814452368524,40.70660962564738],[-73.87720614757751,40.706688841002176],[-73.87625034919205,40.706744642839226],[-73.87532966761405,40.70679838822813],[-73.87504258461313,40.70681035266911],[-73.87497972709168,40.70681297205642],[-73.87491827793075,40.70681553263006],[-73.87425518016693,40.70685703123322],[-73.87326053044828,40.70692273702398],[-73.87153400383447,40.70703676755904],[-73.86911007159054,40.707089336765],[-73.86915904610255,40.707223934155415],[-73.86921435524478,40.70735710287913],[-73.86927592737516,40.70748867035151],[-73.86934368345354,40.707618465535866],[-73.86941753495395,40.7077463207255],[-73.86949738619914,40.707872070219516],[-73.86971313770836,40.70824696418742],[-73.86975804707969,40.70832499994715],[-73.87017880102863,40.70923187162398],[-73.8693970665178,40.70952637537576],[-73.86832048969505,40.709865485479575],[-73.86661823125485,40.71040164855799],[-73.86557714673037,40.710659219025736],[-73.86500981935572,40.71077690893267],[-73.86207872688347,40.712201060064196],[-73.85978566470035,40.713311296126996],[-73.85965416837615,40.7133799614124],[-73.8596606676173,40.71329464624243],[-73.85971313582793,40.71260553908276],[-73.85975932862851,40.71184505978468],[-73.8596459099013,40.711827344101785],[-73.8581874523225,40.71159954555929],[-73.8572928725826,40.711467677191834]]]]},"properties":{":id":"row-mxbw_ekm3-y9ac",":version":"rv-y78e_yn5j-7462",":created_at":"2025-11-24T21:48:59.646Z",":updated_at":"2025-11-24T21:48:59.646Z","coun_dist":"32","shape_leng":"327361.666492","shape_area":"1773673587.88"}},
{"type":"Feature","geometry":{"type":"MultiPolygon","coordinates":[[[[-73.86477258283533,40.90201244187383],[-73.86305085664794,40.90150808403886],[-73.86279850645585,40.901535521720966],[-73.86266208666815,40.901459187897004],[-73.86245772627262,40.901358396514496],[-73.86224439595217,40.90126770653597],[-73.86202342452098,40.90118777618704],[-73.8617962600684,40.901119122288335],[-73.86156438385048,40.90106212283473],[-73.86134100834322,40.901111570301495],[-73.86109329992779,40.9010320752821],[-73.86088138507569,40.90096407585075],[-73.86078380031492,40.900933044860764],[-73.86068622778954,40.9009020133002],[-73.86050354628266,40.90084609261492],[-73.86027030967338,40.90077469541305],[-73.86019317267792,40.900750257713256],[-73.86010706911128,40.90072198205424],[-73.85946778766896,40.90051720977029],[-73.85939698647378,40.900606109472825],[-73.85932418496395,40.90069752739861],[-73.85907692341151,40.901007992598124],[-73.85923576234528,40.90109861313447],[-73.8594198409143,40.90139312450996],[-73.85938315348042,40.901540391221765],[-73.85937696458922,40.90156521766098],[-73.85928099616879,40.90155550137652],[-73.85920552023913,40.90154786365856],[-73.8590270408588,40.901444910255286],[-73.85886401316354,40.9017116950496],[-73.85928903193813,40.90186911251681],[-73.85938576889035,40.90190494139619],[-73.85946389891883,40.90193387763282],[-73.85949851099048,40.90210160500301],[-73.859532014425,40.90224311162691],[-73.8595788301439,40.902440843274796],[-73.85926432541987,40.902669479394014],[-73.85917899501727,40.902656078449134],[-73.8591049877187,40.902644455434924],[-73.85903604892461,40.90258349644712],[-73.85896148071942,40.90251786471597],[-73.8587282483335,40.90228897107281],[-73.85840075352175,40.90221325579906],[-73.85816000004854,40.90230571020275],[-73.85816460299459,40.90259586106153],[-73.85796932328364,40.9028509076877],[-73.85774747458852,40.902787546919996],[-73.85755967657754,40.90291779545607],[-73.85711090546211,40.90364953269678],[-73.85717176236315,40.90408206543548],[-73.85699157413097,40.90458420906404],[-73.85704144184271,40.90464056793048],[-73.85710151444523,40.90470845788318],[-73.85718621391001,40.904692017206436],[-73.85735935300335,40.904730960988296],[-73.85743457618351,40.904841543197904],[-73.85717766075966,40.905286541661496],[-73.85705022667389,40.9052915357557],[-73.85680038348669,40.90514224817868],[-73.8567314667074,40.905101069872984],[-73.85665436888904,40.90505500078318],[-73.85636081366783,40.90510215405821],[-73.85601023389269,40.90530598362693],[-73.85601160905586,40.90548208344156],[-73.8563554520587,40.90552811792502],[-73.85642386943027,40.90554474079475],[-73.85650251760606,40.90556384879662],[-73.85692398180078,40.90597417011107],[-73.85681013638538,40.90615582832603],[-73.85655732545021,40.906262032343534],[-73.8559562264416,40.90621850373843],[-73.85588044261225,40.90624143036866],[-73.85580463795947,40.90626436412654],[-73.85552697672837,40.90638025145834],[-73.85513792149328,40.90686688914186],[-73.85423776686882,40.907032868254404],[-73.85374103564628,40.90778791623219],[-73.85383360999587,40.907974349819646],[-73.8542290536676,40.90801858954942],[-73.85471078339769,40.90800630944045],[-73.85475581886688,40.90808399273383],[-73.85479372803466,40.90815833218806],[-73.85491109673632,40.908354869834234],[-73.85458940588242,40.908939499298356],[-73.85391646095104,40.90946560394529],[-73.85377507826826,40.909531555240314],[-73.85360061654038,40.90960674145],[-73.85335351931097,40.910043140752954],[-73.85295618487677,40.910353044180106],[-73.85276991514259,40.91040600756267],[-73.8525847475041,40.91031061706413],[-73.85266035825968,40.91001519315737],[-73.85245653317396,40.90986050907061],[-73.85227451682843,40.90985409914149],[-73.85178316950147,40.91016063065205],[-73.85149242502591,40.910271640499694],[-73.85144753902692,40.910449671704534],[-73.85107116183943,40.91037151971939],[-73.85164380654422,40.909699084611454],[-73.85207287938331,40.90919708276402],[-73.852347448944,40.90886284209516],[-73.85304970849123,40.908035926902215],[-73.85347522399834,40.90753029352672],[-73.85257767250873,40.90720019120947],[-73.85228059711376,40.907081266625895],[-73.85142507716,40.906780175460845],[-73.85092059362833,40.90661649448958],[-73.85040148926625,40.90721817000396],[-73.85017317552095,40.90750786565142],[-73.84933641457044,40.90712531426616],[-73.84863913264239,40.906806522669775],[-73.84708032914259,40.90615673303292],[-73.84623270427065,40.90589867226431],[-73.84538061050861,40.90565580808716],[-73.84481886918655,40.90552995017639],[-73.84487707214035,40.90507269428405],[-73.84492921919707,40.90466300376887],[-73.84489264975376,40.90419086729966],[-73.84441319466737,40.90417132954557],[-73.84339559934394,40.904171125061204],[-73.84237543779476,40.90416640477637],[-73.8413868930466,40.90417274153401],[-73.84113152789418,40.90350372839713],[-73.84106272953227,40.903214116329096],[-73.84102047408854,40.90281413598015],[-73.84086546181516,40.90186243376296],[-73.84084087508661,40.90178333475297],[-73.84081190033794,40.90170509570549],[-73.84077858945818,40.901627856692414],[-73.84074100204408,40.901551756200476],[-73.84069920546884,40.90147693026809],[-73.8406532745744,40.90140351285522],[-73.84004474701781,40.90057495718932],[-73.84080915459364,40.900402922463854],[-73.84169359382662,40.90020878798794],[-73.84256592867675,40.90001794314931],[-73.84345709814926,40.8998240743867],[-73.84434683273759,40.89962780007012],[-73.84514401365742,40.89945371025],[-73.84607999548841,40.89924821978561],[-73.84696748500076,40.899051238954854],[-73.84785519050206,40.89885645718326],[-73.84872176850936,40.89866553177304],[-73.84960675558385,40.898471256141924],[-73.84862930861304,40.89591378842913],[-73.84951432296752,40.8957182168666],[-73.85039937570029,40.89552387153272],[-73.85029785841648,40.895258186738815],[-73.84978973102625,40.89392825699855],[-73.85063761828057,40.89364333670598],[-73.84983901281771,40.89154366304217],[-73.8489503783737,40.891738530349436],[-73.84863394443056,40.890897610660524],[-73.84874153312819,40.89064771486526],[-73.84909728844899,40.89000101770923],[-73.85198097982828,40.890921411381306],[-73.85237322003998,40.890214212380684],[-73.85276559622832,40.88950643519075],[-73.85315308328752,40.888799893716794],[-73.85602979255434,40.88971351368153],[-73.85641353059529,40.88900815377143],[-73.85930109687477,40.88992422732682],[-73.86029797659751,40.890243544169145],[-73.86216599751981,40.89084011086976],[-73.86303842471291,40.89111254785966],[-73.8638085739438,40.88971589937296],[-73.86460021982448,40.888299711888095],[-73.86538049290266,40.88688347472098],[-73.86620661508547,40.88537861406278],[-73.86624567696346,40.885265692829414],[-73.86624572511441,40.88526556774585],[-73.8662457491899,40.88526545034041],[-73.86626727212004,40.88514769132445],[-73.8662700172745,40.88502747929174],[-73.86627001745579,40.885027389164776],[-73.86627000593691,40.88502729969437],[-73.86625345816296,40.8849072996685],[-73.86621798004747,40.88479001468139],[-73.86616484807229,40.88467823930012],[-73.86616476518361,40.884678076707075],[-73.86616465843805,40.88467792296509],[-73.86609568402203,40.884573620956594],[-73.86606034351817,40.88450592661735],[-73.86606028461776,40.88450579973439],[-73.86606024936965,40.88450565595909],[-73.86604073425413,40.88443347696881],[-73.86604066322512,40.88443323481621],[-73.8660406520351,40.884432982346645],[-73.86603810764092,40.88435938218841],[-73.8660380949996,40.88435919270566],[-73.86603813220556,40.88435902204329],[-73.8660523132928,40.88428704415193],[-73.8670525835034,40.88225521575131],[-73.86812877191957,40.880066552417276],[-73.86874366857339,40.87882319221159],[-73.86894382691574,40.87859185328191],[-73.8690740756489,40.878579168033106],[-73.86912851813874,40.87851887015219],[-73.86918623422282,40.87846614899053],[-73.86923698739872,40.87842466940052],[-73.86926732188155,40.87839440291567],[-73.86929576710598,40.87836309731701],[-73.8693359442063,40.878306554862505],[-73.8693725094742,40.878248617548714],[-73.86940537883444,40.878189418173925],[-73.86943447720327,40.87812909248159],[-73.86936148795124,40.87811174531962],[-73.86941751353626,40.877972822266074],[-73.8699509922208,40.87664995538253],[-73.87002612362143,40.87647926238341],[-73.87003878097237,40.8764505060977],[-73.87006973962478,40.87638728181885],[-73.87009233236388,40.87634114365293],[-73.87019106946319,40.87605325684542],[-73.87020055747489,40.87601709397251],[-73.87022368675778,40.875867486391606],[-73.87023106150767,40.87571767061419],[-73.87031508399559,40.87561752273297],[-73.87031310874129,40.875340621459145],[-73.87037667181734,40.8732843726646],[-73.87056192524565,40.87151077895633],[-73.87053738652396,40.86967403141299],[-73.87053494722683,40.86958170253734],[-73.87053320083079,40.86951558023575],[-73.87052897324646,40.869355532847145],[-73.87052621665914,40.86925117679464],[-73.87051629780373,40.868875665733725],[-73.87051473333074,40.86881643284634],[-73.87051057057941,40.868658834864505],[-73.8704995802517,40.868242776109135],[-73.87049783458576,40.868176654964486],[-73.87049186989518,40.86795083049056],[-73.87045509057094,40.86663286876311],[-73.87042127567348,40.86536107993024],[-73.8705841760185,40.8653606494498],[-73.87063460673778,40.86535773682047],[-73.87071476617935,40.865359301202375],[-73.87073523448244,40.86536087640411],[-73.87083125772644,40.865375858151914],[-73.87101159495131,40.865421790866726],[-73.8710978298734,40.86545365833929],[-73.87115380672451,40.865478292487765],[-73.87125642475213,40.865538149142566],[-73.8713472458751,40.86560697447469],[-73.87177180665829,40.86587954940581],[-73.87185092124216,40.865930342870946],[-73.8719899750106,40.86600474297865],[-73.87206011458052,40.866047053020814],[-73.87214248832616,40.866093087214615],[-73.8724483128789,40.86624545628865],[-73.87276528775602,40.86638528299322],[-73.87309207574542,40.866511901202465],[-73.87342720591083,40.866624740479594],[-73.87366195342061,40.86669244322259],[-73.87376916136395,40.86672335716752],[-73.87432136242492,40.8668632304471],[-73.87437707418773,40.866878758522965],[-73.8744334441222,40.86689446804554],[-73.87482622714636,40.867003937274966],[-73.87487531734217,40.86701761785253],[-73.87492679485891,40.867031973099564],[-73.8750025008394,40.867068146815946],[-73.8750722652584,40.867109960918796],[-73.87513389070138,40.86716526300613],[-73.87525758795877,40.86731629155762],[-73.87568412609886,40.868023555588664],[-73.87561569595339,40.86804811946495],[-73.8758587755001,40.868320220424756],[-73.87594875445075,40.868413185782664],[-73.87603874513165,40.86850614923845],[-73.87646671672671,40.86882064558527],[-73.87647471732697,40.868824874390796],[-73.87666667225957,40.86892635192318],[-73.87674818963932,40.86895811830019],[-73.87692080323758,40.86900639690045],[-73.87710526066954,40.86903884905484],[-73.87729769843564,40.86905340755248],[-73.87749350617646,40.86904874385972],[-73.87768765266665,40.86902449278718],[-73.87787510729432,40.8689812785708],[-73.87805125502699,40.86892068230646],[-73.87821228117619,40.8688450679577],[-73.87831067907952,40.868784766473354],[-73.87831861919747,40.868779900260755],[-73.87835541656956,40.868757348574356],[-73.87847899617262,40.86866066670918],[-73.87858245510003,40.86855815585142],[-73.87909532078315,40.86804003910235],[-73.87917094767992,40.86800028568733],[-73.87926101775712,40.86797171877969],[-73.8793607883262,40.867958316918546],[-73.87946327791666,40.867962265495684],[-73.87952653441087,40.86797590628529],[-73.87952776971703,40.86797617276403],[-73.87956074512029,40.86798328352886],[-73.87964653206487,40.86801863580577],[-73.87971645616184,40.868064005613505],[-73.87978528848599,40.86818320433643],[-73.87989454424574,40.86837173833068],[-73.88133855509096,40.86759008825941],[-73.88309382372141,40.86660218502373],[-73.88321216401727,40.86674815264939],[-73.88362518063465,40.86725758750381],[-73.88423910900886,40.86800616103696],[-73.88438526452111,40.86816848563348],[-73.88451320703255,40.86834025669756],[-73.88462145818924,40.868519660714014],[-73.88470894129897,40.868704717712305],[-73.88488675363953,40.86928333415203],[-73.88496499235794,40.8695379257021],[-73.88501925185481,40.86966042854554],[-73.88508995935838,40.86977941736097],[-73.88517643054536,40.86989301132674],[-73.88527746909767,40.8699994507295],[-73.88539143957502,40.87009719403565],[-73.88551639088632,40.87018498083902],[-73.88625053886103,40.86947534702192],[-73.88694556518027,40.87005130687835],[-73.88701468566451,40.87010858501736],[-73.88715705239287,40.87022656032723],[-73.88778676972998,40.870740849260955],[-73.88691658745203,40.87134327359811],[-73.8856137668484,40.87226938481392],[-73.88533093914566,40.87293948292302],[-73.8850554543325,40.87359381965323],[-73.88477517954254,40.87427022050136],[-73.884877018222,40.87429479823478],[-73.8863151925914,40.87464181240189],[-73.8864993991024,40.8746873783402],[-73.8866833086682,40.87473302427077],[-73.88753168444305,40.87493773502136],[-73.88760490943679,40.874955400949766],[-73.88855699854247,40.87519731393196],[-73.88937163753195,40.87338229790122],[-73.88980437737901,40.872401467504],[-73.8898525025083,40.8722953635601],[-73.88985257424957,40.872295220228956],[-73.8898526569968,40.8722950941632],[-73.88992123076036,40.87219096318982],[-73.88992130264829,40.87219086441987],[-73.88992139682678,40.87219076516862],[-73.89001056739879,40.87209183309206],[-73.89001067461294,40.872091724639404],[-73.8900107817966,40.872091634614236],[-73.89011943957907,40.87200131193478],[-73.89011953505123,40.8720012307771],[-73.89011964088111,40.872001158507956],[-73.89024543412103,40.871922548809295],[-73.89038466650823,40.87185832286107],[-73.89038479681862,40.871858259996216],[-73.89038492776072,40.87185821555949],[-73.8905330780688,40.8718101258373],[-73.89053323218471,40.87181008041726],[-73.89053341011872,40.871810044903654],[-73.8906858744636,40.871778735326004],[-73.89068600471352,40.871778708980784],[-73.89068612323966,40.8717786992092],[-73.89083814525578,40.871763877958216],[-73.89083845338327,40.87176385027336],[-73.89083878596126,40.87176385058797],[-73.8909864756169,40.87176434149714],[-73.89118817246188,40.8717967068154],[-73.8913947667482,40.87181587441079],[-73.89160396933728,40.87182132127829],[-73.891813384212,40.871812828550404],[-73.8920206391324,40.87179048279354],[-73.89222334740167,40.871754715674584],[-73.89241936355893,40.871706226803234],[-73.89307121088274,40.87139526412736],[-73.8934787987977,40.87118842090804],[-73.89383848152852,40.87100589856206],[-73.89444825196713,40.87072346107298],[-73.8952103040417,40.87030825674292],[-73.89603719196174,40.869229840081985],[-73.89656060597468,40.8685652000844],[-73.89891854298266,40.86965857448669],[-73.89778962270478,40.870856643398554],[-73.89779625106718,40.87166870259149],[-73.89782078599823,40.87196004967699],[-73.89786480115808,40.87225091041085],[-73.89786481248217,40.872251009259365],[-73.89786483616415,40.872251108621406],[-73.89792833315063,40.872540464443375],[-73.89801117034987,40.87282728090994],[-73.89811299518651,40.873110358204535],[-73.89823326359578,40.8733884360256],[-73.8982333462886,40.87338862439423],[-73.89823344091072,40.87338880506731],[-73.89837163156548,40.8736610364054],[-73.89843500099056,40.873756795990005],[-73.89851715598753,40.87384809685402],[-73.898517344573,40.87384831329185],[-73.89851755837223,40.873848494069506],[-73.89861776919572,40.87393227338141],[-73.89861789924213,40.87393238121285],[-73.89861805379958,40.87393248001958],[-73.89873466258855,40.8740059991222],[-73.89873474570659,40.874006054645186],[-73.8988644721925,40.87406659121636],[-73.89886469625726,40.87406669845983],[-73.89886492236157,40.874066770692785],[-73.89900378217743,40.87411249252202],[-73.89900399547933,40.87411256625122],[-73.89900422096436,40.874112610507055],[-73.89914790953925,40.874142659265985],[-73.89914821819738,40.8741427231944],[-73.89914853859489,40.87414275915677],[-73.899292700771,40.87415716637421],[-73.89929293864074,40.874157193888024],[-73.89929321120124,40.87415719412588],[-73.89943414637503,40.87415688448462],[-73.89957393526005,40.87415335137196],[-73.89957419635923,40.87415334171533],[-73.89957444504296,40.874153369405484],[-73.89971768425177,40.87416698257065],[-73.89971781444899,40.87416699189756],[-73.89971795697767,40.87416701949517],[-73.89985928305978,40.87419863165318],[-73.89985944874789,40.87419866848443],[-73.89985959101641,40.87419872238272],[-73.89999309664222,40.87424777057006],[-73.89999325060789,40.8742478244783],[-73.89999339305598,40.874247905850325],[-73.90011373091212,40.87431241321905],[-73.9001138618991,40.87431248469715],[-73.90011396793243,40.87431256603752],[-73.90021690824305,40.87438939562419],[-73.90021706277655,40.87438951268873],[-73.90021720446985,40.8743896562108],[-73.90030029732704,40.87447508526304],[-73.9003605370607,40.874594695481406],[-73.90040369627349,40.874721061695496],[-73.90042805735101,40.87485200514812],[-73.90043257971413,40.87498508330817],[-73.90041699327958,40.87511767588823],[-73.90038177940905,40.875247189540254],[-73.90032819648602,40.87537123143261],[-73.9002581230644,40.875487720017915],[-73.90010477937211,40.87571474426833],[-73.89981108950367,40.876398824578736],[-73.8995790772783,40.87660819340191],[-73.89938590540406,40.876762864260535],[-73.89938585833752,40.87676290140958],[-73.89938581059849,40.87676294542642],[-73.89920877840575,40.8769296243489],[-73.8992087304445,40.876929669203115],[-73.89920869506247,40.87692971473839],[-73.89904972557127,40.87710681871486],[-73.89904957125893,40.877106989285565],[-73.8990494286163,40.877107178126444],[-73.89890997303912,40.87729311536013],[-73.89890992525788,40.87729318668297],[-73.89879099447586,40.87748626430811],[-73.89826917699328,40.878282499703744],[-73.89813491658859,40.87843121616089],[-73.89820614444528,40.87845962730195],[-73.89828010616534,40.878483679842404],[-73.89835633967056,40.8785032235124],[-73.8984343689603,40.87851813624341],[-73.89851370627345,40.87852832481884],[-73.89859385594404,40.87853372558471],[-73.89872457959517,40.87853304212711],[-73.89883332253581,40.87854704989756],[-73.89894086840255,40.87856563432092],[-73.89904688312397,40.878588737668224],[-73.89915103773883,40.878616288202146],[-73.89925300835151,40.87864820032829],[-73.89935247820574,40.87868437491746],[-73.89945453327842,40.87877645728742],[-73.89957123033751,40.87877585680761],[-73.89957884933938,40.87883152519803],[-73.89960844093241,40.87904771619183],[-73.89960733386812,40.87910601630665],[-73.89955355317882,40.879382344075914],[-73.89952671601004,40.87948477071545],[-73.89945171393931,40.879708587285045],[-73.89938250850568,40.879933477097126],[-73.89931912638075,40.88015935367114],[-73.89926159199757,40.88038613014622],[-73.8992099274607,40.88061371952961],[-73.8991641527845,40.88084203408616],[-73.89912428563287,40.88107098601481],[-73.89909034139843,40.881300487268526],[-73.89904031923147,40.881543513309275],[-73.89932487614828,40.88138009764302],[-73.90022995375224,40.88063039897392],[-73.90050104046114,40.88040121576871],[-73.90069563995455,40.880511359975614],[-73.90144122826193,40.88091915464004],[-73.90173667877663,40.88058983125312],[-73.9021942490586,40.88007979367722],[-73.90287804831824,40.87936258377992],[-73.90298060260078,40.87925501611491],[-73.90328013034312,40.8789408537571],[-73.90330991882503,40.87890961446178],[-73.90357476291717,40.87856325572407],[-73.90362495750334,40.878474707126806],[-73.9037414747153,40.87828526097798],[-73.9038413547271,40.87808991175133],[-73.90384844905167,40.87807324848259],[-73.90393940992725,40.877859622040646],[-73.90417165611704,40.87718939152135],[-73.90436613474922,40.87662814191693],[-73.90442604187355,40.876455255125826],[-73.90448464902711,40.876476977405865],[-73.9045409265595,40.87649816852469],[-73.90470764814707,40.87656248427634],[-73.90474796514665,40.8765753188107],[-73.90486034596927,40.87661109251689],[-73.9050689509824,40.87669085653602],[-73.90615158698873,40.87710481506106],[-73.90620060088672,40.87706039035451],[-73.9063017604538,40.876967209942606],[-73.9063797606537,40.8769545659746],[-73.90643683714498,40.87691498978419],[-73.90649600993184,40.876877227524794],[-73.90666385182963,40.87677045925632],[-73.90671046440046,40.87679823169178],[-73.90675391856017,40.876828812722586],[-73.90679168720042,40.87685999145877],[-73.90682616977088,40.8768932916113],[-73.90685716017943,40.87692851415992],[-73.90693951199566,40.877022708269756],[-73.90719434905334,40.87745752506162],[-73.90802213150214,40.878287977306016],[-73.90835569750261,40.87791831368467],[-73.9090623603834,40.878486782812104],[-73.90949832117538,40.878776731679174],[-73.91033193566491,40.879038046804695],[-73.91148913190445,40.87901885880956],[-73.91205829964093,40.878119319545604],[-73.91250172915477,40.877901244354135],[-73.91484624090235,40.876666709773474],[-73.91571027699659,40.87579545505268],[-73.91574314674745,40.87576089549054],[-73.91578515638106,40.875716945064845],[-73.91726028337294,40.875809003580606],[-73.91733338910987,40.87580205921555],[-73.9174010088779,40.87578690477587],[-73.91747364858442,40.87576225015322],[-73.91768907138149,40.87568068405777],[-73.91775669395919,40.87566362786071],[-73.91778922506707,40.8756769546915],[-73.91783922540307,40.8757378049118],[-73.91791929605574,40.87577777133686],[-73.91799187227187,40.87580442889649],[-73.91808452265238,40.87579499314256],[-73.91824974232539,40.875817915505856],[-73.91825972376212,40.87584453004668],[-73.918279740037,40.87585594582051],[-73.91829727535904,40.875848356389014],[-73.91832983833733,40.87583697633198],[-73.9190832635702,40.87606488182632],[-73.91978381299063,40.876421436106426],[-73.9197755685451,40.87649755387524],[-73.9198770351578,40.87650888691795],[-73.91992137179287,40.87654506189148],[-73.9199433211953,40.8765468304126],[-73.91996893879951,40.87654889530827],[-73.92002897662496,40.87659264712365],[-73.92006899608734,40.87662688315559],[-73.92005645945062,40.87665692050952],[-73.92005393038463,40.87666298123728],[-73.92007143601633,40.87668009827002],[-73.92008028496991,40.876680104398325],[-73.92011149643466,40.87668012600828],[-73.92015400826155,40.87672386629408],[-73.92025638965015,40.87695199027711],[-73.92157710424013,40.87813654262185],[-73.9216063031327,40.87815710207922],[-73.9216328627697,40.878184793689925],[-73.92164515447988,40.87819854258031],[-73.92169203715561,40.87825098420311],[-73.92182211843595,40.8783517960668],[-73.92206723651886,40.878572414802974],[-73.92213443996664,40.87860986428784],[-73.92222979498904,40.87864549699375],[-73.92240799295817,40.87868309074972],[-73.9224079751692,40.87869833379156],[-73.92243464476009,40.87869846312147],[-73.92248829893143,40.87870664479073],[-73.92248992860358,40.87874475544599],[-73.92253523106848,40.8787665758689],[-73.92258529781746,40.87877611168337],[-73.92267879929852,40.87886681383413],[-73.92273788287528,40.87890544542793],[-73.92279794451153,40.878932091567656],[-73.9228730387099,40.87895114655047],[-73.92295065367482,40.87895499881201],[-73.92304082223714,40.8789303539074],[-73.92309319848665,40.878905555934715],[-73.92312345789988,40.87892280780937],[-73.92316350671507,40.8789342360708],[-73.92318603906143,40.87893615245195],[-73.92324363509948,40.878930488971214],[-73.92325917223425,40.87892107129654],[-73.92326869161509,40.878915301110105],[-73.92330375396061,40.87890772274115],[-73.92359172553192,40.878952158830145],[-73.92362973950414,40.8789639432433],[-73.92374935501215,40.87898403659951],[-73.92379441301925,40.878993569584615],[-73.92382697877537,40.878980286602484],[-73.92390209942485,40.87897653574045],[-73.92394215253245,40.87898416381819],[-73.92396967812256,40.87899938547224],[-73.92398718755096,40.8790146008582],[-73.92403725620422,40.87902223549898],[-73.92405728829665,40.87902034880804],[-73.9240648163385,40.879007050788466],[-73.92417999621696,40.8790052256351],[-73.92431268603524,40.87901861503359],[-73.92449042845345,40.87904723895717],[-73.92451795851093,40.87905865905937],[-73.92453549396535,40.87905106885198],[-73.9245380322453,40.87902066414742],[-73.92458061746717,40.87900358708501],[-73.92461565451498,40.87901881332573],[-73.9246557202094,40.879015039237984],[-73.9246808188285,40.87896184372888],[-73.924723421852,40.87892956277282],[-73.92477853460609,40.878904893640325],[-73.92490327473082,40.878888367853186],[-73.92590129047669,40.8792854391771],[-73.93380972484763,40.88226429108047],[-73.92952768812874,40.889668433495665],[-73.92746271777285,40.89458275759746],[-73.92196328076199,40.90711900928699],[-73.919133983843,40.91481577756366],[-73.91827364070774,40.917661808859364],[-73.91072798646728,40.91577391078953],[-73.91033256848978,40.91553277650267],[-73.91011276558856,40.91539873414408],[-73.90851155017607,40.915002264026384],[-73.90245664004941,40.91295893342599],[-73.90060386058602,40.912607265396716],[-73.89995351384715,40.91238343476552],[-73.89810489688742,40.911790600010235],[-73.89725326354973,40.91165551993864],[-73.89663333863236,40.91141737534888],[-73.8924690662955,40.910167664210185],[-73.88610703990884,40.908329270751096],[-73.8860557544588,40.90831445310436],[-73.88599855053889,40.90829712497289],[-73.88561522975658,40.908181024314175],[-73.88480028066999,40.9079307360831],[-73.88469597252761,40.90789870029536],[-73.88405407276738,40.90770269738797],[-73.8830325744206,40.90733363115722],[-73.88148094427791,40.90689185670172],[-73.8783616012599,40.906003636006176],[-73.87816777621389,40.90595550798374],[-73.8781119783936,40.90594376008388],[-73.8780718941037,40.90593244370393],[-73.87803672198648,40.90592860682368],[-73.87786550442706,40.90586921035805],[-73.87736817117876,40.90571165737307],[-73.87646714998199,40.905444117717174],[-73.87563292053456,40.90520821281673],[-73.87483045288496,40.904943783368246],[-73.87416054884363,40.904781283240055],[-73.87294860419097,40.904441022669005],[-73.87095251952437,40.90385025271484],[-73.86789798628736,40.90294017690532],[-73.86652124512912,40.9025159296287],[-73.8656579432583,40.90224320754045],[-73.86477258283533,40.90201244187383]]]]},"properties":{":id":"row-d4cb_nn7t~p7qz",":version":"rv-4ux6.8rwj-ai3s",":created_at":"2025-11-24T21:48:59.646Z",":updated_at":"2025-11-24T21:48:59.646Z","coun_dist":"11","shape_leng":"98760.3433639","shape_area":"251442611.627"}},
{"type":"Feature","geometry":{"type":"MultiPolygon","coordinates":[[[[-73.72966103193097,40.72048138422524],[-73.72924189859789,40.71934545960109],[-73.72917629515445,40.71916721456175],[-73.72883757452362,40.71793301901332],[-73.72856951532239,40.71695629277019],[-73.72855295495381,40.71689594610751],[-73.72852236530296,40.71678448063797],[-73.72850152454309,40.716705545723094],[-73.72736801315796,40.71241113212545],[-73.72735961842861,40.71238894061225],[-73.72718876295177,40.71169261768806],[-73.72698520211982,40.71077631165383],[-73.7269714678306,40.71071450403347],[-73.72696515590492,40.71066071011878],[-73.72690004188536,40.70999683150242],[-73.72689487481324,40.709978573619395],[-73.72704696552712,40.70949875331311],[-73.72696135626659,40.70754908709476],[-73.72689497659941,40.70580017260269],[-73.72683525361235,40.704405699647246],[-73.72677759533916,40.70305929139891],[-73.72672841221141,40.702145735755494],[-73.72678961163331,40.701945451864866],[-73.72671302593098,40.701446632111406],[-73.7266540915036,40.70111265839013],[-73.72654435058581,40.69898264016609],[-73.72652452220285,40.69825809237466],[-73.72651147456243,40.69778119213044],[-73.7265026929605,40.69688607457393],[-73.72626254348815,40.690773253169965],[-73.72625831315968,40.690610862323176],[-73.72625886521544,40.69026892789775],[-73.72620259742762,40.68898434081069],[-73.72617495100407,40.68865003010997],[-73.72616338318788,40.68845361769831],[-73.72599616341513,40.68693205428961],[-73.7259409855958,40.686399105361424],[-73.72593196243002,40.6863119408171],[-73.7259263563945,40.686225207754],[-73.72579787942314,40.68435384982509],[-73.72580147893605,40.684283780270356],[-73.72586264182358,40.68324108094791],[-73.72658306452158,40.68341483045292],[-73.72666460784171,40.68343688915169],[-73.72675245947069,40.683464094000286],[-73.72718272494008,40.683597330018785],[-73.72785251144093,40.68380044217912],[-73.72872058412526,40.68406239115027],[-73.72959149779341,40.68432533835846],[-73.73045845029635,40.68458679458458],[-73.73132732793879,40.6848505435529],[-73.73222005766598,40.68512109568411],[-73.73308454640318,40.68538253502918],[-73.73350033567306,40.685500584607816],[-73.73355835255214,40.68551705330358],[-73.73361575193054,40.68553440408485],[-73.7339602542469,40.68563856252591],[-73.73451246130902,40.68580834287467],[-73.73483039826961,40.68590609746653],[-73.73569987820312,40.68617269717553],[-73.73657845642963,40.68643801495155],[-73.73732190884782,40.68666432060212],[-73.73744163771524,40.68670076788967],[-73.73831418946602,40.6869648065077],[-73.73918555747947,40.687227718053826],[-73.74006081042496,40.687491236195136],[-73.74094497340238,40.68776489764312],[-73.74104311615618,40.68779496804775],[-73.74114627120007,40.68782655002608],[-73.74180878307324,40.688052114088045],[-73.74443429750673,40.688841245107405],[-73.74530282884932,40.68910370765855],[-73.74617365236008,40.68936883473],[-73.74722434623159,40.689716702907866],[-73.74746788938735,40.68932218056846],[-73.74850341132054,40.68778183545983],[-73.74876680830833,40.68742045693382],[-73.74935259566362,40.686639419351835],[-73.75001704350878,40.68589131900863],[-73.75019667221706,40.68559282751707],[-73.75096994322234,40.684201691060444],[-73.75103020622572,40.68422286736819],[-73.75125793472985,40.6837341259315],[-73.75154215522466,40.68304604216523],[-73.75180409215471,40.6824033239933],[-73.75225828685599,40.681491410971496],[-73.75247059935134,40.68118051487181],[-73.75268290987269,40.680869616860804],[-73.7532105791824,40.68015428817302],[-73.75323817195327,40.680116886008115],[-73.75336391115782,40.68012947529643],[-73.75342641485632,40.680135731746084],[-73.75409840302109,40.680202988684634],[-73.75431962011815,40.680231725442475],[-73.75454409022763,40.680248517244124],[-73.75477014554386,40.68025309280605],[-73.75499604777437,40.680245377553355],[-73.75522007930407,40.68022547873699],[-73.75544057665948,40.68019368282386],[-73.75556724784974,40.68016576183812],[-73.75569234390181,40.68013399054678],[-73.75581566297004,40.680098420214165],[-73.7559370059044,40.680059108150374],[-73.75605617708491,40.6800161178762],[-73.75617298422893,40.679969518758014],[-73.75740220407602,40.67948189802571],[-73.75804707366146,40.67922121361618],[-73.7580162880098,40.67918751471761],[-73.75729013638315,40.67812418801308],[-73.75635352681468,40.67675262240895],[-73.7557616922747,40.67588590942051],[-73.75648885835807,40.67602276208851],[-73.7566297646335,40.67611691264466],[-73.75672742391701,40.67620876490951],[-73.75680933196342,40.67630971493242],[-73.75687349701155,40.67641731831961],[-73.7569188171903,40.676528870874975],[-73.75719953815134,40.673427925951316],[-73.75823398641737,40.67349223095503],[-73.75829345295764,40.67349720702246],[-73.75836866816226,40.67347200975444],[-73.75843154532237,40.673442129858884],[-73.75848962682961,40.67340707172287],[-73.75854218050766,40.67336727729456],[-73.75858854386827,40.67332324822778],[-73.75862813233542,40.673275539508964],[-73.75866044698778,40.673224752617465],[-73.75868508048207,40.67317152777562],[-73.75870172230645,40.6731165359372],[-73.75861795620926,40.6730408330409],[-73.75849761517999,40.672648444992994],[-73.75864198749949,40.672623785213325],[-73.7594957700599,40.672458559536395],[-73.76009928813647,40.672345435008815],[-73.76309864217286,40.67397854439898],[-73.76371825170615,40.67431589223611],[-73.76380287417147,40.67378437091876],[-73.76561573131907,40.67477901995349],[-73.76837330731247,40.6765502413365],[-73.76932704626253,40.67714828377278],[-73.77030295243176,40.677750501267575],[-73.77109848813416,40.67824364714439],[-73.77177730917956,40.67866778332769],[-73.77346815406868,40.679719499841994],[-73.77469730182183,40.68048604640884],[-73.77408130202903,40.68076015493908],[-73.77356539523514,40.68096392630873],[-73.77299539387249,40.681208824552144],[-73.77232211204058,40.68149096826254],[-73.77220275347808,40.68161033878227],[-73.77092190221815,40.68254370506048],[-73.77014324733288,40.68311109705419],[-73.76977435079829,40.683725268693856],[-73.76974091392667,40.68378627535407],[-73.77240015794908,40.68527961546734],[-73.77314858815971,40.68580608573755],[-73.77380983618288,40.68627231489724],[-73.77447879053528,40.68673245947093],[-73.77481689441301,40.68698283508086],[-73.77486249131665,40.68701659392201],[-73.77491591802605,40.68705438538322],[-73.77570479888122,40.68761238206087],[-73.77661911985217,40.68836372355063],[-73.7772578410505,40.689071920669896],[-73.77789337371739,40.689917690032594],[-73.77796055159259,40.68989481020073],[-73.77891249600707,40.68957064724992],[-73.77977295070056,40.689281169987964],[-73.78078155498301,40.69102994294878],[-73.78168742971128,40.692314665809576],[-73.78283619877548,40.69389682190779],[-73.78365583917798,40.69355261168359],[-73.78449430138214,40.693199354878494],[-73.78529860871099,40.69285725764645],[-73.78571225485521,40.69269958741581],[-73.78615660182231,40.692559966418834],[-73.7874901628018,40.69142328274323],[-73.78778287351626,40.691818555336596],[-73.78817249206939,40.69235600774565],[-73.78893104055689,40.69339783871645],[-73.79008737911191,40.69498106002495],[-73.79124748387868,40.6965651050561],[-73.79240296148211,40.69815203858013],[-73.79357708734877,40.69975647169586],[-73.79460222400542,40.701185522677974],[-73.79463941926866,40.70123736917216],[-73.7946668354178,40.701275743391086],[-73.79562304006177,40.70094680325661],[-73.79679644328932,40.70055079974071],[-73.79677023174277,40.70051303041615],[-73.797554977021,40.70019621615442],[-73.79760073219074,40.70017677361786],[-73.79868662019257,40.69971538273352],[-73.79932139868303,40.699304135251516],[-73.79947560179372,40.69920333036574],[-73.7995411742813,40.699160463181336],[-73.80028181881481,40.698720048564915],[-73.80105320332343,40.69841908161863],[-73.80236721406335,40.69787439982322],[-73.8035729247968,40.696934453691966],[-73.80422610349498,40.69638233526713],[-73.80448983764279,40.69616930768037],[-73.80469565099231,40.69600625022793],[-73.80535562060722,40.69546026940356],[-73.80624271157565,40.69474072329501],[-73.80686591692262,40.6942281355362],[-73.80712883525305,40.694013543667744],[-73.80752656968907,40.6936872859459],[-73.80768318020894,40.69356745463172],[-73.80801271094951,40.69329619401528],[-73.80890216900885,40.692564348452684],[-73.80899570210883,40.692504269927696],[-73.80909299716807,40.69244775883007],[-73.80919381956255,40.69239495142927],[-73.80929792616439,40.69234597506338],[-73.80940506583293,40.692300947501764],[-73.8095149803265,40.69225997764854],[-73.80962740459768,40.69222316429651],[-73.8097420675485,40.692190596215546],[-73.81026958007322,40.6920452490003],[-73.8105421669787,40.691972458771446],[-73.81066173909159,40.69218958931776],[-73.81076437817404,40.69237596042428],[-73.8109168588552,40.69265282841739],[-73.81130791021748,40.69334912801293],[-73.81152856547098,40.693748590312744],[-73.81163489068477,40.69394107218398],[-73.81167143375495,40.69402197535636],[-73.81193126405408,40.69447656563702],[-73.81200251896978,40.69459600000535],[-73.81215289823749,40.694858944629345],[-73.8122588189646,40.695044151511986],[-73.81236070952905,40.695222307515266],[-73.81292888250272,40.69612613413746],[-73.81307328905119,40.69635583515034],[-73.81309515445079,40.696390614566226],[-73.81333690595164,40.696776031121985],[-73.81356319484576,40.697136784473734],[-73.813604593572,40.69720033664524],[-73.81364308104564,40.69726842475758],[-73.8138704643905,40.697671034864975],[-73.81399654662762,40.69789427732655],[-73.81407368581337,40.69804004180434],[-73.8142321000253,40.69833387524739],[-73.8140698932614,40.69833080271172],[-73.81418145648067,40.69858543208968],[-73.81318711083777,40.69886446794117],[-73.81232544104296,40.69910991509848],[-73.81147398326311,40.69935270666774],[-73.81105786214704,40.69947086691645],[-73.81060059288878,40.69960070616742],[-73.8097319822109,40.69985035491321],[-73.80950469597941,40.69990475764961],[-73.80950462527126,40.69990477495546],[-73.80928291730415,40.699973756700366],[-73.809069286318,40.70005669206217],[-73.80906914418803,40.70005674510018],[-73.80906901413489,40.700056808544936],[-73.80886567472047,40.70015283412244],[-73.80886559096813,40.70015287117448],[-73.80886552018318,40.70015291511672],[-73.80867426175449,40.70026099225205],[-73.80887760745372,40.701054665877656],[-73.80904927106081,40.70183561454373],[-73.80887409019682,40.701815071207214],[-73.80969346300856,40.703578455466904],[-73.81017165601897,40.70460320127025],[-73.81058877703514,40.70549607182889],[-73.80968985396044,40.70574625548343],[-73.80900071050496,40.70594887389981],[-73.80849333056058,40.70608674650734],[-73.80658872717079,40.70663391001034],[-73.80449987465826,40.70722779156377],[-73.80278721401616,40.707715803057575],[-73.80222783330146,40.70674931259901],[-73.80165725608047,40.70576147539881],[-73.79996986333838,40.70638027950471],[-73.79914373567588,40.706685051455025],[-73.79825829412246,40.70701628742607],[-73.79714697110649,40.70741961947004],[-73.796316609496,40.70772309448444],[-73.79542560329007,40.708049895530294],[-73.79394796482318,40.70862334627994],[-73.7943385821491,40.709325976543084],[-73.79437972295437,40.709396649979396],[-73.79473052352927,40.71001246196604],[-73.79390405766105,40.71035998555535],[-73.79303800052352,40.71071107542546],[-73.79202854650822,40.71106937119604],[-73.79101410711641,40.711432585598935],[-73.79021544241489,40.71171704517943],[-73.78941412124799,40.711997532001654],[-73.78928913913843,40.712033123188206],[-73.78916019558689,40.712060069100254],[-73.78902886204841,40.71207805312953],[-73.78892743295683,40.712080697094315],[-73.78882606513685,40.712076930777194],[-73.78872545707367,40.71206678013034],[-73.78862630264211,40.71205031485219],[-73.7885292844773,40.71202764868251],[-73.78843507108904,40.711998937804445],[-73.78784678480142,40.71181083266503],[-73.78742040690555,40.71184767846015],[-73.78699598708205,40.71190160924423],[-73.78657528693576,40.711972493277955],[-73.78616005924945,40.71206007134261],[-73.78575198481906,40.7121639526009],[-73.78535272199113,40.71228361652997],[-73.78502885374418,40.71157072385731],[-73.78472085527518,40.710922283079555],[-73.78445645929503,40.71037246593437],[-73.78440973366062,40.71027529422429],[-73.78332040935733,40.70797847877643],[-73.78330487265963,40.70794570659907],[-73.78295154518436,40.70798178189822],[-73.7827910581931,40.70799630151674],[-73.78235508744369,40.70807855965503],[-73.78214271819706,40.7081193821074],[-73.78187799759544,40.708170266198685],[-73.78143753124596,40.70825510550505],[-73.78054696663409,40.70842688796814],[-73.78011633995119,40.708511131515536],[-73.77968084169542,40.70859660818912],[-73.77904842723436,40.7087100324867],[-73.77865631225048,40.70878235437398],[-73.77816455790523,40.708854152420805],[-73.77732013444654,40.70892518325809],[-73.77706505762434,40.708932110343575],[-73.77680639650306,40.70895277086247],[-73.77655023939641,40.70898874466743],[-73.7762989316227,40.70903970295311],[-73.77604320556283,40.709109374140674],[-73.77489153195769,40.70941945262802],[-73.77402829355408,40.709672093646],[-73.77314372398743,40.70992119237179],[-73.77229773873896,40.71015623068643],[-73.77211588105612,40.710206020538145],[-73.77172444678736,40.710316818855425],[-73.77158686805174,40.710350233738914],[-73.77158671425867,40.71035027012229],[-73.77158658355476,40.710350314425284],[-73.77144162602349,40.7103959076542],[-73.77144142392405,40.71039597091343],[-73.7714412345671,40.710396041904225],[-73.77130105400944,40.710449651086606],[-73.7713009594409,40.710449686582095],[-73.77130086462172,40.71044973095606],[-73.77118657761986,40.71049951015974],[-73.77102494374691,40.710576516150994],[-73.77102481364221,40.71057657804493],[-73.77102469520285,40.71057664079971],[-73.77089074778884,40.71065160355459],[-73.77076584701794,40.71073519341116],[-73.77076577553619,40.71073523732857],[-73.77076570401755,40.710735291967666],[-73.7706583896328,40.71081884368437],[-73.77006800911892,40.71135386814099],[-73.7696255240157,40.71178632034119],[-73.76943987028888,40.711976892554915],[-73.76931008597437,40.7120959867201],[-73.76916890390841,40.71220814217914],[-73.7690173107194,40.712312441478865],[-73.76885648072613,40.71240806806168],[-73.76868332028452,40.71249659210715],[-73.76801158302099,40.71285816502995],[-73.76782534938553,40.71294485264352],[-73.76763062110884,40.71302048894284],[-73.76742911673911,40.71308441495302],[-73.76702858506016,40.71318693087981],[-73.7667963360985,40.713229873725645],[-73.76679616931006,40.713229909071124],[-73.76679600390413,40.71322992682904],[-73.76654951024125,40.71326141360137],[-73.76630054472535,40.71327891029869],[-73.76630047314286,40.71327891852975],[-73.76630041413907,40.71327891840998],[-73.76605109527941,40.71328232042818],[-73.76482833092223,40.71327695591683],[-73.76401781348783,40.713318062906495],[-73.76324778792525,40.713360445462285],[-73.76296862710642,40.71337581042181],[-73.7611849866021,40.71343603286251],[-73.76069363468606,40.71343697610488],[-73.75945604630961,40.713468849869884],[-73.75925219658407,40.71347180076686],[-73.75882435233152,40.713482332961206],[-73.75825118359181,40.71349643942547],[-73.75714244105271,40.71349807734463],[-73.75621111985546,40.71349708119797],[-73.75606448337702,40.713495248754164],[-73.7558128295956,40.71350585515051],[-73.75556217775029,40.713530257849335],[-73.75531448103415,40.71356832748942],[-73.75505403944142,40.713625523245454],[-73.75411707990212,40.713859631529864],[-73.75404784021252,40.71387753941218],[-73.75398801420577,40.71389096406074],[-73.75312017508345,40.714089452658534],[-73.75223647716471,40.71435372787954],[-73.7513321753516,40.714631577006784],[-73.7504352102831,40.7148827077565],[-73.74935642033955,40.71514244979293],[-73.74844373544744,40.71534671238003],[-73.74706204864844,40.71564732908334],[-73.74654181384687,40.71576011824916],[-73.74564189604988,40.71595755212832],[-73.74558768677608,40.7159711113084],[-73.74479651744147,40.71615561319672],[-73.74475624516327,40.716164214410334],[-73.74471720189885,40.71617333063454],[-73.74389565382381,40.71636512549442],[-73.74291939354742,40.716593373093495],[-73.74169755575846,40.71687713753885],[-73.740757849968,40.71709665966741],[-73.7398404155321,40.71730920991518],[-73.73888910179197,40.71753079689817],[-73.73791101298087,40.71772189709096],[-73.73737181877924,40.71783250341317],[-73.73695804337774,40.71793122747732],[-73.73642646375411,40.71805791166577],[-73.73613267108078,40.71817189206493],[-73.73533943827672,40.71847011675076],[-73.73525801136124,40.71850275372196],[-73.73519687084986,40.7185271984573],[-73.73438312292743,40.71893141517843],[-73.73314837185043,40.719585728564596],[-73.73233722242958,40.72030510196293],[-73.73227959498536,40.72027532346724],[-73.73222265826615,40.72024462749267],[-73.7321632572315,40.72005531851633],[-73.73053746450033,40.72028233551387],[-73.72966103193097,40.72048138422524]]]]},"properties":{":id":"row-b5nt~zyxe_89kt",":version":"rv-35i6_4j8t~f3sb",":created_at":"2025-11-24T21:48:59.646Z",":updated_at":"2025-11-24T21:48:59.646Z","coun_dist":"27","shape_leng":"86551.9719014","shape_area":"210812077.861"}},
{"type":"Feature","geometry":{"type":"MultiPolygon","coordinates":[[[[-73.78778287351626,40.691818555336596],[-73.78749016280021,40.69142328324582],[-73.78615660182231,40.692559966418834],[-73.78571225485521,40.69269958741581],[-73.78529860782898,40.69285725814738],[-73.78449430138214,40.693199354878494],[-73.78365583917798,40.69355261168359],[-73.78283619877548,40.69389682190779],[-73.78168742971128,40.692314665809576],[-73.78078155498301,40.69102994294878],[-73.77977295070056,40.689281169987964],[-73.77891249600707,40.68957064724992],[-73.77796055159259,40.68989481020073],[-73.77789337371739,40.689917690032594],[-73.7772578410505,40.689071920669896],[-73.77661911985217,40.68836372355063],[-73.77570479888122,40.68761238206087],[-73.77491591802605,40.68705438538322],[-73.77486249131665,40.68701659392201],[-73.77481689441301,40.68698283508086],[-73.77447879053528,40.68673245947093],[-73.77380983618288,40.68627231489724],[-73.77314858815971,40.68580608573755],[-73.77240015794908,40.68527961546734],[-73.76974091392667,40.68378627535407],[-73.76977435079829,40.683725268693856],[-73.77014324733288,40.68311109705419],[-73.77092190221815,40.68254370506048],[-73.77220275347808,40.68161033878227],[-73.77232211204058,40.68149096826254],[-73.77299539387249,40.681208824552144],[-73.77356539523514,40.68096392630873],[-73.77408130202903,40.68076015493908],[-73.77469730182183,40.68048604640884],[-73.77346815406868,40.679719499841994],[-73.77177730917956,40.67866778332769],[-73.77109848813416,40.67824364714439],[-73.77030295243176,40.677750501267575],[-73.76932704626253,40.67714828377278],[-73.76837330731247,40.6765502413365],[-73.76561573131907,40.67477901995349],[-73.76380287417147,40.67378437091876],[-73.76383169291798,40.673633892913934],[-73.76404718764478,40.672845669793986],[-73.76435325021397,40.67185336868699],[-73.76454651572773,40.6715124575267],[-73.76465994992546,40.67131788051658],[-73.76508484498801,40.670587761972136],[-73.76525729477324,40.67027850798297],[-73.76560462760153,40.66966619668472],[-73.76589858799778,40.66914609663547],[-73.76624893559489,40.668510367645155],[-73.76655910598106,40.66785985054886],[-73.76675402184335,40.667432995113735],[-73.76685751331182,40.66723399373092],[-73.7669687307558,40.6670201362282],[-73.7669902348522,40.66697161460964],[-73.76702249561129,40.666907761453196],[-73.76828517427766,40.6670503655299],[-73.76998560103466,40.66724238492268],[-73.77017064799108,40.66726327918056],[-73.77105218417401,40.667336708824145],[-73.77153158998382,40.66735447541082],[-73.77169646095632,40.667360584969906],[-73.77188668067161,40.667367633800644],[-73.77228460074564,40.66738237107202],[-73.77300709940269,40.66740358389183],[-73.77341434948501,40.66740481929875],[-73.77342924182884,40.66740486404264],[-73.77371141485915,40.667405719141875],[-73.77444735930557,40.667402769475736],[-73.77473877271369,40.66740322352844],[-73.7751334522639,40.66739782275451],[-73.77520121008479,40.66739689556157],[-73.77526816481863,40.66739597898948],[-73.77536409973787,40.66739466714657],[-73.77614463296369,40.66736261658935],[-73.77684871424438,40.66732191190245],[-73.77695643836957,40.66731568369827],[-73.77766158064615,40.667274912936946],[-73.7783886089673,40.667215325528005],[-73.77855974062248,40.66720129938542],[-73.77894438418299,40.667169771989236],[-73.77918845244777,40.66714976288065],[-73.77961031196554,40.667120730498425],[-73.7802245599788,40.66707845359403],[-73.78027124171943,40.667075263732436],[-73.78160892098632,40.66698382615789],[-73.78198478828723,40.66695792016054],[-73.78238330731773,40.666930451199995],[-73.78364934675797,40.66681891463034],[-73.78369144831109,40.66681520598364],[-73.78440242464359,40.6667525558307],[-73.78505544088624,40.66669233139579],[-73.78539699814998,40.66666083091863],[-73.78588753865738,40.66661558753265],[-73.7869441429123,40.66651923435423],[-73.78710453766602,40.666504607866656],[-73.78764894818141,40.666454957008725],[-73.78822686946613,40.666411585767975],[-73.7888141906275,40.66636750398611],[-73.78948846058469,40.66631689346279],[-73.7900347375984,40.66627934084096],[-73.7905262446001,40.666255233428664],[-73.79224211898523,40.666171051547046],[-73.79295946354421,40.66613584909882],[-73.79383197266051,40.666102656126604],[-73.79395910392418,40.66610141266291],[-73.79401560397012,40.66610085947842],[-73.79454618129785,40.66609833241415],[-73.79495002001582,40.666102862039544],[-73.7951605900605,40.66610522825293],[-73.79567821916764,40.66610614879008],[-73.79625985189254,40.6661071803705],[-73.7968757848863,40.66611407711888],[-73.79739728423324,40.6661260829455],[-73.79747645493794,40.66612790534217],[-73.79809387666575,40.666147569547924],[-73.79896131564766,40.666171142007535],[-73.79911443925563,40.66617728070116],[-73.79983941146368,40.66620634288554],[-73.80000863923613,40.66621204938014],[-73.80026835151159,40.66622081234329],[-73.80056506507191,40.66623081860758],[-73.80083226944859,40.666237895385635],[-73.80117487158287,40.66624696663871],[-73.80155117214362,40.666257990591696],[-73.80162115475672,40.6662596962809],[-73.8016360368671,40.66621338393203],[-73.80174534333212,40.66587323713419],[-73.80183646415023,40.66588109424128],[-73.80192953316087,40.665885766398084],[-73.80266384488905,40.665937078488106],[-73.80491690214224,40.66612766216814],[-73.80574371882294,40.666152231163395],[-73.80603103456615,40.66527832197235],[-73.80614395972853,40.66491273021004],[-73.80695639747601,40.6647527805236],[-73.80764810718843,40.66461830573068],[-73.80779777659617,40.664589008749914],[-73.80830197222637,40.66449030989308],[-73.80845016114641,40.664461300761225],[-73.80884594201746,40.66429766889295],[-73.80945926931707,40.66404408886309],[-73.80991993418621,40.66385362453628],[-73.81006837021518,40.663792251602224],[-73.8108400803556,40.66347385222208],[-73.81120008913645,40.66332531290179],[-73.81155793075592,40.66317766601923],[-73.81168861253221,40.66313287201342],[-73.81192946601486,40.66305714600299],[-73.81207833370085,40.66301704644886],[-73.8123542217263,40.66295282650551],[-73.81245701317157,40.662928899199166],[-73.81257205960618,40.66290550239583],[-73.81279691643348,40.66287025335091],[-73.81304328171763,40.66284029569858],[-73.81326843415741,40.662812917534126],[-73.81337390077513,40.66280884804316],[-73.81361908895538,40.6627993851841],[-73.81381049492538,40.662792004256694],[-73.81410520385069,40.662795182285244],[-73.81500255201998,40.6628945881226],[-73.81509147469254,40.662904437856945],[-73.81695356099091,40.663115622083986],[-73.81836976318388,40.663276216380275],[-73.81891002049518,40.66334493723046],[-73.82085663599929,40.663592525146846],[-73.82281530719037,40.66384161010308],[-73.82296101252388,40.6638601377449],[-73.82474113949533,40.664133666095175],[-73.82610953174414,40.664343908224254],[-73.82668817343972,40.66443280669437],[-73.82721680047811,40.664514018004176],[-73.82804392692009,40.664643252676484],[-73.82868611554764,40.664743586267605],[-73.82964475394103,40.664893354015426],[-73.83069417337946,40.66505729499012],[-73.83225430936324,40.66530100017867],[-73.8325528659157,40.665370354428134],[-73.83270533904125,40.66540577261348],[-73.83285442695636,40.66575125568531],[-73.83288329378848,40.66581006770773],[-73.83293516794706,40.66590272787697],[-73.83334819269358,40.666773187015444],[-73.835281176604,40.67081364280081],[-73.8354748573921,40.67120187004667],[-73.8360075280982,40.67226955921539],[-73.83641423893975,40.67311558923181],[-73.83680894764291,40.67396111770303],[-73.83713760457331,40.67466513427271],[-73.83749571782113,40.67540682376923],[-73.83784372255326,40.67607812416114],[-73.83811946691175,40.676629889058916],[-73.83794251035174,40.6767942097564],[-73.83952065325147,40.679961869211176],[-73.84012856127181,40.68114665058375],[-73.83952877074832,40.68126341456855],[-73.83865065785375,40.681438237150545],[-73.83779738317239,40.68167058631084],[-73.83778880289168,40.68167389746649],[-73.8377203744884,40.68170030674444],[-73.83713815477485,40.68192500000996],[-73.83711511356688,40.681933891774925],[-73.83697486283667,40.68198801776397],[-73.8361575524662,40.68241529478198],[-73.8353686457874,40.68284321961356],[-73.83505586033556,40.6830148241655],[-73.83458331088012,40.683276240193955],[-73.83429338006306,40.68343191028194],[-73.83378995039673,40.683693225299905],[-73.83352413659652,40.683806152547426],[-73.83295016296272,40.68402929729427],[-73.83272599110134,40.68411632084422],[-73.83211178027193,40.684358313289145],[-73.83190525498841,40.684441283356456],[-73.83112127038672,40.684749975736],[-73.83028044184476,40.6850754087974],[-73.829459977695,40.68540038994966],[-73.82862734791397,40.6856548453772],[-73.82773807232446,40.68574395632328],[-73.82684687643344,40.68583830716341],[-73.82593749776196,40.68593649701369],[-73.82505048052575,40.68602792260213],[-73.82489869522821,40.68604641176928],[-73.8247485169863,40.686071372946685],[-73.8246004216251,40.68610272704756],[-73.8244548786897,40.686140375082125],[-73.82431234903171,40.68618419740091],[-73.824173284249,40.68623405515702],[-73.82329732337345,40.68657454061022],[-73.82317932884527,40.68662046504125],[-73.82245377512477,40.68690329839803],[-73.82218338336452,40.68700853820773],[-73.82161514298996,40.68722655634267],[-73.82118522727735,40.68739544722964],[-73.82079359515694,40.687545899384915],[-73.82016528819099,40.68778902153644],[-73.81933260473745,40.688113443664015],[-73.81856710223921,40.68840921926631],[-73.81847352362432,40.68844525485703],[-73.81789259668722,40.68866894327526],[-73.81762794407729,40.688772614742],[-73.81706535568536,40.68899358259874],[-73.81642462935085,40.68924300333337],[-73.81628171311783,40.689301183004794],[-73.8155478932735,40.68959988967485],[-73.81480506650632,40.69004688302408],[-73.8140923885877,40.690560828878624],[-73.81340516699281,40.69104603063928],[-73.81354014221486,40.691211367835706],[-73.81309863128277,40.69131810196256],[-73.81271762135765,40.691407803319656],[-73.81186315125274,40.69163008016555],[-73.81098810575406,40.69185504473437],[-73.81072587521027,40.69192242230341],[-73.8106329831089,40.69194738257676],[-73.8105421669787,40.691972458771446],[-73.81026958007322,40.6920452490003],[-73.8097420675485,40.692190596215546],[-73.80962740459768,40.69222316429651],[-73.8095149803265,40.69225997764854],[-73.80940506583293,40.692300947501764],[-73.80929792616439,40.69234597506338],[-73.80919381955003,40.692394951554725],[-73.80909299715111,40.69244775908133],[-73.80899570209559,40.69250427030475],[-73.80890216900741,40.69256434895528],[-73.80801271094951,40.69329619401528],[-73.80768318020894,40.69356745463172],[-73.80752656968907,40.6936872859459],[-73.80712883525305,40.694013543667744],[-73.80686591692262,40.6942281355362],[-73.80624271157565,40.69474072329501],[-73.80535562060722,40.69546026940356],[-73.80469565099231,40.69600625022793],[-73.80448983764279,40.69616930768037],[-73.80422610349498,40.69638233526713],[-73.8035729247968,40.696934453691966],[-73.80236721406335,40.69787439982322],[-73.80105320332343,40.69841908161863],[-73.80028181881481,40.698720048564915],[-73.7995411742813,40.699160463181336],[-73.79947560179372,40.69920333036574],[-73.79932139868303,40.699304135251516],[-73.79868662019257,40.69971538273352],[-73.79760073219074,40.70017677361786],[-73.797554977021,40.70019621615442],[-73.79677023174277,40.70051303041615],[-73.79679644328932,40.70055079974071],[-73.79562304006177,40.70094680325661],[-73.7946668354178,40.701275743391086],[-73.79463941926866,40.70123736917216],[-73.79460222400542,40.701185522677974],[-73.79357708734877,40.69975647169586],[-73.79240296148211,40.69815203858013],[-73.79124748387868,40.6965651050561],[-73.79008737911191,40.69498106002495],[-73.78893104055689,40.69339783871645],[-73.7881724920678,40.692356008248225],[-73.78778287351626,40.691818555336596]]]]},"properties":{":id":"row-9tvc~kb7z~ayfa",":version":"rv-bj89_yg2k~fg4z",":created_at":"2025-11-24T21:48:59.646Z",":updated_at":"2025-11-24T21:48:59.646Z","coun_dist":"28","shape_leng":"59851.260234","shape_area":"175135463.174"}},
{"type":"Feature","geometry":{"type":"MultiPolygon","coordinates":[[[[-73.88694556518027,40.87005130687835],[-73.88625053819985,40.869475346518705],[-73.88551639022428,40.87018498083836],[-73.88539143957502,40.87009719403565],[-73.88527746909767,40.8699994507295],[-73.8851764298833,40.86989301132609],[-73.88508995935838,40.86977941736097],[-73.88501925185481,40.86966042854554],[-73.8849649916959,40.86953792570146],[-73.8848867529775,40.86928333415137],[-73.88470894129897,40.868704717712305],[-73.88462145818924,40.868519660714014],[-73.88451320703255,40.86834025669756],[-73.88438526452111,40.86816848563348],[-73.88423910900886,40.86800616103696],[-73.88362518063465,40.86725758750381],[-73.88321216269323,40.86674815264805],[-73.88309382372141,40.86660218502373],[-73.88133855509186,40.86759008775685],[-73.87989454424574,40.86837173833068],[-73.87978528848599,40.86818320433643],[-73.87971645616184,40.868064005613505],[-73.87964653140283,40.86801863580507],[-73.87956074512029,40.86798328352886],[-73.87952776971703,40.86797617276403],[-73.87952653441087,40.86797590628529],[-73.87946327791666,40.867962265495684],[-73.8793607883262,40.867958316918546],[-73.87926101775712,40.86797171877969],[-73.87917094767992,40.86800028568733],[-73.87909532078315,40.86804003910235],[-73.878582454438,40.86855815585073],[-73.87847899617262,40.86866066670918],[-73.87835541656956,40.868757348574356],[-73.87831861919838,40.86877989975819],[-73.87831067908044,40.86878476597078],[-73.87821228117711,40.86884506745514],[-73.8780512550279,40.86892068180389],[-73.87787510729432,40.8689812785708],[-73.87768765266665,40.86902449278718],[-73.87749350617646,40.86904874385972],[-73.8772976977736,40.86905340755178],[-73.87710526066954,40.86903884905484],[-73.87692080323758,40.86900639690045],[-73.87674818964025,40.868958117797604],[-73.87666667225957,40.86892635192318],[-73.87647471732697,40.868824874390796],[-73.87646671672671,40.86882064558527],[-73.87603874513165,40.86850614923845],[-73.87594875445167,40.868413185280104],[-73.8758587755001,40.868320220424756],[-73.87561569529042,40.86804811996681],[-73.87568412609886,40.868023555588664],[-73.87525758795877,40.86731629155762],[-73.87513389070138,40.86716526300613],[-73.87507226459638,40.867109960918064],[-73.8750025008394,40.867068146815946],[-73.87492679485891,40.867031973099564],[-73.87487531668016,40.867017617851786],[-73.87482622714762,40.86700393660488],[-73.8744334441222,40.86689446804554],[-73.87437707418773,40.866878758522965],[-73.87432136242587,40.86686322994453],[-73.87376916136395,40.86672335716752],[-73.8736619527586,40.86669244322187],[-73.87342720524882,40.866624740478876],[-73.87309207574542,40.866511901202465],[-73.87276528775602,40.86638528299322],[-73.87244831287987,40.866245455786085],[-73.87214248832616,40.866093087214615],[-73.87206011391851,40.86604705302008],[-73.8719899750106,40.86600474297865],[-73.87185092124216,40.865930342870946],[-73.87177180599627,40.86587954940508],[-73.8713472458751,40.86560697447469],[-73.87125642409012,40.865538149141834],[-73.87115380672451,40.865478292487765],[-73.8710978298734,40.86545365833929],[-73.87101159428931,40.86542179086598],[-73.87083125706444,40.86537585815116],[-73.87073523448244,40.86536087640411],[-73.87071476617935,40.865359301202375],[-73.87063460673778,40.86535773682047],[-73.8705841760185,40.8653606494498],[-73.87042127567348,40.86536107993024],[-73.87039445525973,40.86536175407527],[-73.86912606288215,40.86539361830764],[-73.86836897947354,40.86540798414172],[-73.86736051017337,40.86542917989668],[-73.86742213724987,40.863212701651925],[-73.86748632610083,40.86134554521677],[-73.8675087354107,40.860504188450896],[-73.86751299984675,40.86034407739667],[-73.86752375058036,40.85994045699901],[-73.86753716915389,40.85943663503553],[-73.86759417338031,40.85898823689943],[-73.86763464352296,40.85890975189679],[-73.86779245977512,40.858563378403154],[-73.86782066410443,40.85850315021204],[-73.86818830558833,40.85806383380832],[-73.86841539629842,40.857780357640394],[-73.86876752987342,40.85734078042214],[-73.86887859031337,40.85720213833696],[-73.86907624640511,40.85694556061955],[-73.86927391244505,40.85668898256492],[-73.86939125677407,40.85655189467436],[-73.86988842220762,40.85597106714962],[-73.86990379512369,40.855873021615196],[-73.86990421568663,40.855773292693755],[-73.86988939546755,40.85567386169505],[-73.86985960354824,40.85557672814171],[-73.86981576187141,40.855483774351114],[-73.86937675396126,40.85426572311233],[-73.86916668734335,40.853686045524995],[-73.86872263230573,40.852423852418],[-73.86870166624946,40.85234248989837],[-73.86867184650295,40.85226273643998],[-73.86863338040932,40.85218514650196],[-73.868586535351,40.8521102594482],[-73.86853163709083,40.85203859595858],[-73.86846906731192,40.85197065424438],[-73.86854755514406,40.851785611555805],[-73.86825077740579,40.85095958673199],[-73.86832194783305,40.850763719645826],[-73.86920944569967,40.84923837236992],[-73.86952362951695,40.848686977587846],[-73.86956259080495,40.84801871323931],[-73.86889243274706,40.84811232162318],[-73.86942321371609,40.847512345182864],[-73.86946246858413,40.84737948434434],[-73.86987431101387,40.846617457417956],[-73.86990602685613,40.846596240025995],[-73.86994179207072,40.84657913441822],[-73.86998069146732,40.84656657830604],[-73.87002172965765,40.84655889298465],[-73.87006385633416,40.84655627491856],[-73.87010599375841,40.846558791268265],[-73.87014706368728,40.84656637764351],[-73.87018601519271,40.846578839918564],[-73.87035538730511,40.84662381568934],[-73.87034423023304,40.84660461025604],[-73.87033758681221,40.84658423427913],[-73.87033565482609,40.846563294391515],[-73.87033849178927,40.84654241401432],[-73.87034601323549,40.84652221479634],[-73.870357995233,40.846503298106356],[-73.87037408105182,40.84648622712947],[-73.87039379178465,40.8464715101],[-73.870416540605,40.84645958517066],[-73.8704401507419,40.84641910797068],[-73.87046617989449,40.84636283523438],[-73.87049946141427,40.846308811419924],[-73.87053966419818,40.84625757395839],[-73.8705863882928,40.84620963256091],[-73.87063916887362,40.84616546414826],[-73.87069748086941,40.84612550810667],[-73.87076074418566,40.84609016191709],[-73.87082832947557,40.84605977720129],[-73.87087535494808,40.84603617129043],[-73.87091799117498,40.84600816799394],[-73.87095552975819,40.84597623258862],[-73.87098734699997,40.845940895682766],[-73.87101291426548,40.84590274439997],[-73.87103180676567,40.845862412623724],[-73.87104371061461,40.845820570465214],[-73.87109671700888,40.84550517863222],[-73.87107625836907,40.84545052718555],[-73.87106295339717,40.84539461593576],[-73.87105693024907,40.84533798350622],[-73.87105824693025,40.84528117546652],[-73.87110287043286,40.84492002884933],[-73.87111740663158,40.84487084806927],[-73.87113951181674,40.84482332112],[-73.8711688747163,40.84477811721372],[-73.87120508186702,40.84473587285121],[-73.87124762343686,40.84469718285983],[-73.87126789737586,40.84467166850402],[-73.87129309104772,40.844648821566174],[-73.87132260658757,40.84462918421718],[-73.87135574357207,40.84461322246204],[-73.8713917156408,40.844601315081675],[-73.87142966915684,40.84459374464437],[-73.8714687034637,40.84459069080036],[-73.87161359380424,40.844590802234706],[-73.87179038486171,40.84380281383324],[-73.87184473176184,40.843555770580075],[-73.87186779445943,40.84345093249293],[-73.87189112481435,40.843269041111405],[-73.87206898743713,40.842555209739714],[-73.87216751535158,40.84213004528772],[-73.87227028824549,40.84168655512922],[-73.8722992108916,40.84157999573902],[-73.87231850060358,40.84147651515207],[-73.87235013730982,40.8413336863133],[-73.87248765140485,40.840737296930435],[-73.87249576631737,40.84070381318481],[-73.87263499501034,40.840129336917286],[-73.87272718425591,40.83974894480004],[-73.87284652492814,40.8392806249193],[-73.87293057485203,40.838950791050294],[-73.87301930629245,40.838599633107286],[-73.87308025779367,40.83835349576886],[-73.87310177181655,40.838269701844155],[-73.87312217222102,40.83818537547078],[-73.87314714674842,40.83826389897314],[-73.87322928228818,40.83815590248457],[-73.87347510472415,40.837746339096945],[-73.87353583048832,40.83766894495653],[-73.87366411835934,40.8375424844968],[-73.87378218923371,40.837446086114326],[-73.87398931931804,40.83731034728651],[-73.87405202982548,40.83728939504134],[-73.8741714607452,40.83724949972988],[-73.87427191644571,40.83723979639474],[-73.87434411529426,40.83723879320571],[-73.8745108612266,40.83725476388492],[-73.87468357286531,40.83730248911253],[-73.87490851072225,40.837359609192525],[-73.87525799240939,40.83754469745959],[-73.87746908405829,40.83665345285358],[-73.8777826363506,40.836714375345906],[-73.87809499257924,40.83677874527987],[-73.87840608705,40.83684654911798],[-73.87871585409233,40.836917772595974],[-73.8790242287965,40.83699240073664],[-73.87933114630377,40.837070417844906],[-73.87951847433675,40.83713461705343],[-73.88007109702606,40.83732400508074],[-73.88014810957753,40.83735098546204],[-73.8802377849229,40.83738240123864],[-73.88053746267799,40.83749627450832],[-73.88055953521034,40.83745917908402],[-73.88058371936782,40.83742744443059],[-73.8807035130715,40.837470161365964],[-73.88067889590282,40.837505128808694],[-73.88064930064876,40.837545197895174],[-73.8806969522467,40.83756538240217],[-73.88074324629378,40.83758233177074],[-73.88119841860272,40.83780141223003],[-73.88161730408076,40.83800302545693],[-73.8816630378036,40.838028618617386],[-73.8817444379061,40.8380733941423],[-73.88208152782835,40.83827225278607],[-73.88229828586178,40.8383969583748],[-73.88271004726867,40.83862612170614],[-73.88274099855367,40.83864386481097],[-73.88294354654595,40.838759974154186],[-73.88346759772162,40.8390567953141],[-73.8835182040604,40.839022365823766],[-73.88356469816766,40.83898636581132],[-73.88395441464853,40.83920686370775],[-73.88418143241391,40.83933530714525],[-73.88514233061385,40.83986789938848],[-73.88552391127318,40.84008188039199],[-73.88575827495445,40.840213303382704],[-73.8858349638686,40.839896927385574],[-73.88624626528153,40.83914612430859],[-73.88534490596784,40.838792661514844],[-73.88623152647412,40.838293797696004],[-73.88733000972807,40.83764071447626],[-73.88776506305007,40.83736998204761],[-73.88827595852048,40.83705856288251],[-73.88986132789813,40.83612811386138],[-73.89003808491584,40.83604105278412],[-73.89022456849901,40.83596489461018],[-73.89041900077888,40.8359005226328],[-73.8906193872454,40.83584859295478],[-73.8908236762737,40.83580949812219],[-73.89138620082174,40.83575765571405],[-73.8920451682876,40.83571831976303],[-73.89299710309892,40.8356429888099],[-73.8930810626688,40.83563154355889],[-73.89316352405783,40.83561496593196],[-73.8932439443209,40.83559336508032],[-73.8933217939536,40.83556688322919],[-73.89339656037885,40.835535694741296],[-73.8934677514931,40.8355000048885],[-73.89353489838557,40.83546004872995],[-73.89359755895487,40.835416089345166],[-73.89365532064083,40.83536841617126],[-73.89370780314098,40.835317343096946],[-73.8941236217017,40.834917590317346],[-73.89452843113962,40.83451498340137],[-73.8946088587291,40.83444522673478],[-73.89469322373185,40.834378206758196],[-73.89478136488566,40.834314051569926],[-73.89487311371231,40.83425288379236],[-73.89496829505026,40.834194820490914],[-73.89506672674867,40.83413997249747],[-73.89516822066497,40.834088444644365],[-73.8952725828051,40.834040335417846],[-73.89630199965588,40.833543217997345],[-73.89675381656225,40.8333216062643],[-73.89809384678885,40.833665274184966],[-73.89849789736381,40.83376622481989],[-73.89899877638746,40.83389136457587],[-73.89943044034963,40.83400076056419],[-73.89958663486989,40.83404034437811],[-73.89963178337578,40.834051786199794],[-73.899743264362,40.83408003842143],[-73.89978924810222,40.83409169031243],[-73.90010770911474,40.834172394355825],[-73.90018333241008,40.83419155907534],[-73.90120174669771,40.83445194859492],[-73.90185605857141,40.83462212462361],[-73.90134101172009,40.835441324410624],[-73.9012253498755,40.835499911237406],[-73.90056610868113,40.836592508257255],[-73.90038944747326,40.83690623067274],[-73.90035730051521,40.83696331817803],[-73.90030702703451,40.837052594807005],[-73.9002588730477,40.83713810596779],[-73.90022284798665,40.837202079166026],[-73.90019045259679,40.83725960733022],[-73.90014268114362,40.83734444013135],[-73.90004236865698,40.83752257506453],[-73.89996792859336,40.8376547632842],[-73.90019103540858,40.83775520002693],[-73.90035137470343,40.83782738131718],[-73.90044011704389,40.83786732981545],[-73.90054895881785,40.83791632679121],[-73.90063188824887,40.83795365826366],[-73.90074638475075,40.83800520109375],[-73.90117493625989,40.83819811870369],[-73.90174356603792,40.83846054771553],[-73.90264749334656,40.838873497502604],[-73.9037581923725,40.839249160582206],[-73.90381571366785,40.83926861469545],[-73.90400210081353,40.83932874301327],[-73.90424812584502,40.83940543656262],[-73.90454495368368,40.83949796428148],[-73.90538358073569,40.83976898347007],[-73.905424725456,40.839779256395815],[-73.90546738576025,40.839784937463776],[-73.9055106780435,40.83978590900439],[-73.90555370561054,40.83978215089451],[-73.90559557721245,40.839773741032246],[-73.90563542562825,40.83976085355423],[-73.90567242549618,40.83974375539321],[-73.90570581045682,40.83972280069582],[-73.90562470236142,40.83984415043077],[-73.90554926518219,40.839967591946504],[-73.90547959232926,40.840092972443315],[-73.90541577007909,40.840220136720575],[-73.9053578774674,40.84034892736863],[-73.90530598626191,40.840479185003865],[-73.90526016066319,40.84061074834384],[-73.9052204574333,40.8407434545308],[-73.90518692575655,40.84087713929133],[-73.90515960717845,40.841011637139644],[-73.90503176749472,40.84226294501648],[-73.9050151489175,40.842404698319065],[-73.90514894041343,40.84254719523631],[-73.90586721929043,40.84257998724591],[-73.90596061757195,40.84262870462183],[-73.90684546622266,40.84266751149539],[-73.90774413760867,40.842702156153265],[-73.9078775468063,40.84270467110011],[-73.90865715672258,40.84271937080761],[-73.90958727335908,40.84275637451644],[-73.91046008396587,40.842791642974994],[-73.91099659386045,40.84281651683578],[-73.91175110498183,40.842860589240786],[-73.9118353516439,40.84293022392696],[-73.91198635358123,40.843057098087776],[-73.9119464821854,40.843175713658425],[-73.9119181232027,40.84325788668498],[-73.9116944124267,40.8438981308283],[-73.91158073494456,40.844252522392004],[-73.91149384469162,40.84444558427325],[-73.91140572717113,40.84461596243329],[-73.9113071313347,40.844782901077465],[-73.91107727386122,40.845096131428555],[-73.91094062234762,40.84509104753588],[-73.91085064341603,40.84508769975958],[-73.91028358304841,40.845059553370085],[-73.90936312472813,40.84501386122315],[-73.90902749095159,40.84499666103642],[-73.90845470148824,40.84496730501697],[-73.9075489496957,40.84492087664269],[-73.90711424880972,40.844899973436135],[-73.90664871901541,40.84487758669237],[-73.90612283505739,40.84484059886381],[-73.90550671715758,40.8448019059211],[-73.90520079553491,40.844779462207555],[-73.90483494066312,40.84475261849967],[-73.90483122036319,40.844800342093514],[-73.90483250080672,40.844842071459375],[-73.90483483708911,40.844924477788496],[-73.90482947990525,40.84503019237594],[-73.90391784431922,40.845002114684036],[-73.9038726607249,40.845833808651356],[-73.9038040425241,40.84660178157414],[-73.9037398471411,40.84732760591969],[-73.9046213178038,40.84739206594154],[-73.90552163693539,40.84748823247794],[-73.90632225875319,40.847579645197015],[-73.9062308080594,40.84784831075883],[-73.90620686404678,40.84791865556166],[-73.90604399753725,40.84839712034454],[-73.90580316086739,40.84909215851288],[-73.90576106921525,40.849187818956985],[-73.90594828637529,40.84921918390058],[-73.90608376857341,40.84934739737018],[-73.90602289530428,40.849425114242095],[-73.90600085768746,40.84945302078884],[-73.9059766338059,40.84948401351106],[-73.90595240947142,40.849514998521585],[-73.90590419687736,40.84957488171108],[-73.90562192826565,40.84992546956092],[-73.9055228223086,40.850047013377534],[-73.90523443879081,40.850400689572794],[-73.90513490051565,40.85053030062521],[-73.90467389689081,40.851100823674045],[-73.90454100208936,40.8512676549813],[-73.90433691540987,40.85151711135755],[-73.90422919145304,40.85166253255403],[-73.90415116691068,40.85175753113898],[-73.90374618277123,40.8522506112622],[-73.90370891540768,40.85229598472087],[-73.90366377453621,40.85235599900784],[-73.90364249482228,40.85238296926808],[-73.90361873123958,40.85241424179735],[-73.9035703067975,40.85247323660335],[-73.90334780323349,40.85274293775114],[-73.90305163324449,40.853105091237786],[-73.90272379565808,40.853523517688295],[-73.90241501219857,40.85391050392626],[-73.90185996119303,40.854586149260506],[-73.90153703392646,40.854994643789375],[-73.90130126628652,40.85530349000068],[-73.90116590959794,40.85549567506387],[-73.90085591888143,40.85593581164719],[-73.90085477201167,40.855937440329015],[-73.90077922681346,40.856047109728486],[-73.90067256053665,40.856220560096645],[-73.90051657952324,40.85648149629323],[-73.9002782945347,40.85688010036686],[-73.9000312515183,40.8572967025807],[-73.89995670018344,40.85742242151724],[-73.89976003135251,40.85775504210927],[-73.89958465254324,40.858051652309975],[-73.89942546343686,40.8583208804194],[-73.8992136287119,40.85867913982118],[-73.89883814571424,40.859307308341485],[-73.89880457618334,40.85936427099358],[-73.89859097184363,40.85976678326745],[-73.89828973296895,40.860334421461076],[-73.8982272896365,40.860448863347635],[-73.8980245302098,40.860820461119914],[-73.89773815441899,40.86135113702802],[-73.89714379809885,40.86244506464994],[-73.89579308299224,40.8642155671534],[-73.89530216602557,40.86484678062636],[-73.89504212036272,40.86520349795188],[-73.89493225983736,40.865353338693915],[-73.89443408159087,40.865997410034836],[-73.89442466611119,40.86601015545611],[-73.89439598377307,40.866048981500064],[-73.89438130324766,40.86606885121169],[-73.89436438771088,40.866091672139845],[-73.89434012595399,40.86612441174685],[-73.89431825320109,40.866153926874425],[-73.8940869705087,40.86645343271272],[-73.89397201751025,40.86660230441126],[-73.89376139036969,40.86687505769729],[-73.89368435561491,40.86698082111914],[-73.89300269948265,40.86788106889234],[-73.89243509112487,40.86862059828918],[-73.89221258783861,40.86891549954433],[-73.8919171826082,40.86930211007547],[-73.89174633546574,40.86951054755233],[-73.89157400109443,40.8696842528409],[-73.89138947034837,40.86985099418488],[-73.89119350421439,40.870010033300105],[-73.89098696927373,40.8701607154302],[-73.89042763850235,40.870487054325075],[-73.8899174447573,40.870780632196094],[-73.88950049155308,40.87102055609318],[-73.88884301553121,40.87139806733183],[-73.88868449911642,40.87149511301808],[-73.88863784256532,40.87145292593079],[-73.88854757142369,40.8713797178631],[-73.88778676972998,40.870740849260955],[-73.88715705173082,40.87022656032658],[-73.88701468566451,40.87010858501736],[-73.88694556518027,40.87005130687835]]]]},"properties":{":id":"row-dxcp-prcc.iig2",":version":"rv-u8ap-sgw6~e6g7",":created_at":"2025-11-24T21:48:59.646Z",":updated_at":"2025-11-24T21:48:59.646Z","coun_dist":"15","shape_leng":"50041.0517735","shape_area":"102496347.141"}},
{"type":"Feature","geometry":{"type":"MultiPolygon","coordinates":[[[[-73.86667370016646,40.83924274704374],[-73.86638500153985,40.83758666396952],[-73.86597814797354,40.83520499577524],[-73.86605057075892,40.83517357265415],[-73.86637314021218,40.835033107846805],[-73.86644845577439,40.83500093045066],[-73.86651918392884,40.83496852271126],[-73.86672962255827,40.83487210752882],[-73.86680620059617,40.834837022469365],[-73.86810134659913,40.83521259516967],[-73.86903216174906,40.83548641473149],[-73.86999425051773,40.83565041231414],[-73.87072020413558,40.835719122138315],[-73.87115576376264,40.83576108983207],[-73.8721246187338,40.835858142623294],[-73.87278549058708,40.83589852623088],[-73.87309268126242,40.83591789705875],[-73.87379506608475,40.83598571893694],[-73.8737985842875,40.83595578071556],[-73.87380595000562,40.83592299326705],[-73.87386298957924,40.83557997633639],[-73.87388897786954,40.83529898670123],[-73.873907054316,40.8350509830964],[-73.87390846687555,40.83502488958719],[-73.87393598846653,40.83451661617096],[-73.87393385801312,40.83440207964923],[-73.87393090906333,40.8342437695311],[-73.87390281919168,40.83361328405997],[-73.8739023445113,40.833576990619626],[-73.87390088283263,40.8334653938529],[-73.873890407333,40.83315616172854],[-73.87385243015336,40.83276371105535],[-73.87381968912966,40.83253007743232],[-73.87379338969843,40.832400647997844],[-73.87376211193832,40.83213532272478],[-73.87375661219218,40.832088667097224],[-73.87372276793569,40.831955330085734],[-73.87370529899667,40.83188336989388],[-73.87368784246249,40.83181140133584],[-73.87342080445761,40.83070836839429],[-73.87322660117368,40.8299061665495],[-73.87327288487577,40.82989371961134],[-73.87332596852782,40.82987665913655],[-73.87372870256077,40.82975288646984],[-73.87460867945062,40.829502905423944],[-73.87550702477627,40.82923413457346],[-73.87640134545651,40.82897729420336],[-73.87729930449194,40.828742774372536],[-73.87823501079608,40.82866001895314],[-73.87870283575053,40.82862110591514],[-73.87917067031746,40.82858218294858],[-73.87857785835637,40.826029761510426],[-73.87806435774705,40.82383439458985],[-73.87898855680676,40.82371109055436],[-73.8799300227661,40.823641062131514],[-73.88178621769764,40.82340170049738],[-73.88276030351194,40.82324854827807],[-73.88403648875699,40.82301219336906],[-73.88421301194454,40.82297949878949],[-73.884385041061,40.82295136949845],[-73.8843612859193,40.822873801331944],[-73.88433212381806,40.822810142477195],[-73.88429488145138,40.82271820476479],[-73.88424971750176,40.822642209082595],[-73.88378786126569,40.82193341326873],[-73.88265922990271,40.819688832117635],[-73.88244779619134,40.81926832200965],[-73.8809802965942,40.81823562312797],[-73.87806283262127,40.81618263244409],[-73.87663459963709,40.81571150809919],[-73.8767318550691,40.815386495984036],[-73.87520539092387,40.814878745002865],[-73.87446381927738,40.81464523186166],[-73.87250110885971,40.8138881282341],[-73.87243667235077,40.81385093400163],[-73.87218961011949,40.813673671269754],[-73.87209716960908,40.813738022023614],[-73.87203687539838,40.81368551387528],[-73.87212931147361,40.81362116869263],[-73.87208038785029,40.81358405461952],[-73.87180463640202,40.813314890539246],[-73.87165777683398,40.81325426197602],[-73.87095753684099,40.81214618060949],[-73.87056806927933,40.812087317622456],[-73.87047093165219,40.81145829549425],[-73.87055342125585,40.81124338021964],[-73.8681121914008,40.806751832831864],[-73.86846346959145,40.80593654893907],[-73.8697896801756,40.804125105863825],[-73.87066275627943,40.80298839947355],[-73.86296518139766,40.79767016410337],[-73.86484987184716,40.795887446969616],[-73.86711790962813,40.79374195431807],[-73.87020732905106,40.79090914796373],[-73.8722635589578,40.794992353757806],[-73.88926742900924,40.80021223964405],[-73.89250388082327,40.80120539489596],[-73.89611004539331,40.79691976431162],[-73.89657877613203,40.79565123766074],[-73.89772183635715,40.7951381343801],[-73.89818463293912,40.79455861480969],[-73.8998688874523,40.79244947295625],[-73.90565712348884,40.794122213222195],[-73.91239963342692,40.79607025601081],[-73.91372255973513,40.796789439261254],[-73.91344774544469,40.796782428535366],[-73.91317604910037,40.796772391488375],[-73.91300786031533,40.79676243246773],[-73.91266826025971,40.79673513462],[-73.91234481901408,40.79671768194618],[-73.91223808592933,40.79671022661473],[-73.91215402389724,40.796680664441695],[-73.912147006019,40.79667811757114],[-73.91208612977915,40.79665603089615],[-73.91203438228852,40.796651075562565],[-73.91195998908083,40.79664855949797],[-73.91188561236636,40.79663375359556],[-73.91182091990513,40.796633704123636],[-73.91178857279279,40.79663367937336],[-73.91174653323974,40.79662627374753],[-73.91168831241195,40.79662376988879],[-73.91162285866275,40.796641078496684],[-73.91149413374387,40.79669982506653],[-73.91141644034256,40.79674647135713],[-73.91126755502674,40.79681518532826],[-73.91109827415845,40.79688807033036],[-73.91105069334647,40.796920719929346],[-73.9109859346481,40.79696983299864],[-73.91095679669981,40.79698947591854],[-73.91090501284451,40.79701156009363],[-73.91089222265276,40.7970177955389],[-73.91079168499049,40.79709750926233],[-73.91071392139703,40.79719577567383],[-73.91060709552245,40.797257147412175],[-73.9104679052552,40.797330784890946],[-73.91032544723609,40.79742900177394],[-73.91013438705265,40.7975886346284],[-73.9100436931831,40.79767951655243],[-73.90996589145395,40.79780482296475],[-73.9099464421473,40.797834305905845],[-73.90991082881835,40.7978588600233],[-73.90984607703047,40.79790059833701],[-73.90979388517727,40.79786849523331],[-73.90974077921037,40.79791214367453],[-73.9096745552532,40.79796191909004],[-73.90967334768479,40.797961250054136],[-73.90963900093561,40.79794222580132],[-73.90915659660176,40.798309428424105],[-73.9083030360836,40.79895913491553],[-73.90824133200002,40.799025103545894],[-73.90824310840063,40.799056907059835],[-73.90825513733579,40.79909100008897],[-73.90825579500266,40.79909286868319],[-73.90829031194396,40.799132994587985],[-73.9083775600421,40.79919805242714],[-73.90848846163325,40.79926451189845],[-73.90855026742396,40.799307425389536],[-73.90847556062435,40.799383415386586],[-73.90842190767937,40.79944209294755],[-73.90838080233769,40.79948704475166],[-73.908244442187,40.79940950374753],[-73.90822077422804,40.79941916382666],[-73.90817714488041,40.799390091479054],[-73.90813152403804,40.799431300273405],[-73.90816794754275,40.799461986193776],[-73.90810210034238,40.7995396468629],[-73.90807397255661,40.79957281916726],[-73.90802032289528,40.79963609242175],[-73.90799121626038,40.799631921275186],[-73.90795847743303,40.79962221554753],[-73.90793663556693,40.79962772927617],[-73.90790019737915,40.799660885183755],[-73.90775808108097,40.79979904478861],[-73.90764331354349,40.799895744109584],[-73.907641464507,40.79991648288497],[-73.90763052690517,40.79993168488231],[-73.90760867251461,40.79994549420575],[-73.90757045986986,40.79994684581985],[-73.90753951558075,40.799955117340524],[-73.90752658104599,40.7999632196948],[-73.90749762913997,40.799981356167976],[-73.9074703043683,40.80000345741231],[-73.90745262808166,40.80002824445045],[-73.90743384206748,40.80005458974919],[-73.90739374242624,40.80010433539618],[-73.90734272035733,40.80015683791882],[-73.90726298774203,40.80023744894748],[-73.90717872796368,40.80032263305569],[-73.9067687295804,40.80074541685321],[-73.90676850025974,40.80074671096523],[-73.90670130044802,40.80082003032889],[-73.90675009147145,40.8008505950251],[-73.90681401688889,40.800890639606216],[-73.9067289367694,40.80096996755174],[-73.90658587833812,40.80110747894855],[-73.90652042213173,40.801175510519805],[-73.90620386757683,40.801492993499295],[-73.90606336502242,40.801583391449626],[-73.9060142782173,40.8015529315985],[-73.90576051517738,40.80179988126255],[-73.90552153240625,40.80201995540115],[-73.90550588373223,40.80206135941587],[-73.90549128480001,40.80209038403275],[-73.90546395588943,40.80211525180037],[-73.90543844595949,40.80214011954582],[-73.90539107059982,40.80218571009478],[-73.90531233908494,40.802274729987424],[-73.9052452798718,40.80234045570518],[-73.90518695888107,40.802405396178095],[-73.90515780873793,40.80243026136898],[-73.90511408874657,40.80246479414765],[-73.90508491686404,40.80250486787978],[-73.90506666976965,40.80254080436119],[-73.90505752846572,40.80257121666838],[-73.90504498642535,40.802600333384106],[-73.90503014175457,40.80263479944814],[-73.90500098071382,40.80266796125857],[-73.90495358976557,40.80272461344591],[-73.90485211233455,40.80283522949147],[-73.90479864625014,40.802886244413514],[-73.90476931117155,40.80291284239649],[-73.90467203828258,40.803014796698314],[-73.90462487688029,40.80306920276437],[-73.9045756677556,40.80312360795331],[-73.90455004089955,40.803150030032626],[-73.90452954029595,40.803170235651365],[-73.90449983884297,40.80318343345096],[-73.90448088690115,40.803191695319384],[-73.90445884046349,40.80321138584581],[-73.90437865544331,40.80327459751805],[-73.90414898834872,40.80345565208422],[-73.90407055303406,40.803520977650784],[-73.90400232330262,40.80357907559451],[-73.90396748173777,40.80360782449502],[-73.90394842506669,40.803621310450474],[-73.90393674269912,40.80362957661066],[-73.90392732704383,40.803634390296516],[-73.90389269713289,40.803652096615686],[-73.90385991710882,40.80366995724984],[-73.90382200372179,40.80369870354418],[-73.90379945054718,40.803722796575805],[-73.90377177524543,40.80374999525849],[-73.90376599453884,40.803753454679075],[-73.90374201269472,40.80376780879034],[-73.90373284581685,40.803773296117825],[-73.90368265865948,40.80379503259291],[-73.90363555376408,40.80380977075971],[-73.9035658374585,40.803831022625346],[-73.90355158434718,40.80383536768725],[-73.90339901556949,40.80387490713974],[-73.90335633787758,40.803861123610666],[-73.9033386526166,40.803855411933284],[-73.90325563815306,40.80392767616936],[-73.90321268862614,40.80389963951356],[-73.90308609780266,40.80399708839889],[-73.9030596666765,40.80401743434729],[-73.90290469388441,40.80413905443774],[-73.90287760566825,40.80415758214618],[-73.90292770331017,40.80419729221172],[-73.90275593595142,40.804328535324146],[-73.9025229845076,40.80446378809858],[-73.90244539070895,40.8044169535514],[-73.90229231926708,40.80456477563857],[-73.90229048802293,40.80457307075317],[-73.90230320400639,40.80458829127626],[-73.9023169760326,40.80459644917628],[-73.9023195673461,40.804597984559166],[-73.90225572751322,40.804700251758845],[-73.9022265323971,40.80475415307177],[-73.90219372687245,40.80478869398906],[-73.9021918570049,40.80482326114797],[-73.90220455137586,40.804852308490936],[-73.90221178650445,40.80488273445398],[-73.90222993489061,40.8049159356747],[-73.90223822515598,40.80492402259457],[-73.9022392341538,40.80493413558286],[-73.90223410893209,40.80493879780754],[-73.90222284699469,40.804948113189575],[-73.90224620466275,40.80507150295802],[-73.90285585184178,40.80860293176403],[-73.90293929237437,40.809062701055076],[-73.9029792964311,40.8093106394454],[-73.90298795437417,40.80936430103639],[-73.90299766939499,40.809455582859464],[-73.90300877850954,40.8095500732808],[-73.90302017994455,40.80962342852905],[-73.90304837236162,40.80966314587397],[-73.90308946530327,40.80985639970229],[-73.90324273436086,40.81071288453188],[-73.90341720373648,40.81150688285567],[-73.90418036435678,40.81212482056737],[-73.90446551476664,40.81228196041628],[-73.90418337761739,40.813086455480764],[-73.9038041229168,40.81413184229491],[-73.90346997117642,40.81507578848336],[-73.90306443783469,40.81610676152554],[-73.90300983214364,40.81631779195476],[-73.9025785907422,40.81736979443092],[-73.90357902165006,40.81757534558514],[-73.9042682087424,40.81771591702986],[-73.90439330834054,40.817741432445246],[-73.90500766046661,40.81786673504619],[-73.90528570069215,40.81792898618439],[-73.90624113799979,40.8181575607679],[-73.90699718657932,40.81834029843455],[-73.90711610256359,40.81836883508044],[-73.90755577046329,40.818470406681975],[-73.90782342455549,40.818538575738266],[-73.90874961880024,40.81875953887215],[-73.90940730014323,40.81715913393567],[-73.90944757587732,40.81706112690582],[-73.90990993160769,40.81593597888091],[-73.91013370555383,40.81593210997199],[-73.91075065667907,40.81418059598622],[-73.91078566499951,40.81408120496954],[-73.91094778957398,40.81362092073735],[-73.91181210784866,40.813883314552406],[-73.91240322245169,40.81408305622157],[-73.91251890110344,40.81412214426649],[-73.91295450818342,40.81426933468127],[-73.91333778596093,40.813610846203225],[-73.91467523836384,40.81405068802686],[-73.9147544227701,40.81407672881811],[-73.91534053274698,40.81426947280897],[-73.915836001427,40.814419813731256],[-73.91632433178042,40.81458411302044],[-73.91680450529152,40.814762065973994],[-73.91727554958183,40.81495330193319],[-73.91773650596839,40.81515740436118],[-73.9181706000061,40.81535135818252],[-73.91840911341076,40.815446553304795],[-73.91845381971261,40.815613631979105],[-73.91860144350687,40.815531962898305],[-73.91985898453211,40.81586500619099],[-73.92124519680905,40.81621939729785],[-73.92309299904515,40.81669772813905],[-73.92372701369347,40.81581732007356],[-73.92376838885548,40.81575986476345],[-73.92390804830018,40.81556592664741],[-73.92395483117592,40.815500960861335],[-73.92399951343121,40.815438912952686],[-73.92480953889047,40.81565902022314],[-73.92505519917857,40.81572157633092],[-73.92533533238515,40.81579154927598],[-73.92550133056167,40.81583301291597],[-73.92568897218237,40.81587494543182],[-73.92662718211776,40.81611895917431],[-73.92672962935889,40.816139419755594],[-73.9268130409303,40.816156077755934],[-73.92707652683994,40.81622241552411],[-73.92726510743401,40.81627648991265],[-73.92814117611896,40.816515212265486],[-73.92821698955642,40.816535646712445],[-73.9283014300461,40.81655655470528],[-73.92903161421214,40.81674691215907],[-73.93002070070162,40.81699580299472],[-73.92974535948483,40.81768239857715],[-73.92923853211896,40.819010242502145],[-73.92921997638732,40.81905888237021],[-73.9282765754822,40.818810041840806],[-73.92806684093165,40.8187556150269],[-73.92781481231783,40.81869021112914],[-73.92740113784319,40.81858285742294],[-73.92731653132714,40.818559633822474],[-73.92687781678939,40.8194788724725],[-73.92662466358091,40.82002639402524],[-73.92649350707931,40.82028392323761],[-73.92634345653649,40.820578551554846],[-73.92629438227306,40.820513755789314],[-73.92628127008193,40.82053716094406],[-73.92618076735782,40.82041631310361],[-73.92606044914896,40.82030267394021],[-73.92592178379454,40.82019895588466],[-73.92576709018552,40.82010761811395],[-73.92559936576347,40.82003066156636],[-73.9254221889442,40.819969530382295],[-73.92523940990868,40.8199249629496],[-73.92505487074409,40.81989702707386],[-73.92487560712425,40.81987947649452],[-73.92469276983319,40.81987660111692],[-73.9245095253311,40.81988882800654],[-73.92432910766937,40.819916093279275],[-73.92415465937292,40.81995777029646],[-73.92398903926671,40.82001277189363],[-73.92376982511423,40.82011190697064],[-73.9235614522821,40.82022487996273],[-73.92336612759397,40.82035058639892],[-73.92318579400946,40.820487684763904],[-73.92294021438273,40.82059754251947],[-73.92265261239704,40.82049431528109],[-73.92194764145448,40.82103154495944],[-73.92114409038741,40.82156300206208],[-73.92066539132294,40.8218368935897],[-73.92054347006943,40.821933856979065],[-73.92048603210955,40.82197953661335],[-73.92040163802683,40.82206121718331],[-73.91993471712364,40.822352201938244],[-73.91980424620856,40.82243697456017],[-73.91944303601353,40.82267166790186],[-73.91938041791644,40.82271235247815],[-73.9189459722902,40.82299267338354],[-73.9188883678979,40.82302977384995],[-73.91875570542408,40.8231152180215],[-73.91833825897201,40.82338338717318],[-73.91788272099345,40.82367877684691],[-73.91782151593533,40.82371837132955],[-73.91756599376917,40.823883671929416],[-73.9174677276598,40.823946106952704],[-73.91740459115874,40.82398622150079],[-73.91731782325883,40.82404135052155],[-73.91725010296958,40.82408437712245],[-73.91719007440187,40.82412251733141],[-73.91712693756625,40.82416263155877],[-73.91689195794922,40.8243119255752],[-73.91677400585868,40.82438708737371],[-73.91608782857901,40.82483785183134],[-73.91551523934298,40.824707059684606],[-73.91475120998606,40.82520047343324],[-73.91394463850425,40.82572043309138],[-73.91316674437074,40.825456455312356],[-73.91192435242219,40.825049759349845],[-73.91130974473533,40.82484855788991],[-73.91058589619657,40.824633816462004],[-73.90988107247499,40.824450396135774],[-73.90870859261754,40.82406663518775],[-73.90846172813548,40.824623880003344],[-73.90841267275273,40.824745390287696],[-73.90835884810366,40.82489399866486],[-73.90830419477115,40.8250500534774],[-73.90821187502173,40.82531366268831],[-73.90793098879452,40.82599554651342],[-73.9078027006244,40.82632683506405],[-73.90773918081135,40.82649218694653],[-73.9076472020829,40.82669549022087],[-73.90752434611257,40.82701395561557],[-73.90743625393563,40.82724230300233],[-73.90722757019786,40.8277832407595],[-73.9070312121308,40.82827955339566],[-73.90657083643048,40.8294522195704],[-73.90553116785019,40.82910413259041],[-73.9045062193036,40.83062496345948],[-73.90343501385796,40.83221638082392],[-73.90187802795703,40.83170690265291],[-73.90165916761258,40.832017415088686],[-73.90160257561858,40.83210009690277],[-73.90143448353676,40.832345679500094],[-73.90137090443675,40.832438568161166],[-73.9013264761037,40.832503477222986],[-73.90118183580216,40.832714794195674],[-73.90114090239888,40.832774597196966],[-73.90108168426501,40.83286111346559],[-73.90103646802135,40.83292717245839],[-73.90096756602043,40.833027835970185],[-73.90074544718009,40.83335234245515],[-73.90056494858005,40.83361604016534],[-73.90051464303913,40.83369190677505],[-73.90046269666352,40.83377024711319],[-73.90028091985687,40.8340443858683],[-73.90018333241008,40.83419155907534],[-73.90010770911474,40.834172394355825],[-73.89978924810222,40.83409169031243],[-73.899743264362,40.83408003842143],[-73.89963178337578,40.834051786199794],[-73.89958663486989,40.83404034437811],[-73.89943044034963,40.83400076056419],[-73.89899877638746,40.83389136457587],[-73.89849789736381,40.83376622481989],[-73.89809384678885,40.833665274184966],[-73.89675381656225,40.8333216062643],[-73.89630199965588,40.833543217997345],[-73.8952725828051,40.834040335417846],[-73.89516822066497,40.834088444644365],[-73.89506672674867,40.83413997249747],[-73.89496829505026,40.834194820490914],[-73.89487311371231,40.83425288379236],[-73.89478136488566,40.834314051569926],[-73.89469322373185,40.834378206758196],[-73.8946088587291,40.83444522673478],[-73.89452843113962,40.83451498340137],[-73.8941236217017,40.834917590317346],[-73.89370780314098,40.835317343096946],[-73.89365532064083,40.83536841617126],[-73.89359755895487,40.835416089345166],[-73.89353489838557,40.83546004872995],[-73.8934677514931,40.8355000048885],[-73.89339656037885,40.835535694741296],[-73.8933217939536,40.83556688322919],[-73.8932439443209,40.83559336508032],[-73.89316352405783,40.83561496593196],[-73.8930810626688,40.83563154355889],[-73.89299710309892,40.8356429888099],[-73.8920451682876,40.83571831976303],[-73.89138620082174,40.83575765571405],[-73.8908236762737,40.83580949812219],[-73.8906193872454,40.83584859295478],[-73.89041900077888,40.8359005226328],[-73.89022456849901,40.83596489461018],[-73.89003808491584,40.83604105278412],[-73.88986132789813,40.83612811386138],[-73.88827595852048,40.83705856288251],[-73.88776506305007,40.83736998204761],[-73.88733000972807,40.83764071447626],[-73.88623152647412,40.838293797696004],[-73.88534490596784,40.838792661514844],[-73.8862462652824,40.83914612380602],[-73.8858349638686,40.839896927385574],[-73.88575827495445,40.840213303382704],[-73.88552391127318,40.84008188039199],[-73.88514233061385,40.83986789938848],[-73.88418143241391,40.83933530714525],[-73.88395441464853,40.83920686370775],[-73.88356469816766,40.83898636581132],[-73.8835182040604,40.839022365823766],[-73.88346759772162,40.8390567953141],[-73.88294354654506,40.83875997465677],[-73.88274099855367,40.83864386481097],[-73.88271004793042,40.83862612170684],[-73.88229828586178,40.8383969583748],[-73.88208152782745,40.83827225328865],[-73.8817444379052,40.83807339464486],[-73.8816630378036,40.838028618617386],[-73.88161730407987,40.83800302595947],[-73.88119841860272,40.83780141223003],[-73.88074324629378,40.83758233177074],[-73.8806969522458,40.837565382904735],[-73.88064930064786,40.83754519839774],[-73.88067889590192,40.83750512931126],[-73.8807035130715,40.837470161365964],[-73.88058371936691,40.837427444933155],[-73.88055953521034,40.83745917908402],[-73.88053746267799,40.83749627450832],[-73.8802377849229,40.83738240123864],[-73.88014810957753,40.83735098546204],[-73.88007109702606,40.83732400508074],[-73.87951847433675,40.83713461705343],[-73.87933114630377,40.837070417844906],[-73.8790242287965,40.83699240073664],[-73.87871585409233,40.836917772595974],[-73.87840608705,40.83684654911798],[-73.87809499257573,40.8367787454474],[-73.87778263634678,40.83671437568094],[-73.87746908405738,40.83665345335614],[-73.87525799240939,40.83754469745959],[-73.87490851072131,40.83735960969511],[-73.87468357286531,40.83730248911253],[-73.8745108612266,40.83725476388492],[-73.87434411529426,40.83723879320571],[-73.87427191644571,40.83723979639474],[-73.8741714607452,40.83724949972988],[-73.87405202982453,40.8372893955439],[-73.87398931931804,40.83731034728651],[-73.87378218923276,40.83744608661689],[-73.87366411835934,40.8375424844968],[-73.87353583048736,40.83766894545909],[-73.8734751047232,40.837746339599526],[-73.87322928228721,40.83815590298715],[-73.87314714674747,40.83826389947572],[-73.87312217222005,40.83818537597336],[-73.8731517784556,40.83770663240792],[-73.87252481842751,40.8378875626266],[-73.8717209780682,40.83819619772909],[-73.87086800703786,40.83883590241838],[-73.8707702647767,40.838930704979774],[-73.87065692214708,40.83901732250144],[-73.87052989308404,40.8390936146225],[-73.87039177679824,40.83915783560396],[-73.87024562417922,40.83920874765369],[-73.8700947311599,40.8392457049633],[-73.86986362518684,40.83931981569032],[-73.86963802439115,40.83940384724785],[-73.86941903191989,40.83949741376905],[-73.86920766816131,40.83960004620851],[-73.86874073550902,40.839824576139044],[-73.86830846924924,40.83999521345352],[-73.86782258115176,40.84016649901614],[-73.86740207110921,40.84029027605651],[-73.86724818955723,40.84034380386849],[-73.86667370016646,40.83924274704374]]]]},"properties":{":id":"row-jtqf~yern_n58w",":version":"rv-97ye.d272_qk9b",":created_at":"2025-11-24T21:48:59.646Z",":updated_at":"2025-11-24T21:48:59.646Z","coun_dist":"17","shape_leng":"87703.3193846","shape_area":"145947789.866"}},
{"type":"Feature","geometry":{"type":"MultiPolygon","coordinates":[[[[-74.04387761639944,40.69018767587384],[-74.04350596078567,40.689687359636146],[-74.04273533893009,40.69005019142024],[-74.04278433380006,40.69012097669119],[-74.04270428426766,40.690155204644356],[-74.04255372037339,40.68996275979223],[-74.0426392937119,40.68992817641339],[-74.04269380819214,40.689997259609804],[-74.04346752310298,40.6896369906061],[-74.04351637245855,40.68919103374238],[-74.04364078627445,40.68876656007277],[-74.04397458556184,40.68858240705594],[-74.0443852177728,40.68851617840272],[-74.04478399106388,40.68859566011564],[-74.04627539003668,40.689327425896764],[-74.04680284898575,40.689953256266065],[-74.0474765152837,40.68961136999805],[-74.047729627631,40.68991531896862],[-74.04758571924822,40.68998250732877],[-74.0474312612351,40.68980389047093],[-74.04689205500591,40.69005909832266],[-74.04720029366251,40.690424815623786],[-74.04711050698607,40.69047041285012],[-74.04711582042361,40.69065580611822],[-74.04718321412064,40.69074735504913],[-74.04719492513735,40.69076326384821],[-74.04721324572493,40.690790487383296],[-74.04722568433351,40.69081957255454],[-74.0472319283741,40.69084978845409],[-74.04723182092586,40.690880375758056],[-74.0472253646803,40.690910565808146],[-74.04721272187449,40.690939599927965],[-74.04719421021493,40.690966748488776],[-74.04717029489426,40.6909913292451],[-74.04714091049355,40.69101051674882],[-74.04710814047746,40.69102620877507],[-74.04707269650618,40.69103806454207],[-74.04703534831133,40.69104582657947],[-74.04699690697936,40.69104932631992],[-74.04617167065449,40.69109798148638],[-74.04614707208665,40.69112264603321],[-74.04609551065151,40.69112006354907],[-74.0460444245555,40.69111415266085],[-74.04599418395566,40.691104956197336],[-74.04592592767887,40.69108260379796],[-74.04586027427413,40.69105611658341],[-74.04460616482923,40.69057348495084],[-74.04387761639944,40.69018767587384]]],[[[-74.04037134801165,40.70012264306093],[-74.04029983079162,40.700106661732164],[-74.0402213162827,40.70011309108278],[-74.04012176861717,40.70011632727297],[-74.04006286925896,40.70009820710058],[-74.04000396352954,40.70006941574898],[-74.03993523694733,40.70002995679134],[-74.03987632812007,40.69999689728332],[-74.03982442765316,40.69995849940955],[-74.03977394870654,40.69995318162389],[-74.03970383928056,40.699945735622094],[-74.03965334363124,40.699912673767244],[-74.03962107569691,40.69988067092269],[-74.03954674847935,40.69985401961153],[-74.03948783623592,40.69981348969705],[-74.03943033064381,40.69978042897596],[-74.03936722150529,40.69975590800224],[-74.03931813483987,40.69973351482659],[-74.03925082056196,40.699711129020145],[-74.03916668464402,40.6996940841406],[-74.03909657533822,40.699686637768714],[-74.03903207799593,40.699685592510704],[-74.03897178713575,40.6996845462949],[-74.03891429209673,40.69966855885327],[-74.03885397699936,40.69962589529307],[-74.03880627266447,40.69956935552204],[-74.0387627688549,40.69950320981043],[-74.03874310752279,40.69944772654051],[-74.03874167126195,40.69938903619015],[-74.03871359334833,40.69932715402747],[-74.03868272153154,40.699282346673655],[-74.0386238167209,40.69925248746412],[-74.03853125423358,40.69921090069335],[-74.03849336075741,40.699146887296195],[-74.03848072298656,40.699113811586166],[-74.03846666808383,40.69905512544809],[-74.0384526169438,40.699001775218],[-74.03845258370814,40.69894415154078],[-74.03844413330636,40.69887906113601],[-74.03844692220781,40.69885238265747],[-74.03843989369778,40.698820371714056],[-74.0384062192017,40.69877876633067],[-74.03838797280858,40.69874462482895],[-74.03836411419232,40.69870408313979],[-74.03836269424596,40.69867313747027],[-74.03838791382293,40.69864218342112],[-74.03841735907037,40.69864430739145],[-74.03844960710025,40.698645363771746],[-74.03847484941205,40.69865389269437],[-74.03850710444748,40.69866668735812],[-74.03854356961283,40.69868588249067],[-74.03858843338712,40.69868159936505],[-74.03862486585994,40.69864317079221],[-74.0386921534173,40.69862287370404],[-74.03880290626654,40.69860362907971],[-74.03887720836694,40.698589731405946],[-74.03896272936329,40.69858009797955],[-74.03904824908517,40.69856833069496],[-74.03915480598657,40.69856722734521],[-74.03921649985952,40.69857147560608],[-74.0392613798839,40.69859386909049],[-74.03932169116187,40.698631197704934],[-74.03937640214593,40.69868239963063],[-74.03942268882601,40.698713329928644],[-74.03947599215621,40.69875386113564],[-74.03951105465487,40.698771989293846],[-74.03956713890962,40.69877410432462],[-74.03963302863869,40.6987602102276],[-74.03967087028619,40.69873565293552],[-74.03972692846935,40.69869294965751],[-74.03993272132956,40.6985444222911],[-74.04025555083275,40.69880482330735],[-74.04010009945048,40.69892324347243],[-74.04001368056961,40.6988936821999],[-74.03997479609573,40.698887119930895],[-74.03993158724123,40.69887398303313],[-74.03987974866216,40.698877289232044],[-74.03982791749424,40.698893746631775],[-74.0397933763783,40.69892663815383],[-74.03979339404084,40.698956229496645],[-74.03981502029875,40.698998965765576],[-74.03985391858033,40.699028543148984],[-74.03991442290604,40.69906797753711],[-74.03996628594466,40.69910412683634],[-74.04001382659996,40.699136989892004],[-74.04005703168964,40.699143550141486],[-74.04009591829892,40.69915340077474],[-74.04015641297879,40.69917639508424],[-74.04019531548039,40.69921254880096],[-74.0401996537943,40.69924213863369],[-74.04019966568966,40.69926186630643],[-74.04025153212389,40.69930459192582],[-74.04029907107511,40.69933416663819],[-74.04033364198985,40.69935059347731],[-74.04036821093158,40.69936373375668],[-74.0404114175359,40.699373582097756],[-74.04043303435445,40.6993998776279],[-74.04044523628828,40.69942473221006],[-74.0404662947079,40.69946954237387],[-74.04047473442229,40.699513290995746],[-74.04048175879882,40.69953676512683],[-74.0404873855592,40.69956770928737],[-74.04050142030712,40.69959011313203],[-74.04053088333659,40.69962104839743],[-74.04057156191757,40.69965091305615],[-74.04059681332842,40.69967331293453],[-74.04060664621556,40.6997021218103],[-74.04062630332076,40.699748000256484],[-74.04062773019345,40.69978854989475],[-74.04063196074299,40.699828030724284],[-74.0406516146495,40.69986857392582],[-74.04066986641486,40.69990911694917],[-74.04069513880121,40.69996566505213],[-74.04071479996368,40.70001687872088],[-74.04073446180018,40.70007022685055],[-74.04074290567962,40.700120378339776],[-74.04074713630999,40.70016092580944],[-74.04073313721835,40.70019721214238],[-74.04070370121288,40.70021002800438],[-74.04065462786066,40.70021111249708],[-74.04059853910303,40.700204729905884],[-74.04053683324985,40.70018341002283],[-74.0404849441414,40.7001642197786],[-74.04043865983203,40.70014076012008],[-74.04037134801165,40.70012264306093]]],[[[-73.99761019591818,40.72579713809988],[-73.99677175777505,40.72543194350269],[-73.99584577558578,40.72520835398436],[-73.99532907937453,40.72508374023139],[-73.9949082738899,40.724951229722016],[-73.99417930485528,40.72469240731423],[-73.9934576909809,40.724432895683314],[-73.99267182446474,40.72416025442208],[-73.99260322264499,40.724136449683456],[-73.99253198926885,40.72411456659967],[-73.99219861266042,40.724012608678905],[-73.99135472800877,40.72375461958743],[-73.99127307162452,40.72372981344205],[-73.99102410461458,40.72364943274046],[-73.99027361647929,40.7234260182932],[-73.98939218169832,40.72317405849508],[-73.98875683260616,40.722970366111184],[-73.98863862848776,40.72293371976114],[-73.98854361419585,40.72290361785348],[-73.98786491520963,40.722697088701935],[-73.98713584896305,40.72246981162331],[-73.98628574022075,40.72224192000881],[-73.98585984198284,40.72209973225854],[-73.98551686242642,40.72198522495779],[-73.98555708587355,40.72190738099531],[-73.98615766471438,40.72074493371294],[-73.9853193878966,40.720489633636646],[-73.98447731775138,40.72023423864935],[-73.98364190576886,40.719978432187254],[-73.98339463391206,40.719903088296455],[-73.98330545543932,40.71987591545126],[-73.98280360135966,40.71972299749716],[-73.98339510382881,40.71857020627153],[-73.98399541546712,40.71741442404254],[-73.98403299215583,40.717337092326545],[-73.98404890496391,40.71730434571081],[-73.98316925550532,40.717033147425774],[-73.9823745079156,40.716797687245915],[-73.98152950058801,40.71654093726973],[-73.98068296824921,40.71628414681767],[-73.98038110049453,40.71619204795395],[-73.98027895995101,40.71615976750367],[-73.97986076133233,40.7160350428683],[-73.97975091235698,40.716002760600034],[-73.97962564746332,40.71596021062406],[-73.97923250422559,40.7158442873171],[-73.97900588793695,40.715773750894876],[-73.97853102011769,40.71562565045206],[-73.97846935053914,40.71560950743438],[-73.9784173167427,40.715596298748956],[-73.97830358112942,40.7155310167616],[-73.97817919295119,40.715492001196914],[-73.97799855995409,40.71543957864063],[-73.9773667047657,40.71523904471341],[-73.97660735618715,40.71500784716914],[-73.97654793216462,40.71498952254396],[-73.97644703354656,40.71496287069355],[-73.97639230521341,40.714945660835006],[-73.97633756569108,40.71492965965483],[-73.97631389442606,40.71497534524173],[-73.97620870122468,40.714943947601206],[-73.97512899530255,40.714621156699295],[-73.97304724154324,40.71399144004215],[-73.97248959333785,40.713822746875216],[-73.97071016870612,40.71328443178214],[-73.9688069333312,40.71270862091711],[-73.96882449787837,40.71266061763726],[-73.96884020603514,40.712633248484764],[-73.96887248523551,40.71257874393899],[-73.96889595072803,40.71252831477693],[-73.96890597263099,40.71250677653028],[-73.968924663432,40.71246342693504],[-73.96894079301853,40.71241877295056],[-73.96883817664548,40.71238964192897],[-73.96886537577407,40.7122723596267],[-73.96881612079872,40.71225194770656],[-73.96886591557372,40.71223189865527],[-73.96888473220845,40.712176859233395],[-73.96907978657639,40.71162344247674],[-73.9690958002747,40.71156311360328],[-73.96914483225518,40.711456995050014],[-73.96923352739962,40.71143313278901],[-73.96929101618221,40.711270199815125],[-73.96923492997324,40.711240541941024],[-73.96931038510043,40.711107852881455],[-73.96990773093626,40.711268121838856],[-73.96937430020628,40.711020666565624],[-73.96941809313222,40.71093812726213],[-73.96969230826447,40.710846902921716],[-73.96971593527918,40.710836062838304],[-73.96973691716714,40.71082243082674],[-73.96975468998818,40.71080637328221],[-73.96976877605499,40.710788321792066],[-73.9697787967721,40.71076876153561],[-73.96978448281139,40.71074821824361],[-73.96978568135049,40.710727244067925],[-73.96978236017995,40.71070640274091],[-73.96977460856843,40.710686254423806],[-73.96963106127464,40.71065694598794],[-73.9696618647883,40.710499724137065],[-73.9699424006605,40.71052267153369],[-73.96995840051693,40.7105256898993],[-73.96997484319184,40.71052657978457],[-73.96999124338079,40.71052531492459],[-73.97000711703338,40.71052193265164],[-73.97002199564005,40.7105165327932],[-73.97003544006022,40.7105092747257],[-73.97004705348348,40.710500372670346],[-73.97005649314163,40.710490089370424],[-73.97006348042522,40.710478728336405],[-73.9700678091068,40.71046662488775],[-73.97006935142734,40.71045413625606],[-73.97006806186711,40.710441631041334],[-73.97006397848881,40.710429478332856],[-73.97005722181405,40.71041803681546],[-73.97004799126601,40.71040764418323],[-73.97003655928339,40.71039860717243],[-73.9700232632793,40.710391192508304],[-73.97000849568265,40.71038561903291],[-73.96999269235563,40.710382051245986],[-73.96968584951003,40.71032173148365],[-73.96960541330354,40.71027084387475],[-73.96961485767477,40.71014774918192],[-73.96994196698674,40.70930205335399],[-73.96988899468916,40.708574872067196],[-73.96984864823537,40.70800304168772],[-73.96962252184912,40.70762758855525],[-73.97031759983966,40.70733176308984],[-73.97232032139803,40.70908288380681],[-73.9727890957032,40.70937792091113],[-73.97426266815329,40.70829338222806],[-73.9750201278999,40.70773587625591],[-73.97547224859575,40.707492413059065],[-73.97841898361351,40.706268335084914],[-73.97851935532452,40.70622413893136],[-73.97861972366385,40.70618798114291],[-73.97873594194512,40.70614378723975],[-73.97888959576669,40.70607621028999],[-73.97896822164252,40.706020838710735],[-73.97905049904112,40.70596696359166],[-73.9791827080093,40.70596521497321],[-73.97921391769955,40.70590664023327],[-73.97927336342906,40.705917135302265],[-73.97927983185266,40.70578948197433],[-73.9793286532596,40.70576543335501],[-73.97955579999737,40.7057702152752],[-73.97955918553285,40.70574361524998],[-73.98023715381456,40.70576328355986],[-73.98022004252597,40.705851075720986],[-73.98074070428913,40.70585515987029],[-73.98090864629846,40.70590794381195],[-73.98092510311987,40.70536925520054],[-73.98232944150563,40.70555203366395],[-73.98237340572007,40.70554335043767],[-73.98245898641562,40.70554241446984],[-73.98245956872238,40.70550879722537],[-73.98274859301648,40.70553269174199],[-73.98274508058623,40.70555270986933],[-73.98274161885993,40.705572441532716],[-73.9828355220131,40.705555807398106],[-73.98308986565951,40.705511541825885],[-73.98308639092784,40.70547709070215],[-73.98326398738244,40.70548506666065],[-73.98336819878104,40.70546106507651],[-73.98340650330286,40.70546637066046],[-73.98342627543231,40.7055772213495],[-73.98343806221908,40.70564409484781],[-73.98402149782905,40.70559863456463],[-73.98474329943127,40.70554290726695],[-73.98643429826667,40.70534860741961],[-73.98642911608667,40.70506917993062],[-73.98652973012088,40.70497909917382],[-73.9866227794053,40.70497860945421],[-73.98664041303033,40.70501536439514],[-73.98666530954449,40.705049599377624],[-73.98669686891394,40.70508048928571],[-73.98673433051667,40.70510728962383],[-73.9867767914742,40.705129354460674],[-73.98682322841232,40.7051461519976],[-73.98687252212638,40.70515727738615],[-73.98692348455644,40.70516246248585],[-73.98726969301148,40.705175720694236],[-73.98795676491503,40.705134217412514],[-73.98923975511839,40.70514798103889],[-73.98930731978164,40.70514870535635],[-73.98942993422658,40.70514924807725],[-73.98958305276041,40.70515483666892],[-73.98970166233462,40.70515916702887],[-73.98999422729746,40.70516984856299],[-73.990881773766,40.705124032087916],[-73.99147964687512,40.705624753151035],[-73.99272220924216,40.7055438288379],[-73.99385266076528,40.70482946492915],[-73.99368792224483,40.70447791421157],[-73.99369336129281,40.704476129340435],[-73.99377457207805,40.7044494574088],[-73.99378155426497,40.70446894504638],[-73.99380687248414,40.70453961321415],[-73.99386341031881,40.70455600693045],[-73.99456979016928,40.70437626401654],[-73.99463603474435,40.70433440342863],[-73.99470229068407,40.704292531913595],[-73.99477614353458,40.704245861052385],[-73.994698074708,40.70416470079733],[-73.99477286228574,40.70410454169931],[-73.9947923129999,40.70408889470719],[-73.99479231460049,40.70406840563378],[-73.99477158125167,40.70404936037449],[-73.99471424235152,40.70399668906094],[-73.99476934191567,40.7039528949536],[-73.99488239968474,40.70378802583746],[-73.99499542533938,40.7036505637143],[-73.99485765933731,40.703566139028716],[-73.9946629034361,40.7034306085592],[-73.99480038274864,40.70329195864462],[-73.99502134649177,40.70314786924676],[-73.99504592748325,40.703131839799596],[-73.99506438491512,40.703100313653536],[-73.99513826840686,40.702974114722885],[-73.99526015183419,40.70281020953881],[-73.99538448382651,40.70264301006588],[-73.9962163946888,40.7015240736671],[-73.99628992163414,40.701425176037134],[-73.99649829067575,40.70114490802807],[-73.99661736129626,40.70098500803134],[-73.99669768997464,40.70087697691708],[-73.99724462871697,40.70014140989709],[-73.99717584355882,40.700105991966375],[-73.99718148446385,40.69999448496812],[-73.99716054243922,40.69979281264415],[-73.99736745811686,40.69963423492978],[-73.9974989831,40.69963886932127],[-73.99799957540132,40.69879768554431],[-73.99802102725111,40.69876173657382],[-73.99837760685772,40.69806329614612],[-73.99887117097656,40.697157577295854],[-73.99876458027705,40.697120733094],[-73.99887207276453,40.69692378457418],[-73.99893969034687,40.69694094051582],[-73.99899604139195,40.69681227837299],[-73.99918199016862,40.69688518856737],[-73.99929468836194,40.69679512579408],[-73.99947406820606,40.696704134462024],[-73.99952373903514,40.696574826543454],[-73.99941302433207,40.6963576769559],[-73.99941971968092,40.69634693781854],[-73.9994614351467,40.69628002660434],[-73.99959546796508,40.69606503883665],[-73.99988214960378,40.69560519924565],[-74.00026872377788,40.69496580257794],[-74.0007010481117,40.69438785634225],[-74.00078295341706,40.694286515664615],[-74.0009586848302,40.69406908358223],[-74.00127014968672,40.69329606217634],[-74.00154172920259,40.69278596325275],[-74.0017436211104,40.69240674970551],[-74.00179839892095,40.69227001601021],[-74.00181121967667,40.69223801288112],[-74.00181765040732,40.69222196248143],[-74.0019693859211,40.69184320882011],[-74.00132562399813,40.691463100332086],[-74.00069905841879,40.69061185841908],[-74.0009615685494,40.69012876835011],[-74.00185304524622,40.69038798724445],[-74.00196321992863,40.690136379460775],[-74.00297565436566,40.69042657592073],[-74.0034092162452,40.68961326116014],[-74.0038203891973,40.68892964419675],[-74.00459270521772,40.68821522298663],[-74.00500373315074,40.68760598540088],[-74.005629863304,40.68678420604366],[-74.00566680246703,40.68669807883382],[-74.00588224183232,40.68619576889363],[-74.00644146832336,40.68628849023215],[-74.00701988682658,40.68652641769667],[-74.00754474403941,40.68631824459362],[-74.00771707561822,40.68626442901835],[-74.00776833635145,40.68624913667157],[-74.00782695474203,40.68624062883432],[-74.00788712164156,40.68624579479343],[-74.0079344154301,40.68628194348119],[-74.007981841317,40.68627582209588],[-74.0081641459391,40.686174717161514],[-74.00842516151928,40.68601553244517],[-74.00851294257347,40.68596254908627],[-74.00860072436832,40.685909564654835],[-74.01092841268031,40.68449147254299],[-74.01193259977079,40.683887749154934],[-74.01262428290782,40.683468696391735],[-74.01282000398867,40.6836224164973],[-74.01486782800738,40.68238321404732],[-74.01508295187081,40.68225409932059],[-74.01532059864759,40.68211072878057],[-74.01520082279144,40.681979419930684],[-74.01678834016225,40.681021965794926],[-74.01684837002347,40.68098575898761],[-74.01746928903134,40.680614731700835],[-74.01757049494164,40.68065064812428],[-74.01764735085476,40.680601890841665],[-74.01772532572437,40.68066190267361],[-74.01899105471423,40.679904993703815],[-74.0189281398833,40.67984430561368],[-74.0190683342972,40.679760747976516],[-74.01928128102031,40.679648140595404],[-74.01941775990986,40.6796947216648],[-74.01955939822047,40.67974306274601],[-74.01984812278376,40.67984160501244],[-74.02039016995113,40.68002660401381],[-74.02111521215477,40.68027405349942],[-74.02832661932952,40.682734876655715],[-74.03034663905476,40.68342407465277],[-74.03139726637902,40.68378251191701],[-74.03268472018742,40.68422172756262],[-74.03337675353427,40.68445780713902],[-74.03391745407401,40.68464225689013],[-74.03457281029688,40.68486581453442],[-74.03200066934198,40.689459605602835],[-74.02621276809839,40.699794144582945],[-74.02591432133019,40.70161613198055],[-74.02535812437706,40.70473524473622],[-74.02500400888923,40.70671933722845],[-74.02500150195415,40.70673414030025],[-74.02425402448425,40.711147441446336],[-74.02402484440144,40.71250047282565],[-74.0239634387803,40.712885345167294],[-74.02393387797646,40.713037492437934],[-74.02379765725206,40.71372475511649],[-74.02378133516294,40.713804679899965],[-74.02377554852109,40.71383301643531],[-74.02376815065054,40.71386924499472],[-74.02376129167754,40.71390283070471],[-74.0237454756631,40.71398028066875],[-74.02366982918987,40.714350713887384],[-74.02244651412222,40.720340535075415],[-74.0216526269551,40.72421697545796],[-74.02168932180253,40.725470026531646],[-74.02151429561258,40.72748578687857],[-74.02150587999,40.727560062557366],[-74.02148716897018,40.72764239885765],[-74.02130056649008,40.72761499367073],[-74.02102306501536,40.727574238365875],[-74.02076738495731,40.727536687096084],[-74.02030871576648,40.72746932201358],[-74.0198171624164,40.72739712511143],[-74.01954263506836,40.72735680263537],[-74.01924291489152,40.72731277836338],[-74.01762505472149,40.72707512910327],[-74.01718937999252,40.72701112842258],[-74.01514325523314,40.72671052678197],[-74.01174477677962,40.72626993495781],[-74.0115743063666,40.72622474062707],[-74.01158194063746,40.72617103483202],[-74.0112689315631,40.72613415658441],[-74.01108885963123,40.72611360815875],[-74.01097293876414,40.72609537594547],[-74.01086996865864,40.72608471409624],[-74.00992203966537,40.725986905810664],[-74.00910673607584,40.72591405870595],[-74.00885838546756,40.72588991704921],[-74.00836102239059,40.72584146163445],[-74.00757059064222,40.72576375831148],[-74.00755734184445,40.72584022974618],[-74.0064866482789,40.72573972660444],[-74.00578122230043,40.725673505207496],[-74.00455193477922,40.725558816322064],[-74.00403067928829,40.72551249602763],[-74.00384966327584,40.72595678781401],[-74.0037301751627,40.72625005856308],[-74.00344491416622,40.726958816426496],[-74.00336224347839,40.727166105614636],[-74.00333124278443,40.727250660392976],[-74.00317136489282,40.727665119765014],[-74.00304102354134,40.72792082922007],[-74.00281726639143,40.72836312930411],[-74.00272009727811,40.72832281552368],[-74.00262399616723,40.728278642493635],[-74.0024226474445,40.72817553796019],[-74.00214891520805,40.72803536650201],[-74.00139033536432,40.727660002092854],[-74.00063239190523,40.727286612660805],[-73.9999157921724,40.72693471343448],[-73.99911824717665,40.726542313089816],[-73.99836119306707,40.72616746826305],[-73.99761019591818,40.72579713809988]]]]},"properties":{":id":"row-cyec-4d5v_hi69",":version":"rv-7ye8.hn4f.zmfz",":created_at":"2025-11-24T21:48:59.646Z",":updated_at":"2025-11-24T21:48:59.646Z","coun_dist":"1","shape_leng":"70523.1830339","shape_area":"159038376.846"}},
{"type":"Feature","geometry":{"type":"MultiPolygon","coordinates":[[[[-73.93539740360548,40.72590686792595],[-73.93676382405536,40.72483891922312],[-73.93677752037408,40.724799029762316],[-73.93678291733228,40.72475800676924],[-73.93677988428165,40.7247168434353],[-73.93676849499305,40.724676535920906],[-73.93674902479658,40.72463806048081],[-73.9367219450906,40.724602348628],[-73.93670395915413,40.724573734800515],[-73.93668065418785,40.72454743592543],[-73.93665253370229,40.724524020190806],[-73.9366202052455,40.72450399349389],[-73.9365843672769,40.7244877885112],[-73.9365457941694,40.724475755109275],[-73.93650531914376,40.72446815353776],[-73.93646381667654,40.724465148031115],[-73.93642218344192,40.72446680352422],[-73.93638131893931,40.72447308424967],[-73.93630795825948,40.72444010659375],[-73.93622479403682,40.72434872983573],[-73.93617410970471,40.72426692340094],[-73.93652269506674,40.724174367665775],[-73.93686808131632,40.72407511361795],[-73.93721004665815,40.72396922446783],[-73.93754837035193,40.72385676905758],[-73.93774281957735,40.723796233227326],[-73.93793463937332,40.723731022595075],[-73.93812363550114,40.723661202801715],[-73.93830961681016,40.72358684486278],[-73.93853329586044,40.72348410287182],[-73.93875522085081,40.7233791827084],[-73.93897535528116,40.723272101447016],[-73.93919366280859,40.723162877195065],[-73.93929997825177,40.7231090015673],[-73.93973897331617,40.72287394650901],[-73.94009499044846,40.72268200906542],[-73.94014994956294,40.72265097901974],[-73.9401844943015,40.722630537093266],[-73.9402667143011,40.72257451476323],[-73.94058956143805,40.722354532847],[-73.94105216874266,40.722029282320605],[-73.9414439262226,40.72173891487358],[-73.94165128949481,40.721597684822804],[-73.9419108265771,40.72142091964887],[-73.94212169135962,40.721290550940395],[-73.94235959931063,40.721147705759414],[-73.94278178732284,40.72091296484977],[-73.94313693700093,40.720711267634435],[-73.94358843563629,40.72045484920024],[-73.94426677114926,40.72006960014938],[-73.94463546398374,40.7198399044125],[-73.94543510428639,40.71934171974691],[-73.94552301620823,40.719286983113825],[-73.94594605418187,40.719027150677526],[-73.94609895419153,40.71893386534175],[-73.94614231285448,40.718907411866276],[-73.94664066651795,40.71861512761074],[-73.9467541987758,40.718609222415864],[-73.94690692528957,40.718593182895],[-73.94721341876804,40.71856098611867],[-73.94767332918983,40.71852067131912],[-73.9484163860506,40.71845553312313],[-73.95006542804686,40.71830016566764],[-73.94994816412405,40.71758977365768],[-73.9498651528605,40.717099499583796],[-73.9498313379009,40.71690114456735],[-73.9498235815595,40.71685694725609],[-73.94980374655704,40.71674497820386],[-73.94979411866392,40.71669038569941],[-73.94978166306522,40.716618564666135],[-73.94975932790696,40.716480587299806],[-73.9503180925963,40.71610700102264],[-73.95143500721778,40.715284528563814],[-73.95177587623864,40.71502156008075],[-73.95237803620569,40.714511774798154],[-73.95291049798605,40.7140609866411],[-73.95303149420035,40.714062846533736],[-73.95316497602765,40.71406509836667],[-73.95325272975522,40.71406562974638],[-73.95348472164814,40.71407020807868],[-73.95335294570273,40.71418365561221],[-73.95275381335689,40.71473599105718],[-73.95386524502366,40.71543262646808],[-73.95518609691698,40.716252117277094],[-73.95643900199391,40.717032421467486],[-73.9577254405959,40.71783430137444],[-73.95900820520637,40.71863643555466],[-73.95983101992759,40.7191469813512],[-73.96043372541656,40.71952093739712],[-73.96102862334175,40.718967678715714],[-73.96161969975589,40.718416845960846],[-73.96221774070924,40.71786034816897],[-73.96285072656404,40.71727116078527],[-73.96339166147071,40.71676539181942],[-73.96385167664384,40.716339137007424],[-73.96447229927638,40.71573310645904],[-73.96480129494701,40.715046730118914],[-73.96514169384415,40.71428957710375],[-73.96550340123984,40.713483791628384],[-73.96578154905708,40.712860974029894],[-73.96614281336686,40.712057446875356],[-73.96618170120584,40.71197574349751],[-73.96620870849438,40.71191831948925],[-73.96623150517848,40.71187177277216],[-73.96624701917833,40.71182913634066],[-73.96626357872202,40.71179340601114],[-73.96630721484817,40.711695629596505],[-73.96634745673214,40.71160992014695],[-73.96644645660022,40.71137812752312],[-73.96677741865558,40.710626918296704],[-73.96694917820899,40.709864595108954],[-73.96710408101087,40.70905426893203],[-73.96723602010242,40.70834848689387],[-73.9673827499525,40.70763733171515],[-73.96741762213506,40.707446325193146],[-73.96728890236419,40.7070020031405],[-73.96702061585643,40.7062839132699],[-73.96672681947965,40.705523535003586],[-73.96670176962361,40.70542983057421],[-73.96666920854489,40.70533747305637],[-73.96662925908495,40.70524681079485],[-73.9665820719503,40.705158185738995],[-73.96652782539967,40.705071932071604],[-73.9664667237532,40.70498837519961],[-73.96639899749252,40.704907830273484],[-73.96632490208249,40.70483060108251],[-73.9656903539448,40.70425937191508],[-73.9651635057144,40.703782987037336],[-73.96514475199501,40.70376603079302],[-73.96510222001518,40.70372757041936],[-73.96508044401766,40.70370787937211],[-73.96505896441101,40.703688456454145],[-73.96488633032727,40.70353417990814],[-73.96486587044728,40.70351524527142],[-73.96442533478863,40.70312220058141],[-73.96429132384058,40.703208926608404],[-73.96422277502101,40.70325328813175],[-73.96415800399612,40.70329520589872],[-73.96366781875962,40.70361434143346],[-73.96254196233087,40.70435564897054],[-73.96186811264374,40.70478667913785],[-73.96015233533493,40.70589770789441],[-73.95855022794505,40.706881122064004],[-73.95845576794646,40.70725184744564],[-73.95830681195675,40.7072271285742],[-73.95805388127232,40.70698663545322],[-73.95800403301243,40.70693923273716],[-73.95794029944959,40.706881117096074],[-73.95777203828752,40.70718389793221],[-73.95708991502411,40.70714067262645],[-73.95671584359377,40.707111419880746],[-73.95569825069894,40.707041314660195],[-73.95474261623211,40.706970542481294],[-73.95442448132269,40.70667326439801],[-73.9541286196352,40.70691952682976],[-73.95337878068919,40.70685629300834],[-73.9529138869202,40.70670031093011],[-73.9525150381166,40.70655858750629],[-73.9522995549284,40.70649029376451],[-73.95191055699286,40.70636007892383],[-73.95108529937005,40.705912951736956],[-73.95095606182487,40.705842936406086],[-73.95023693757913,40.70547324665456],[-73.94983788658885,40.70522902156309],[-73.94947068399546,40.70501901928349],[-73.94925335721452,40.70489593076173],[-73.94866498905374,40.70456507443123],[-73.94854962741941,40.70450043148245],[-73.94814066142716,40.70427125438658],[-73.94785367275422,40.70411138320622],[-73.94705205297485,40.703663949842806],[-73.94625107780853,40.70320874795618],[-73.9458549911283,40.70298720677523],[-73.94544988192179,40.70276063597441],[-73.94463910154856,40.7023136946746],[-73.94431460162842,40.70213334535217],[-73.94400504048726,40.701961792197245],[-73.9438247380718,40.701862007878645],[-73.94322686012316,40.70152070914578],[-73.94306406911878,40.70142443509217],[-73.94233398355593,40.70097312897467],[-73.94220058705265,40.70089066746779],[-73.9419307888223,40.700725234695845],[-73.94372352822886,40.70050583573049],[-73.9443878859649,40.700424523782615],[-73.94461766111529,40.70040530041987],[-73.9463155753173,40.700214952761854],[-73.94712762146762,40.70012281088417],[-73.94724808771964,40.70010490924678],[-73.9481322539084,40.70000627331895],[-73.94979379348615,40.69982331492614],[-73.9500909471545,40.699790593237765],[-73.95101112102586,40.699677985896656],[-73.95137278648164,40.699633724601334],[-73.95153738930428,40.69961357934803],[-73.95177257901098,40.69958479492673],[-73.95195162310978,40.69956288151996],[-73.95254800177906,40.69949477714118],[-73.95337000736592,40.69940454065294],[-73.9533526361969,40.699318775562105],[-73.95329328017955,40.69902571795991],[-73.95323669033023,40.698746316756996],[-73.95320648631348,40.698597187264006],[-73.95318049579502,40.69846886318172],[-73.95313747761298,40.69825646444654],[-73.95309865152143,40.69806476388883],[-73.95299166448387,40.69753651114704],[-73.95296882221517,40.69742372644412],[-73.95292439169575,40.69720434481937],[-73.95277807831796,40.69646501238853],[-73.95274629816285,40.69630442271084],[-73.95272293331719,40.69618635793464],[-73.95269863446688,40.69606357117718],[-73.95265284432404,40.69583218484498],[-73.95262192822804,40.69567596023306],[-73.95259688933105,40.695549434768274],[-73.95248890935255,40.695003772035825],[-73.95234079123016,40.69426304811865],[-73.95219797394122,40.693548140272156],[-73.95218328057688,40.69347385519726],[-73.9520798072726,40.692942830510155],[-73.95205077743464,40.69279366004648],[-73.95190188120658,40.692062318241064],[-73.9518300199215,40.69170174082236],[-73.95175747249823,40.69132931216257],[-73.9535661545745,40.691121289973346],[-73.95446646269275,40.69101683850659],[-73.9554105801563,40.69090829188618],[-73.95635602958276,40.69079978191736],[-73.9572724917864,40.690693478354326],[-73.95808563501824,40.690601464228145],[-73.95818048749942,40.69059073040577],[-73.95857844775936,40.69054569485762],[-73.95886713625438,40.69051224801482],[-73.9589933049186,40.69049762936288],[-73.95928133730644,40.69046425696959],[-73.95934862389824,40.69045646091085],[-73.95942791386581,40.690447274714145],[-73.95957591913164,40.69042998753883],[-73.96008336800442,40.69037071570725],[-73.96013760800457,40.690364380358886],[-73.96029281668113,40.69034624991546],[-73.96073858361329,40.6924239053025],[-73.96109264168119,40.69401050418677],[-73.96158556117244,40.69620748840591],[-73.96264337548163,40.69608821254771],[-73.96280217456469,40.69608377011557],[-73.96296040868098,40.69607265743322],[-73.96311759453256,40.69605490844232],[-73.9632732522062,40.69603057664499],[-73.9634269060379,40.69599973704593],[-73.96357808672155,40.69596248383931],[-73.96366013235357,40.69594139742135],[-73.96374433734178,40.69592601336051],[-73.96383001979015,40.695916455928085],[-73.96391648439881,40.69591280314902],[-73.96417794720384,40.695901676242414],[-73.96435223489125,40.69593124046683],[-73.96451307452385,40.69596473131042],[-73.96452730176284,40.69602024370299],[-73.96455070532537,40.696107591627474],[-73.96487573333417,40.69771433173294],[-73.96577476267315,40.697635780488866],[-73.96674228610833,40.697672138626416],[-73.96772744689757,40.69771762431755],[-73.96873949273461,40.697759850809824],[-73.969727898821,40.69780401438261],[-73.97077314951652,40.697840801490266],[-73.9712028117315,40.697857989874684],[-73.97180794061258,40.697885068028775],[-73.9727947779885,40.69792083822959],[-73.9733237859834,40.69793965056515],[-73.97379870981464,40.69796045028812],[-73.9747866381031,40.69800481121005],[-73.97519315230099,40.69802218719007],[-73.97578275822603,40.698047729833974],[-73.97678642620703,40.69808694754955],[-73.97753101697805,40.69811581267942],[-73.97808892784829,40.698138325176],[-73.98054419183876,40.6982465122522],[-73.98048604235419,40.69927922813117],[-73.98048077903664,40.69937271448605],[-73.98046217266938,40.69970315817086],[-73.98044078556377,40.700183630891644],[-73.9804174380492,40.70051766434038],[-73.98040482546287,40.700699006737636],[-73.98042370304945,40.700767177980275],[-73.98044857663872,40.70083422551488],[-73.98047933306242,40.70089984424476],[-73.98051583238161,40.70096373557411],[-73.98055790852308,40.701025608766706],[-73.98060537013941,40.70108518228479],[-73.9806580011675,40.70114218501774],[-73.98071556212186,40.701196357573686],[-73.98077779108135,40.70124745343891],[-73.98084440488105,40.701295240099725],[-73.98170933566465,40.70131017998399],[-73.98181634804286,40.701314730728825],[-73.98190679492048,40.70131857783745],[-73.98198891392539,40.70132206992218],[-73.98236982910643,40.70133826930813],[-73.98245757426663,40.70134200014381],[-73.98266033073615,40.70135062199819],[-73.98276444863414,40.70135504963313],[-73.98285024817616,40.701358697622226],[-73.98338952065578,40.70138146659606],[-73.98351899062351,40.70138693185234],[-73.98476085666294,40.701439354544746],[-73.98479205964607,40.70103781419195],[-73.98479751712281,40.70096757744955],[-73.98482787036383,40.70057697932668],[-73.98544715580434,40.70059289061754],[-73.98529224418155,40.700485575262576],[-73.98522285008738,40.70043485236233],[-73.98505652797654,40.700300577744436],[-73.98489917784771,40.70016018931701],[-73.98475136131638,40.70001420485008],[-73.98458766914023,40.69986978746098],[-73.98453235687957,40.69982365643917],[-73.98386939241335,40.6997908972869],[-73.98367669452433,40.69979115173266],[-73.9835524895573,40.699790333605435],[-73.98302052801127,40.69978809843956],[-73.98293216786801,40.69977147621638],[-73.98293646446143,40.6997212876996],[-73.98295202716321,40.69953951456019],[-73.98295664208862,40.69948560698326],[-73.98304623720816,40.69843912244324],[-73.98305147125492,40.698377933540435],[-73.98305797554389,40.69829607731829],[-73.98311794105986,40.69754204261729],[-73.98227354317851,40.69750630069856],[-73.98235115527439,40.69622701761413],[-73.98237499341352,40.69610124560311],[-73.98263326543949,40.69604427380742],[-73.98283786420258,40.6960571099528],[-73.98320737873557,40.696077777693795],[-73.98412735102545,40.6961106149435],[-73.98447248512129,40.69611914443615],[-73.98443038553314,40.69603078902383],[-73.98438102132967,40.69594096590766],[-73.98416734265545,40.695557885626286],[-73.9840048786809,40.69524134202618],[-73.9837995266719,40.69483589292669],[-73.98334960155472,40.69394148387818],[-73.98321890112811,40.69368958296061],[-73.98318137653088,40.69361298966064],[-73.9831569735225,40.69356047915733],[-73.98282537839376,40.692807617007816],[-73.9825668061885,40.69229517529467],[-73.9824235766694,40.692049261129625],[-73.98235800684058,40.69191552484995],[-73.98224328260149,40.6916815276898],[-73.98206215661268,40.69131209157434],[-73.98142302113347,40.689985794346846],[-73.98139773209193,40.68992867043448],[-73.98099479996002,40.68916787191595],[-73.98086822106865,40.68892886763367],[-73.98083375264171,40.688863784507845],[-73.9807684344991,40.68875227217618],[-73.98063728969352,40.68853498294989],[-73.98064972139817,40.68845947755342],[-73.9801275616302,40.68775000862219],[-73.97984055876026,40.687344331546164],[-73.9795903772622,40.68700390185284],[-73.97936297664779,40.68668200071499],[-73.97909065785214,40.686293866153946],[-73.97899402928158,40.686156132375686],[-73.97827416053144,40.68519595177164],[-73.97807729640682,40.68491493988754],[-73.9783886256169,40.68442334154643],[-73.97842970688984,40.68435561266225],[-73.97876022462926,40.683765444483164],[-73.97918390577766,40.68312883797287],[-73.97961680085257,40.68249126971068],[-73.97968897224528,40.68252197286149],[-73.98199244072902,40.683418142414745],[-73.98395292782652,40.684181429202745],[-73.98611912237091,40.685024330008154],[-73.98828293729366,40.68586678562212],[-73.9887115609878,40.685224618479666],[-73.99090003264861,40.68608821917146],[-73.99360423213145,40.68712723004817],[-73.9933382296489,40.68767879743648],[-73.9932683000288,40.687824451828476],[-73.99300451710874,40.688364635537376],[-73.99292889021899,40.688519421622566],[-73.99268552762909,40.68903324653125],[-73.99262286086659,40.689160548836014],[-73.99236367043248,40.68969012377701],[-73.99436092830202,40.690239480084365],[-73.99623278100582,40.69075777458638],[-73.99776924445038,40.69119469786078],[-73.99803048644992,40.691253722876255],[-73.9984527178269,40.69136998347758],[-73.99893829000436,40.691495145034494],[-73.99910057338587,40.69153697449648],[-73.99920161872036,40.69157183485024],[-73.99928819562555,40.691593959927125],[-73.9993654019507,40.691613078775475],[-73.9995127413904,40.69165145081147],[-73.99991517366627,40.691767230010356],[-74.00019040386195,40.69189644713021],[-74.00062303530208,40.692041490667535],[-74.00058547500593,40.69212586286184],[-74.0010471755208,40.692264597912235],[-74.00161727533748,40.69254907110412],[-74.00169989372672,40.69238276713661],[-74.0017436211104,40.69240674970551],[-74.00154172920259,40.69278596325275],[-74.00127014968672,40.69329606217634],[-74.0009586848302,40.69406908358223],[-74.00078295275675,40.69428651566463],[-74.00070104745139,40.69438785634227],[-74.00026872311757,40.694965802577954],[-73.99988214960378,40.69560519924565],[-73.99959546796508,40.69606503883665],[-73.9994614351467,40.69628002660434],[-73.9994197190206,40.69634693781854],[-73.99941302433207,40.69635767645331],[-73.99952373837482,40.696574826543454],[-73.99947406820606,40.696704134462024],[-73.99929468836194,40.69679512579408],[-73.99918199016864,40.69688518806478],[-73.99899604139195,40.69681227837299],[-73.99893968968655,40.69694094051582],[-73.99887207210419,40.69692378457418],[-73.99876458027707,40.69712073259143],[-73.99887117097654,40.69715757779842],[-73.99837760685773,40.698063295643536],[-73.99802102725111,40.69876173657382],[-73.99799957540132,40.69879768554431],[-73.9974989831,40.69963886932127],[-73.99736745811686,40.69963423492978],[-73.99716054243922,40.69979281264415],[-73.99718148446385,40.69999448496812],[-73.99717584355882,40.700105991966375],[-73.99724462871697,40.70014140989709],[-73.99669768997464,40.70087697691708],[-73.99661736129626,40.70098500803134],[-73.99649829067575,40.70114490802807],[-73.99628992163414,40.701425176037134],[-73.9962163946888,40.7015240736671],[-73.99538448382651,40.70264301006588],[-73.99526015183419,40.70281020953881],[-73.99513826840686,40.702974114722885],[-73.99506438491512,40.703100313653536],[-73.99504592748325,40.703131839799596],[-73.99502134649177,40.70314786924676],[-73.99480038274864,40.70329195864462],[-73.9946629034361,40.7034306085592],[-73.99485765933731,40.703566139028716],[-73.99499542533938,40.7036505637143],[-73.99488239968474,40.70378802583746],[-73.99476934191567,40.7039528949536],[-73.99471424235152,40.70399668906094],[-73.99477158125167,40.70404936037449],[-73.99479231460049,40.70406840563378],[-73.9947923129999,40.70408889470719],[-73.99477286228574,40.70410454169931],[-73.994698074708,40.70416470079733],[-73.99477614353458,40.704245861052385],[-73.99470229068407,40.704292531913595],[-73.99463603474435,40.70433440342863],[-73.99456979016928,40.70437626401654],[-73.99386341031881,40.70455600693045],[-73.99380687248414,40.70453961321415],[-73.99378155426497,40.70446894504638],[-73.99377457207805,40.7044494574088],[-73.99369336129281,40.704476129340435],[-73.99368792224483,40.70447791421157],[-73.99385266076528,40.70482946492915],[-73.99272220924216,40.7055438288379],[-73.99147964687512,40.705624753151035],[-73.990881773766,40.705124032087916],[-73.98999422729746,40.70516984856299],[-73.98970166233462,40.70515916702887],[-73.98958305342082,40.705154836668974],[-73.98942993422658,40.70514924807725],[-73.98930731978164,40.70514870535635],[-73.98923975577881,40.70514798103895],[-73.98795676557543,40.70513421741259],[-73.98726969367189,40.70517572069431],[-73.98692348455644,40.70516246248585],[-73.98687252217192,40.70515727744348],[-73.9868232284912,40.70514615211694],[-73.9867767915734,40.70512935464519],[-73.98673433062268,40.70510728987513],[-73.98669686901312,40.70508048960379],[-73.9866653096233,40.70504959976088],[-73.9866404130758,40.7050153648404],[-73.9866227794052,40.70497860995678],[-73.98652973012088,40.70497909917382],[-73.98642911608667,40.70506917993062],[-73.98643429892708,40.70534860741967],[-73.9847433000917,40.70554290726705],[-73.98402149848945,40.70559863456473],[-73.98343806287949,40.7056440948479],[-73.98342627543231,40.7055772213495],[-73.98340650330286,40.70546637066046],[-73.98336819944146,40.70546106507661],[-73.98326398738244,40.70548506666065],[-73.98308639158824,40.70547709070225],[-73.98308986565951,40.705511541825885],[-73.9828355220131,40.705555807398106],[-73.98274161885993,40.705572441532716],[-73.98274508124663,40.705552709869416],[-73.9827485936769,40.7055326917421],[-73.98245956872238,40.70550879722537],[-73.98245898641551,40.70554241497244],[-73.98237340572007,40.70554335043767],[-73.98232944216603,40.70555203366406],[-73.98092510311987,40.70536925520054],[-73.98090864629846,40.70590794381195],[-73.98074070494954,40.7058551598704],[-73.98022004252581,40.70585107622357],[-73.98023715381456,40.70576328355986],[-73.97955918553285,40.70574361524998],[-73.97955579999737,40.7057702152752],[-73.9793286532596,40.70576543335501],[-73.97927983185266,40.70578948197433],[-73.97927336342906,40.705917135302265],[-73.97921391769955,40.70590664023327],[-73.97918270866974,40.70596521497333],[-73.97905049904112,40.70596696359166],[-73.97896822164252,40.706020838710735],[-73.97888959576669,40.70607621028999],[-73.97873594194512,40.70614378723975],[-73.97861972366385,40.70618798114291],[-73.97851935532452,40.70622413893136],[-73.97841898361351,40.706268335084914],[-73.97547224859575,40.707492413059065],[-73.9750201278999,40.70773587625591],[-73.97426266815329,40.70829338222806],[-73.9727890957032,40.70937792091113],[-73.97232032139803,40.70908288380681],[-73.97031759983966,40.70733176308984],[-73.96962252184912,40.70762758855525],[-73.96984864823537,40.70800304168772],[-73.96988899468916,40.708574872067196],[-73.96994196698674,40.70930205335399],[-73.96961485767477,40.71014774918192],[-73.96960541330354,40.71027084387475],[-73.96968584951003,40.71032173148365],[-73.96999269235563,40.710382051245986],[-73.97000849568265,40.71038561903291],[-73.9700232632793,40.710391192508304],[-73.97003655928339,40.71039860717243],[-73.97004799126601,40.71040764418323],[-73.97005722181405,40.71041803681546],[-73.97006397848881,40.710429478332856],[-73.97006806186711,40.710441631041334],[-73.97006935142734,40.71045413625606],[-73.9700678091068,40.710466624887765],[-73.97006348042522,40.710478728336405],[-73.97005649314163,40.710490089370424],[-73.97004705348348,40.710500372670346],[-73.97003544006022,40.7105092747257],[-73.97002199564005,40.7105165327932],[-73.97000711703338,40.71052193265164],[-73.96999124338079,40.71052531492459],[-73.96997484319184,40.71052657978457],[-73.96995840051693,40.7105256898993],[-73.9699424006605,40.71052267153369],[-73.9696618647883,40.710499724137065],[-73.96963106127464,40.71065694598794],[-73.96977460856843,40.710686254423806],[-73.96978236017995,40.71070640274091],[-73.96978568135049,40.710727244067925],[-73.96978448281139,40.71074821824361],[-73.9697787967721,40.71076876153561],[-73.96976877605499,40.710788321792066],[-73.96975468998818,40.71080637328221],[-73.96973691716714,40.71082243082674],[-73.96971593527918,40.710836062838304],[-73.96969230826447,40.710846902921716],[-73.96941809313222,40.71093812726213],[-73.96937430020628,40.711020666565624],[-73.96990773093626,40.711268121838856],[-73.96931038510043,40.711107852881455],[-73.96923492997324,40.711240541941024],[-73.96929101618221,40.711270199815125],[-73.96923352739962,40.71143313278901],[-73.96914483225518,40.711456995050014],[-73.9690958002747,40.71156311360328],[-73.96907978657639,40.71162344247674],[-73.96888473220845,40.712176859233395],[-73.96886591557372,40.71223189865527],[-73.96881612079872,40.71225194770656],[-73.96886537577407,40.7122723596267],[-73.96883817664548,40.71238964192897],[-73.96894079301853,40.71241877295056],[-73.968924663432,40.71246342693504],[-73.96890597263099,40.71250677653028],[-73.96889595072803,40.71252831477693],[-73.96887248523551,40.71257874393899],[-73.96884020603514,40.712633248484764],[-73.96882449787837,40.71266061763726],[-73.9688069333312,40.71270862091711],[-73.96878386342081,40.71275652670831],[-73.96873194822179,40.71274056991463],[-73.96872243615427,40.71273764582773],[-73.96871698783309,40.71274694527739],[-73.9686660580002,40.71285719349174],[-73.96854388242609,40.71282070144498],[-73.96849847554336,40.71280690373671],[-73.96846973347043,40.71282470934617],[-73.96847298005639,40.712853428211524],[-73.96844232000483,40.71293843489035],[-73.96855971786002,40.71298731067328],[-73.96850672619524,40.713105471889456],[-73.96884924904168,40.71321254596052],[-73.96839125213894,40.71426191867403],[-73.96800830687327,40.71512072380608],[-73.96765448249141,40.715869109222815],[-73.96736391699473,40.716483679055266],[-73.96724034462171,40.716587886058655],[-73.96725983466467,40.716670975055784],[-73.96710504006269,40.71690839325445],[-73.96725113740355,40.716986666609124],[-73.96674727829387,40.717737766453425],[-73.96659690332669,40.71796798139027],[-73.96656241897496,40.71801586680628],[-73.96655195195868,40.71803845208218],[-73.9665366620753,40.718034359648655],[-73.9665274666156,40.71803189818383],[-73.96651263089429,40.71805161328845],[-73.96631330191009,40.718316541409955],[-73.96621630102892,40.71826437243174],[-73.96619833940325,40.71825471225204],[-73.96614194192269,40.71830361821181],[-73.96575996533477,40.718689034779324],[-73.96574267142833,40.71870687727458],[-73.96552429693033,40.718919342001],[-73.96511950416198,40.719226894500004],[-73.9651781129707,40.71926709611945],[-73.9652310679788,40.71931160807107],[-73.96527782439092,40.71935997243063],[-73.96531790117768,40.719411691640566],[-73.96535088602468,40.71946623362851],[-73.96537643957474,40.719523037280794],[-73.96539429891975,40.719581518214916],[-73.96540428030612,40.71964107479136],[-73.96540628102598,40.719701094303055],[-73.96540028047475,40.719760959278595],[-73.96538634036392,40.71982005383489],[-73.9653710293561,40.71989685988013],[-73.96534768062135,40.71997248586584],[-73.96531644421417,40.720046445681504],[-73.96527752089152,40.72011826392485],[-73.96523116082295,40.72018747895785],[-73.96517766198312,40.72025364587411],[-73.96511736823689,40.720316339358924],[-73.96503278394155,40.72037706947516],[-73.96447946289155,40.72003618825582],[-73.96438190889278,40.72013942466047],[-73.96433359736773,40.72020831968047],[-73.96444754919652,40.72027697390605],[-73.96433475464111,40.72038653891126],[-73.96439735661652,40.720441834426545],[-73.96436107956328,40.720477239877184],[-73.9642746249727,40.72057576759393],[-73.96424069706491,40.72061223099661],[-73.96420193098578,40.72065389425702],[-73.96406591310317,40.72079991096264],[-73.96402617524582,40.72088089306878],[-73.96399793724463,40.720938438072785],[-73.9635595842425,40.721539487468455],[-73.96353855414516,40.72157337851438],[-73.96343759552926,40.721559095162355],[-73.96341522820944,40.72158162744532],[-73.96296566403016,40.722034477122925],[-73.96275665488727,40.72239901512633],[-73.96225346320189,40.72353229754628],[-73.96223504964324,40.72357025926525],[-73.96207271943857,40.723880300905556],[-73.96200744865075,40.72399190160803],[-73.96190256180009,40.72409829048116],[-73.96189426778245,40.72410670210133],[-73.96165984301348,40.724860454463084],[-73.96211461566836,40.72514806339893],[-73.9619023964313,40.72532050081114],[-73.96176070350782,40.725228792110784],[-73.96161518901998,40.7258655630743],[-73.96165280828099,40.72620392623112],[-73.96161717029824,40.72666142199126],[-73.96149920105312,40.726751091125294],[-73.9614182688696,40.72735617970494],[-73.96114159312467,40.72810372540458],[-73.9610168813666,40.728704440101765],[-73.96115093253611,40.72953620527326],[-73.9612826200821,40.73006102501034],[-73.96128450788372,40.73015906220423],[-73.96130143673088,40.73025294292472],[-73.96142843697933,40.730946392610235],[-73.96167446772442,40.73148125405535],[-73.96169848245741,40.731532341394825],[-73.96171289480729,40.7315661143477],[-73.96175495708391,40.73166467816533],[-73.96203458498626,40.732380370042385],[-73.96226340489365,40.73291555162374],[-73.96230391870556,40.73311366098222],[-73.9623406226022,40.73338922613055],[-73.96230837696731,40.73353232476641],[-73.96233177722954,40.733623024070305],[-73.96232850324637,40.733754341330034],[-73.96244683186815,40.73565544484746],[-73.96247584060224,40.736800798097285],[-73.9570598777079,40.739166594434906],[-73.95511821216857,40.73939618780132],[-73.95392212308914,40.73942834054952],[-73.95274851175981,40.73926249100615],[-73.95270993920663,40.7392602227815],[-73.95267129794118,40.739257950159995],[-73.95260236720874,40.739246413586564],[-73.95254005862446,40.73922826106867],[-73.95245443077786,40.73920471308639],[-73.95075119228991,40.738694976415644],[-73.95044067998356,40.73859661561338],[-73.94680755125245,40.73744566912756],[-73.94216327264331,40.73567823654219],[-73.94036816517414,40.7332693892644],[-73.94031451311584,40.73321749877073],[-73.94026756090614,40.73288021149801],[-73.93966003960504,40.73148681456056],[-73.93752479628257,40.729815232967205],[-73.93442537989542,40.728817789945744],[-73.93182484632901,40.728482073656956],[-73.93213397515774,40.72815960343371],[-73.93238176235398,40.727991027406894],[-73.93250662268419,40.72790834181657],[-73.93412337355873,40.726855471479524],[-73.93539740360548,40.72590686792595]]]]},"properties":{":id":"row-hv3r_tcmv.mnn2",":version":"rv-t6f4-idf4.p9qm",":created_at":"2025-11-24T21:48:59.646Z",":updated_at":"2025-11-24T21:48:59.646Z","coun_dist":"33","shape_leng":"99440.9460253","shape_area":"116888680.589"}}
] }
